Website section,Exact claim or implied claim,Claim type,Technology/system involved,Chemicals/materials involved,Unit operations involved,Bottleneck involved,Readiness/manufacturing issue involved,Needed evidence type,Evidence status,Best available sources,Source quality rating,Confidence level,Notes on uncertainty,Suggested revised wording if too strong
Overall thesis,"Frontier technologies do not become real through invention alone; they require scalable process systems, manufacturing systems, QA, utilities, supply chains, safety, and infrastructure.",design/philosophy claim + engineering inference,,,,,,"Chemical engineering, process intensification, manufacturing, and readiness framework sources",Supported as framing,"National Academies of Sciences, Engineering, and Medicine. 2022. New Directions for Chemical Engineering. (https://www.nationalacademies.org/read/26342/chapter/2) | National Academies of Sciences, Engineering, and Medicine. 2020. Deployment of Deep Decarbonization Technologies. (https://www.nationalacademies.org/read/25656/chapter/6) | RAPID Manufacturing Institute / AIChE. Rapid Advancement in Process Intensification Deployment. (https://rapid.aiche.org/) | U.S. Department of Energy. 2022. Industrial Decarbonization Roadmap. (https://www.osti.gov/biblio/1961393) | National Academies of Sciences, Engineering, and Medicine. 2024. Options for a National Plan for Smart Manufacturing. (https://www.nationalacademies.org/publications/27260)",Tier 1 preferred; Tier 2 supplemental,Medium-High,"Supported as a cross-domain engineering lens, not as a quantitative law.","Frontier technologies usually require scalable process systems, manufacturing, QA, utilities, supply chains, safety, and infrastructure before broad deployment."
Readiness frameworks,"A promising prototype can have a high technical-readiness narrative while still facing manufacturing, integration, reliability, and infrastructure readiness gaps.",readiness/economics claim,,,,,,"TRL, MRL, IRL sources",Supported,"NASA. 2023. Technology Readiness Levels. (https://www.nasa.gov/directorates/somd/space-communications-navigation-program/technology-readiness-levels/) | U.S. Government Accountability Office. 2020. Technology Readiness Assessment Guide, GAO-20-48G. (https://www.gao.gov/assets/gao-20-48g.pdf) | U.S. Department of Defense. 2016. Manufacturing Readiness Level Deskbook, version 2.5. (https://dodmrl.com/workshop2016/MRL_Deskbook_V2.5%20September%202016.pdf) | Fernandez, J. A. 2010. Contextual Role of TRLs and MRLs in Technology Management. Sandia National Laboratories / OSTI. (https://www.osti.gov/servlets/purl/1002093) | Sauser, B., et al. 2009. Defining an Integration Readiness Level for Defense Acquisition. INCOSE / Systems Engineering context. (https://web.mst.edu/lib-circ/files/special%20collections/INCOSE/Defining%20an%20Integration%20Readiness%20Level%20for%20Defense%20Aquisition.pdf)",Tier 1 preferred; Tier 2 supplemental,High,"TRL/MRL/IRL frameworks directly support separating technical, manufacturing, and integration maturity.",Separate technical readiness from manufacturing and integration readiness.
Visible product vs hidden process system,"Visible products such as air taxis, smart buildings, fusion plants, vertical farms, artificial organs, and space habitats imply hidden process systems for materials, energy, fabrication, QA, maintenance, regulation, and infrastructure.",engineering inference,,,,,,Domain-specific infrastructure/manufacturing sources,Supported as cross-domain framing,"Federal Aviation Administration. 2023. Advanced Air Mobility Implementation Plan: Innovate28. (https://www.faa.gov/sites/faa.gov/files/AAM-I28-Implementation-Plan.pdf) | U.S. Department of Energy Building Technologies Office. 2023. Better Windows, Better Outcomes: How Electrochromics Improve Health, Productivity, and Efficiency. (https://www.energy.gov/sites/default/files/2023-12/bto-electrochromic-window-report-121123.pdf) | Fusion Energy Sciences Advisory Committee. 2020. Powering the Future: Fusion & Plasmas. (https://science.osti.gov/-/media/fes/fesac/pdf/2020/202012/FESAC_Report_2020_Powering_the_Future.pdf) | Dohlman, E., C. Weber, and Y. Lee. 2024. Trends, Insights, and Future Prospects for Production in Controlled Environment Agriculture and Agrivoltaics. USDA ERS. (https://ers.usda.gov/sites/default/files/_laserfiche/publications/108221/EIB-264.pdf) | Ikada, Y. 2006. Challenges in tissue engineering. Journal of the Royal Society Interface. (https://pmc.ncbi.nlm.nih.gov/articles/PMC1664655/) | NASA. 2025. Environmental Control and Life Support Systems (ECLSS). (https://www.nasa.gov/reference/environmental-control-and-life-support-systems-eclss/)",Tier 1 preferred; Tier 2 supplemental,Medium,Individual examples vary in maturity and need card-specific verification.,"Visible product concepts often depend on hidden process systems for materials, energy, fabrication, QA, maintenance, regulation, and infrastructure."
Atmospheric water harvesting,"Sorbent capture, regeneration/desorption, condensation, purification, and storage form a plausible PFD for atmospheric water harvesting; low humidity and energy demand are major constraints.",factual technical claim + process-flow assumption,Atmospheric water harvesting,,Adsorption; Heat exchange; Condensation; Filtration,Energy intensity; low-humidity performance; sorbent cost,Lab and prototype evidence; economics and field reliability require caution,Peer-reviewed AWH review/demonstration sources,"Supported, economics need caution","Ahrestani, Z., et al. 2023. An overview of atmospheric water harvesting methods. PMC / peer-reviewed review. (https://pmc.ncbi.nlm.nih.gov/articles/PMC10073925/) | Hanikel, N., Prévot, M. S., and Yaghi, O. M. 2020. MOF water harvesters. Nature Nanotechnology review context. (https://yaghi.berkeley.edu/pdfPublications/20MOFWaterHarvester.pdf) | Kim, H., et al. 2018. Adsorption-based atmospheric water harvesting device for arid climates. Nature Communications. (https://dspace.mit.edu/bitstreams/033e5912-c0bc-4914-abff-85923f31635e/download) | Ejeian, M., et al. 2021. Adsorption-based atmospheric water harvesting. Joule. (https://www.cell.com/joule/fulltext/S2542-4351(21)00178-1) | Chu, W., et al. 2024. Advancements in atmospheric water harvesting. Communications Engineering. (https://www.nature.com/articles/s44172-024-00324-y) | Wang, J., et al. 2023. Global water yield strategy for metal-organic-framework-based atmospheric water harvesting. Cell Reports Physical Science. (https://www.sciencedirect.com/science/article/pii/S2666386423005878)",Tier 1 preferred; Tier 2 supplemental,Medium-High,"Mechanisms are supported; economic competitiveness depends strongly on climate, sorbent, heat source, and system design.","Sorbent AWH can be represented as capture, regeneration, condensation, purification, and storage, but low humidity, heat input, sorbent durability, and cost constrain deployment."
Unit operations,"Separations, heat transfer, impurity control, deposition, recycle loops, process control, and QA often determine scale-up viability.",engineering inference,,,,,,"Separation, manufacturing, metrology, process-control sources",Supported as engineering lens,"Sholl, D. S.; Lively, R. P. 2016. Seven chemical separations to change the world. Nature 532, 435–437. DOI: 10.1038/532435a. (https://www.nature.com/articles/532435a) | U.S. Department of Energy. 2015. Bandwidth Study on Energy Use and Potential Energy Saving Opportunities in U.S. Chemical Manufacturing. (https://www.energy.gov/cmei/ito/articles/bandwidth-study-us-chemical-manufacturing) | National Institute of Standards and Technology. 2023. CHIPS Metrology Program. (https://www.nist.gov/chips/research-development-programs/metrology-program) | International Technology Roadmap for Semiconductors. 2015. Yield Enhancement. (https://www.semiconductors.org/wp-content/uploads/2018/06/5_2015-ITRS-2.0-Yield-Enhancement.pdf) | National Academies of Sciences, Engineering, and Medicine. 2024. Options for a National Plan for Smart Manufacturing. (https://www.nationalacademies.org/publications/27260) | Helu, M. M., et al. 2020. Connecting, Deploying, and Using the Smart Manufacturing Systems Test Bed. NIST. (https://www.nist.gov/publications/connecting-deploying-and-using-smart-manufacturing-systems-test-bed)",Tier 1 preferred; Tier 2 supplemental,Medium-High,Specific bottlenecks vary by domain.,"Across many frontier systems, scale-up is often controlled by separations, heat transfer, impurity control, deposition, recycle loops, process control, and QA."
Scale-up pathways,"Common deployment levers include better materials, cheaper clean energy, stronger separations, process control, modular manufacturing, reliability testing, supply-chain redesign, infrastructure deployment, QA systems, permitting, and cost-down through learning.",engineering inference,,,,,,Cross-domain roadmaps and manufacturing sources,Supported as cross-domain pattern,"National Academies of Sciences, Engineering, and Medicine. 2020. Deployment of Deep Decarbonization Technologies. (https://www.nationalacademies.org/read/25656/chapter/6) | RAPID Manufacturing Institute / AIChE. Rapid Advancement in Process Intensification Deployment. (https://rapid.aiche.org/) | International Energy Agency. 2025. Global Critical Minerals Outlook 2025. (https://www.iea.org/reports/global-critical-minerals-outlook-2025) | National Institute of Standards and Technology. 2023. CHIPS Metrology Program. (https://www.nist.gov/chips/research-development-programs/metrology-program) | Sholl, D. S.; Lively, R. P. 2016. Seven chemical separations to change the world. Nature 532, 435–437. DOI: 10.1038/532435a. (https://www.nature.com/articles/532435a) | U.S. Department of Energy. 2022. Industrial Decarbonization Roadmap. (https://www.osti.gov/biblio/1961393)",Tier 1 preferred; Tier 2 supplemental,Medium,This is a synthesis across sources; each domain needs its own evidence.,"Common deployment levers often include materials, clean energy, separations, process control, modularity, reliability testing, supply chains, infrastructure, QA, permitting, and cost-down through learning."
Chemical spine,Hydrogen is used as a recurring chemical/material node in future-system process architectures: ,factual technical claim + engineering inference,,Hydrogen,,,,"Production, supply-chain, emissions, and application sources",Starter sourced,International Energy Agency. 2024. Global Hydrogen Review 2024. (https://www.iea.org/reports/global-hydrogen-review-2024) | International Energy Agency. 2025. Global Hydrogen Review 2025. (https://www.iea.org/reports/global-hydrogen-review-2025) | U.S. Department of Energy. 2015. Bandwidth Study on Energy Use and Potential Energy Saving Opportunities in U.S. Chemical Manufacturing. (https://www.energy.gov/cmei/ito/articles/bandwidth-study-us-chemical-manufacturing),Tier 1 preferred; Tier 2 supplemental,Medium,"Starter sources support material relevance, but individual future-system links may need direct card evidence.",Use Hydrogen as a recurring material/chemical node where directly relevant to the card; avoid implying universal importance across all future systems.
Chemical spine,Carbon dioxide is used as a recurring chemical/material node in future-system process architectures: ,factual technical claim + engineering inference,,Carbon dioxide,,,,"Production, supply-chain, emissions, and application sources",Starter sourced,"International Energy Agency. 2024. Carbon Capture, Utilisation and Storage. (https://www.iea.org/energy-system/carbon-capture-utilisation-and-storage) | International Energy Agency. 2020. CCUS in Clean Energy Transitions. (https://www.iea.org/reports/ccus-in-clean-energy-transitions) | Driver, J. G., et al. 2024. Global decarbonization potential of CO2 mineralization in concrete materials. Nature Communications / PMC. (https://pmc.ncbi.nlm.nih.gov/articles/PMC11260098/)",Tier 1 preferred; Tier 2 supplemental,Medium,"Starter sources support material relevance, but individual future-system links may need direct card evidence.",Use Carbon dioxide as a recurring material/chemical node where directly relevant to the card; avoid implying universal importance across all future systems.
Chemical spine,Ammonia is used as a recurring chemical/material node in future-system process architectures: ,factual technical claim + engineering inference,,Ammonia,,,,"Production, supply-chain, emissions, and application sources",Starter sourced,International Energy Agency. 2021. Ammonia Technology Roadmap: Towards more sustainable nitrogen fertiliser production. (https://www.iea.org/reports/ammonia-technology-roadmap) | International Energy Agency. 2024. Global Hydrogen Review 2024. (https://www.iea.org/reports/global-hydrogen-review-2024),Tier 1 preferred; Tier 2 supplemental,Medium,"Starter sources support material relevance, but individual future-system links may need direct card evidence.",Use Ammonia as a recurring material/chemical node where directly relevant to the card; avoid implying universal importance across all future systems.
Chemical spine,Methanol is used as a recurring chemical/material node in future-system process architectures: ,factual technical claim + engineering inference,,Methanol,,,,"Production, supply-chain, emissions, and application sources",Starter sourced,"Ozkan, M., et al. 2024. Forging a sustainable sky: aviation e-fuels review. PMC / peer-reviewed review. (https://pmc.ncbi.nlm.nih.gov/articles/PMC10960063/) | U.S. Department of Energy. 2015. Bandwidth Study on Energy Use and Potential Energy Saving Opportunities in U.S. Chemical Manufacturing. (https://www.energy.gov/cmei/ito/articles/bandwidth-study-us-chemical-manufacturing)",Tier 1 preferred; Tier 2 supplemental,Medium,"Starter sources support material relevance, but individual future-system links may need direct card evidence.",Use Methanol as a recurring material/chemical node where directly relevant to the card; avoid implying universal importance across all future systems.
Chemical spine,Methane is used as a recurring chemical/material node in future-system process architectures: ,factual technical claim + engineering inference,,Methane,,,,"Production, supply-chain, emissions, and application sources",Starter sourced,"Muscatello, A. C., et al. 2012. Mars In Situ Resource Utilization Technology Evaluation. NASA NTRS. (https://ntrs.nasa.gov/api/citations/20120001775/downloads/20120001775.pdf) | U.S. Department of Energy. 2015. Bandwidth Study on Energy Use and Potential Energy Saving Opportunities in U.S. Chemical Manufacturing. (https://www.energy.gov/cmei/ito/articles/bandwidth-study-us-chemical-manufacturing)",Tier 1 preferred; Tier 2 supplemental,Medium,"Starter sources support material relevance, but individual future-system links may need direct card evidence.",Use Methane as a recurring material/chemical node where directly relevant to the card; avoid implying universal importance across all future systems.
Chemical spine,Syngas is used as a recurring chemical/material node in future-system process architectures: ,factual technical claim + engineering inference,,Syngas,,,,"Production, supply-chain, emissions, and application sources",Starter sourced,"Calderon, O. R., et al. 2024. Sustainable Aviation Fuel State-of-Industry Report. NREL. (https://docs.nrel.gov/docs/fy24osti/87802.pdf) | Ozkan, M., et al. 2024. Forging a sustainable sky: aviation e-fuels review. PMC / peer-reviewed review. (https://pmc.ncbi.nlm.nih.gov/articles/PMC10960063/)",Tier 1 preferred; Tier 2 supplemental,Medium,"Starter sources support material relevance, but individual future-system links may need direct card evidence.",Use Syngas as a recurring material/chemical node where directly relevant to the card; avoid implying universal importance across all future systems.
Chemical spine,Oxygen is used as a recurring chemical/material node in future-system process architectures: ,factual technical claim + engineering inference,,Oxygen,,,,"Production, supply-chain, emissions, and application sources",Starter sourced,"NASA. 2025. Environmental Control and Life Support Systems (ECLSS). (https://www.nasa.gov/reference/environmental-control-and-life-support-systems-eclss/) | Muscatello, A. C., et al. 2012. Mars In Situ Resource Utilization Technology Evaluation. NASA NTRS. (https://ntrs.nasa.gov/api/citations/20120001775/downloads/20120001775.pdf) | NASA. 2023. In-Situ Resource Utilization overview. (https://www.nasa.gov/overview-in-situ-resource-utilization/)",Tier 1 preferred; Tier 2 supplemental,Medium,"Starter sources support material relevance, but individual future-system links may need direct card evidence.",Use Oxygen as a recurring material/chemical node where directly relevant to the card; avoid implying universal importance across all future systems.
Chemical spine,Nitrogen is used as a recurring chemical/material node in future-system process architectures: ,factual technical claim + engineering inference,,Nitrogen,,,,"Production, supply-chain, emissions, and application sources",Starter sourced,International Energy Agency. 2021. Ammonia Technology Roadmap: Towards more sustainable nitrogen fertiliser production. (https://www.iea.org/reports/ammonia-technology-roadmap) | U.S. Department of Energy. 2015. Bandwidth Study on Energy Use and Potential Energy Saving Opportunities in U.S. Chemical Manufacturing. (https://www.energy.gov/cmei/ito/articles/bandwidth-study-us-chemical-manufacturing),Tier 1 preferred; Tier 2 supplemental,Medium,"Starter sources support material relevance, but individual future-system links may need direct card evidence.",Use Nitrogen as a recurring material/chemical node where directly relevant to the card; avoid implying universal importance across all future systems.
Chemical spine,Water is used as a recurring chemical/material node in future-system process architectures: ,factual technical claim + engineering inference,,Water,,,,"Production, supply-chain, emissions, and application sources",Starter sourced,"Ahrestani, Z., et al. 2023. An overview of atmospheric water harvesting methods. PMC / peer-reviewed review. (https://pmc.ncbi.nlm.nih.gov/articles/PMC10073925/) | NASA. 2025. Environmental Control and Life Support Systems (ECLSS). (https://www.nasa.gov/reference/environmental-control-and-life-support-systems-eclss/) | Sholl, D. S.; Lively, R. P. 2016. Seven chemical separations to change the world. Nature 532, 435–437. DOI: 10.1038/532435a. (https://www.nature.com/articles/532435a)",Tier 1 preferred; Tier 2 supplemental,Medium,"Starter sources support material relevance, but individual future-system links may need direct card evidence.",Use Water as a recurring material/chemical node where directly relevant to the card; avoid implying universal importance across all future systems.
Chemical spine,Sulfuric acid is used as a recurring chemical/material node in future-system process architectures: ,factual technical claim + engineering inference,,Sulfuric acid,,,,"Production, supply-chain, emissions, and application sources",Starter sourced,U.S. Geological Survey. 2025. Mineral Commodity Summaries 2025. (https://pubs.usgs.gov/publication/mcs2025) | U.S. Department of Energy. 2015. Bandwidth Study on Energy Use and Potential Energy Saving Opportunities in U.S. Chemical Manufacturing. (https://www.energy.gov/cmei/ito/articles/bandwidth-study-us-chemical-manufacturing),Tier 1 preferred; Tier 2 supplemental,Medium,"Starter sources support material relevance, but individual future-system links may need direct card evidence.",Use Sulfuric acid as a recurring material/chemical node where directly relevant to the card; avoid implying universal importance across all future systems.
Chemical spine,Sodium hydroxide is used as a recurring chemical/material node in future-system process architectures: ,factual technical claim + engineering inference,,Sodium hydroxide,,,,"Production, supply-chain, emissions, and application sources",Starter sourced,"U.S. Department of Energy. 2015. Bandwidth Study on Energy Use and Potential Energy Saving Opportunities in U.S. Chemical Manufacturing. (https://www.energy.gov/cmei/ito/articles/bandwidth-study-us-chemical-manufacturing) | Sholl, D. S.; Lively, R. P. 2016. Seven chemical separations to change the world. Nature 532, 435–437. DOI: 10.1038/532435a. (https://www.nature.com/articles/532435a)",Tier 1 preferred; Tier 2 supplemental,Medium,"Starter sources support material relevance, but individual future-system links may need direct card evidence.",Use Sodium hydroxide as a recurring material/chemical node where directly relevant to the card; avoid implying universal importance across all future systems.
Chemical spine,Chlorine is used as a recurring chemical/material node in future-system process architectures: ,factual technical claim + engineering inference,,Chlorine,,,,"Production, supply-chain, emissions, and application sources",Starter sourced,"U.S. Department of Energy. 2015. Bandwidth Study on Energy Use and Potential Energy Saving Opportunities in U.S. Chemical Manufacturing. (https://www.energy.gov/cmei/ito/articles/bandwidth-study-us-chemical-manufacturing) | Sholl, D. S.; Lively, R. P. 2016. Seven chemical separations to change the world. Nature 532, 435–437. DOI: 10.1038/532435a. (https://www.nature.com/articles/532435a)",Tier 1 preferred; Tier 2 supplemental,Medium,"Starter sources support material relevance, but individual future-system links may need direct card evidence.",Use Chlorine as a recurring material/chemical node where directly relevant to the card; avoid implying universal importance across all future systems.
Chemical spine,Silicon is used as a recurring chemical/material node in future-system process architectures: ,factual technical claim + engineering inference,,Silicon,,,,"Production, supply-chain, emissions, and application sources",Starter sourced,U.S. Geological Survey. 2025. Mineral Commodity Summaries 2025. (https://pubs.usgs.gov/publication/mcs2025) | National Institute of Standards and Technology. 2023. CHIPS Metrology Program. (https://www.nist.gov/chips/research-development-programs/metrology-program),Tier 1 preferred; Tier 2 supplemental,Medium,"Starter sources support material relevance, but individual future-system links may need direct card evidence.",Use Silicon as a recurring material/chemical node where directly relevant to the card; avoid implying universal importance across all future systems.
Chemical spine,Lithium is used as a recurring chemical/material node in future-system process architectures: ,factual technical claim + engineering inference,,Lithium,,,,"Production, supply-chain, emissions, and application sources",Starter sourced,International Energy Agency. 2025. Global Critical Minerals Outlook 2025. (https://www.iea.org/reports/global-critical-minerals-outlook-2025) | U.S. Geological Survey. 2025. Mineral Commodity Summaries 2025. (https://pubs.usgs.gov/publication/mcs2025) | EPRI / U.S. Department of Energy. 2024. Fusion Blankets Research Objectives. (https://www.energy.gov/articles/epri-fusion-blankets-report-2024),Tier 1 preferred; Tier 2 supplemental,Medium,"Starter sources support material relevance, but individual future-system links may need direct card evidence.",Use Lithium as a recurring material/chemical node where directly relevant to the card; avoid implying universal importance across all future systems.
Chemical spine,Sodium is used as a recurring chemical/material node in future-system process architectures: ,factual technical claim + engineering inference,,Sodium,,,,"Production, supply-chain, emissions, and application sources",Starter sourced,U.S. Geological Survey. 2025. Mineral Commodity Summaries 2025. (https://pubs.usgs.gov/publication/mcs2025) | U.S. Department of Energy. 2015. Bandwidth Study on Energy Use and Potential Energy Saving Opportunities in U.S. Chemical Manufacturing. (https://www.energy.gov/cmei/ito/articles/bandwidth-study-us-chemical-manufacturing),Tier 1 preferred; Tier 2 supplemental,Medium,"Starter sources support material relevance, but individual future-system links may need direct card evidence.",Use Sodium as a recurring material/chemical node where directly relevant to the card; avoid implying universal importance across all future systems.
Chemical spine,Nickel is used as a recurring chemical/material node in future-system process architectures: ,factual technical claim + engineering inference,,Nickel,,,,"Production, supply-chain, emissions, and application sources",Starter sourced,International Energy Agency. 2025. Global Critical Minerals Outlook 2025. (https://www.iea.org/reports/global-critical-minerals-outlook-2025) | U.S. Geological Survey. 2025. Mineral Commodity Summaries 2025. (https://pubs.usgs.gov/publication/mcs2025),Tier 1 preferred; Tier 2 supplemental,Medium,"Starter sources support material relevance, but individual future-system links may need direct card evidence.",Use Nickel as a recurring material/chemical node where directly relevant to the card; avoid implying universal importance across all future systems.
Chemical spine,Cobalt is used as a recurring chemical/material node in future-system process architectures: ,factual technical claim + engineering inference,,Cobalt,,,,"Production, supply-chain, emissions, and application sources",Starter sourced,International Energy Agency. 2025. Global Critical Minerals Outlook 2025. (https://www.iea.org/reports/global-critical-minerals-outlook-2025) | U.S. Geological Survey. 2025. Mineral Commodity Summaries 2025. (https://pubs.usgs.gov/publication/mcs2025),Tier 1 preferred; Tier 2 supplemental,Medium,"Starter sources support material relevance, but individual future-system links may need direct card evidence.",Use Cobalt as a recurring material/chemical node where directly relevant to the card; avoid implying universal importance across all future systems.
Chemical spine,Manganese is used as a recurring chemical/material node in future-system process architectures: ,factual technical claim + engineering inference,,Manganese,,,,"Production, supply-chain, emissions, and application sources",Starter sourced,International Energy Agency. 2025. Global Critical Minerals Outlook 2025. (https://www.iea.org/reports/global-critical-minerals-outlook-2025) | U.S. Geological Survey. 2025. Mineral Commodity Summaries 2025. (https://pubs.usgs.gov/publication/mcs2025),Tier 1 preferred; Tier 2 supplemental,Medium,"Starter sources support material relevance, but individual future-system links may need direct card evidence.",Use Manganese as a recurring material/chemical node where directly relevant to the card; avoid implying universal importance across all future systems.
Chemical spine,Copper is used as a recurring chemical/material node in future-system process architectures: ,factual technical claim + engineering inference,,Copper,,,,"Production, supply-chain, emissions, and application sources",Starter sourced,International Energy Agency. 2025. Global Critical Minerals Outlook 2025. (https://www.iea.org/reports/global-critical-minerals-outlook-2025) | U.S. Geological Survey. 2025. Mineral Commodity Summaries 2025. (https://pubs.usgs.gov/publication/mcs2025),Tier 1 preferred; Tier 2 supplemental,Medium,"Starter sources support material relevance, but individual future-system links may need direct card evidence.",Use Copper as a recurring material/chemical node where directly relevant to the card; avoid implying universal importance across all future systems.
Chemical spine,Aluminum is used as a recurring chemical/material node in future-system process architectures: ,factual technical claim + engineering inference,,Aluminum,,,,"Production, supply-chain, emissions, and application sources",Starter sourced,International Energy Agency. 2025. Global Critical Minerals Outlook 2025. (https://www.iea.org/reports/global-critical-minerals-outlook-2025) | U.S. Geological Survey. 2025. Mineral Commodity Summaries 2025. (https://pubs.usgs.gov/publication/mcs2025),Tier 1 preferred; Tier 2 supplemental,Medium,"Starter sources support material relevance, but individual future-system links may need direct card evidence.",Use Aluminum as a recurring material/chemical node where directly relevant to the card; avoid implying universal importance across all future systems.
Chemical spine,Rare earth elements is used as a recurring chemical/material node in future-system process architectures: ,factual technical claim + engineering inference,,Rare earth elements,,,,"Production, supply-chain, emissions, and application sources",Starter sourced,International Energy Agency. 2025. Global Critical Minerals Outlook 2025. (https://www.iea.org/reports/global-critical-minerals-outlook-2025) | U.S. Geological Survey. 2025. Mineral Commodity Summaries 2025. (https://pubs.usgs.gov/publication/mcs2025),Tier 1 preferred; Tier 2 supplemental,Medium,"Starter sources support material relevance, but individual future-system links may need direct card evidence.",Use Rare earth elements as a recurring material/chemical node where directly relevant to the card; avoid implying universal importance across all future systems.
Chemical spine,Graphite is used as a recurring chemical/material node in future-system process architectures: ,factual technical claim + engineering inference,,Graphite,,,,"Production, supply-chain, emissions, and application sources",Starter sourced,International Energy Agency. 2025. Global Critical Minerals Outlook 2025. (https://www.iea.org/reports/global-critical-minerals-outlook-2025) | U.S. Geological Survey. 2025. Mineral Commodity Summaries 2025. (https://pubs.usgs.gov/publication/mcs2025),Tier 1 preferred; Tier 2 supplemental,Medium,"Starter sources support material relevance, but individual future-system links may need direct card evidence.",Use Graphite as a recurring material/chemical node where directly relevant to the card; avoid implying universal importance across all future systems.
Chemical spine,Cement/concrete chemistries is used as a recurring chemical/material node in future-system process architectures: ,factual technical claim + engineering inference,,Cement/concrete chemistries,,,,"Production, supply-chain, emissions, and application sources",Starter sourced,"International Energy Agency. 2024. Cement. (https://www.iea.org/energy-system/industry/cement) | International Energy Agency and Cement Sustainability Initiative. 2018. Technology Roadmap: Low-Carbon Transition in the Cement Industry. (https://www.iea.org/reports/technology-roadmap-low-carbon-transition-in-the-cement-industry) | Driver, J. G., et al. 2024. Global decarbonization potential of CO2 mineralization in concrete materials. Nature Communications / PMC. (https://pmc.ncbi.nlm.nih.gov/articles/PMC11260098/)",Tier 1 preferred; Tier 2 supplemental,Medium,"Starter sources support material relevance, but individual future-system links may need direct card evidence.",Use Cement/concrete chemistries as a recurring material/chemical node where directly relevant to the card; avoid implying universal importance across all future systems.
Chemical spine,Polymers is used as a recurring chemical/material node in future-system process architectures: ,factual technical claim + engineering inference,,Polymers,,,,"Production, supply-chain, emissions, and application sources",Starter sourced,"U.S. Department of Energy. 2015. Bandwidth Study on Energy Use and Potential Energy Saving Opportunities in U.S. Chemical Manufacturing. (https://www.energy.gov/cmei/ito/articles/bandwidth-study-us-chemical-manufacturing) | Recent advances in conductive materials for printed electronics. 2024. Polymer Advanced Technologies. (https://onlinelibrary.wiley.com/doi/10.1002/pat.6581) | Wang, S., and M. W. Urban. 2020. Self-healing polymers. Nature Reviews Materials. (https://ui.adsabs.harvard.edu/abs/2020NatRM...5..562W/abstract)",Tier 1 preferred; Tier 2 supplemental,Medium,"Starter sources support material relevance, but individual future-system links may need direct card evidence.",Use Polymers as a recurring material/chemical node where directly relevant to the card; avoid implying universal importance across all future systems.
Chemical spine,Conductive inks is used as a recurring chemical/material node in future-system process architectures: ,factual technical claim + engineering inference,,Conductive inks,,,,"Production, supply-chain, emissions, and application sources",Starter sourced,"Recent advances in conductive materials for printed electronics. 2024. Polymer Advanced Technologies. (https://onlinelibrary.wiley.com/doi/10.1002/pat.6581) | Roelkens, G., et al. 2024. Present and future of micro-transfer printing for heterogeneous integration. APL Photonics. (https://pubs.aip.org/aip/app/article/9/1/010901/2932278/Present-and-future-of-micro-transfer-printing-for)",Tier 1 preferred; Tier 2 supplemental,Medium,"Starter sources support material relevance, but individual future-system links may need direct card evidence.",Use Conductive inks as a recurring material/chemical node where directly relevant to the card; avoid implying universal importance across all future systems.
Chemical spine,Photoresists is used as a recurring chemical/material node in future-system process architectures: ,factual technical claim + engineering inference,,Photoresists,,,,"Production, supply-chain, emissions, and application sources",Starter sourced,National Institute of Standards and Technology. 2023. CHIPS Metrology Program. (https://www.nist.gov/chips/research-development-programs/metrology-program) | National Institute of Standards and Technology. 2023. Metrology Gaps in the Semiconductor Ecosystem. (https://www.nist.gov/system/files/documents/2023/06/05/CHIPS_Metrology-Gaps-in-the-Semi-Ecosystem_0.pdf) | International Technology Roadmap for Semiconductors. 2015. Yield Enhancement. (https://www.semiconductors.org/wp-content/uploads/2018/06/5_2015-ITRS-2.0-Yield-Enhancement.pdf),Tier 1 preferred; Tier 2 supplemental,Medium,"Starter sources support material relevance, but individual future-system links may need direct card evidence.",Use Photoresists as a recurring material/chemical node where directly relevant to the card; avoid implying universal importance across all future systems.
Chemical spine,Solvents is used as a recurring chemical/material node in future-system process architectures: ,factual technical claim + engineering inference,,Solvents,,,,"Production, supply-chain, emissions, and application sources",Starter sourced,"U.S. Department of Energy. 2015. Bandwidth Study on Energy Use and Potential Energy Saving Opportunities in U.S. Chemical Manufacturing. (https://www.energy.gov/cmei/ito/articles/bandwidth-study-us-chemical-manufacturing) | Sholl, D. S.; Lively, R. P. 2016. Seven chemical separations to change the world. Nature 532, 435–437. DOI: 10.1038/532435a. (https://www.nature.com/articles/532435a)",Tier 1 preferred; Tier 2 supplemental,Medium,"Starter sources support material relevance, but individual future-system links may need direct card evidence.",Use Solvents as a recurring material/chemical node where directly relevant to the card; avoid implying universal importance across all future systems.
Chemical spine,Electrolytes is used as a recurring chemical/material node in future-system process architectures: ,factual technical claim + engineering inference,,Electrolytes,,,,"Production, supply-chain, emissions, and application sources",Starter sourced,International Energy Agency. 2025. Global Critical Minerals Outlook 2025. (https://www.iea.org/reports/global-critical-minerals-outlook-2025) | International Energy Agency. 2024. Global Hydrogen Review 2024. (https://www.iea.org/reports/global-hydrogen-review-2024),Tier 1 preferred; Tier 2 supplemental,Medium,"Starter sources support material relevance, but individual future-system links may need direct card evidence.",Use Electrolytes as a recurring material/chemical node where directly relevant to the card; avoid implying universal importance across all future systems.
Chemical spine,Sorbents is used as a recurring chemical/material node in future-system process architectures: ,factual technical claim + engineering inference,,Sorbents,,,,"Production, supply-chain, emissions, and application sources",Starter sourced,"Hanikel, N., Prévot, M. S., and Yaghi, O. M. 2020. MOF water harvesters. Nature Nanotechnology review context. (https://yaghi.berkeley.edu/pdfPublications/20MOFWaterHarvester.pdf) | Ejeian, M., et al. 2021. Adsorption-based atmospheric water harvesting. Joule. (https://www.cell.com/joule/fulltext/S2542-4351(21)00178-1) | International Energy Agency. 2024. Carbon Capture, Utilisation and Storage. (https://www.iea.org/energy-system/carbon-capture-utilisation-and-storage)",Tier 1 preferred; Tier 2 supplemental,Medium,"Starter sources support material relevance, but individual future-system links may need direct card evidence.",Use Sorbents as a recurring material/chemical node where directly relevant to the card; avoid implying universal importance across all future systems.
Chemical spine,Membranes is used as a recurring chemical/material node in future-system process architectures: ,factual technical claim + engineering inference,,Membranes,,,,"Production, supply-chain, emissions, and application sources",Starter sourced,"Sholl, D. S.; Lively, R. P. 2016. Seven chemical separations to change the world. Nature 532, 435–437. DOI: 10.1038/532435a. (https://www.nature.com/articles/532435a) | Ahrestani, Z., et al. 2023. An overview of atmospheric water harvesting methods. PMC / peer-reviewed review. (https://pmc.ncbi.nlm.nih.gov/articles/PMC10073925/) | Tiwary, S. K., et al. 2024. Graphene oxide-based membranes for water desalination: progress and challenges. npj Clean Water. (https://www.nature.com/articles/s41699-024-00462-z) | Liu, G., W. Jin, and N. Xu. 2015. Graphene-based membranes. Chemical Society Reviews. (https://pubs.rsc.org/en/content/articlelanding/2015/cs/c4cs00423j)",Tier 1 preferred; Tier 2 supplemental,Medium,"Starter sources support material relevance, but individual future-system links may need direct card evidence.",Use Membranes as a recurring material/chemical node where directly relevant to the card; avoid implying universal importance across all future systems.
Chemical spine,Catalysts is used as a recurring chemical/material node in future-system process architectures: ,factual technical claim + engineering inference,,Catalysts,,,,"Production, supply-chain, emissions, and application sources",Starter sourced,"U.S. Department of Energy. 2015. Bandwidth Study on Energy Use and Potential Energy Saving Opportunities in U.S. Chemical Manufacturing. (https://www.energy.gov/cmei/ito/articles/bandwidth-study-us-chemical-manufacturing) | International Energy Agency. 2024. Global Hydrogen Review 2024. (https://www.iea.org/reports/global-hydrogen-review-2024) | Ozkan, M., et al. 2024. Forging a sustainable sky: aviation e-fuels review. PMC / peer-reviewed review. (https://pmc.ncbi.nlm.nih.gov/articles/PMC10960063/) | Machín, A., et al. 2023. Artificial Photosynthesis: Current Advancements and Future Prospects. Catalysts / PMC. (https://pmc.ncbi.nlm.nih.gov/articles/PMC10807655/)",Tier 1 preferred; Tier 2 supplemental,Medium,"Starter sources support material relevance, but individual future-system links may need direct card evidence.",Use Catalysts as a recurring material/chemical node where directly relevant to the card; avoid implying universal importance across all future systems.
Chemical spine,Biomass-derived feedstocks is used as a recurring chemical/material node in future-system process architectures: ,factual technical claim + engineering inference,,Biomass-derived feedstocks,,,,"Production, supply-chain, emissions, and application sources",Starter sourced,"Calderon, O. R., et al. 2024. Sustainable Aviation Fuel State-of-Industry Report. NREL. (https://docs.nrel.gov/docs/fy24osti/87802.pdf) | Dohlman, E., et al. 2024. Trends, Insights, and Future Prospects for Production in Controlled Environment Agriculture and Agrivoltaics. USDA ERS. (https://www.ers.usda.gov/sites/default/files/_laserfiche/publications/108221/EIB-264.pdf?v=46165)",Tier 1 preferred; Tier 2 supplemental,Medium,"Starter sources support material relevance, but individual future-system links may need direct card evidence.",Use Biomass-derived feedstocks as a recurring material/chemical node where directly relevant to the card; avoid implying universal importance across all future systems.
Unit operations,Electrolysis is a recurring unit operation behind multiple atlas technologies: ,factual technical claim + engineering inference,,,Electrolysis,,,Textbook/review + domain-specific examples,Starter sourced,International Energy Agency. 2024. Global Hydrogen Review 2024. (https://www.iea.org/reports/global-hydrogen-review-2024) | International Energy Agency. 2025. Global Hydrogen Review 2025. (https://www.iea.org/reports/global-hydrogen-review-2025) | NASA. 2025. Environmental Control and Life Support Systems (ECLSS). (https://www.nasa.gov/reference/environmental-control-and-life-support-systems-eclss/),Tier 1 preferred; Tier 2 supplemental,Medium,Operation relevance is starter-sourced; domain-specific severity varies.,"Electrolysis appears in several process architectures, but its importance should be tied to specific cards and operating constraints."
Unit operations,Catalysis is a recurring unit operation behind multiple atlas technologies: ,factual technical claim + engineering inference,,,Catalysis,,,Textbook/review + domain-specific examples,Starter sourced,"U.S. Department of Energy. 2015. Bandwidth Study on Energy Use and Potential Energy Saving Opportunities in U.S. Chemical Manufacturing. (https://www.energy.gov/cmei/ito/articles/bandwidth-study-us-chemical-manufacturing) | Ozkan, M., et al. 2024. Forging a sustainable sky: aviation e-fuels review. PMC / peer-reviewed review. (https://pmc.ncbi.nlm.nih.gov/articles/PMC10960063/) | International Energy Agency. 2021. Ammonia Technology Roadmap: Towards more sustainable nitrogen fertiliser production. (https://www.iea.org/reports/ammonia-technology-roadmap)",Tier 1 preferred; Tier 2 supplemental,Medium,Operation relevance is starter-sourced; domain-specific severity varies.,"Catalysis appears in several process architectures, but its importance should be tied to specific cards and operating constraints."
Unit operations,Adsorption is a recurring unit operation behind multiple atlas technologies: ,factual technical claim + engineering inference,,,Adsorption,,,Textbook/review + domain-specific examples,Starter sourced,"Ejeian, M., et al. 2021. Adsorption-based atmospheric water harvesting. Joule. (https://www.cell.com/joule/fulltext/S2542-4351(21)00178-1) | Hanikel, N., Prévot, M. S., and Yaghi, O. M. 2020. MOF water harvesters. Nature Nanotechnology review context. (https://yaghi.berkeley.edu/pdfPublications/20MOFWaterHarvester.pdf) | Sholl, D. S.; Lively, R. P. 2016. Seven chemical separations to change the world. Nature 532, 435–437. DOI: 10.1038/532435a. (https://www.nature.com/articles/532435a)",Tier 1 preferred; Tier 2 supplemental,Medium,Operation relevance is starter-sourced; domain-specific severity varies.,"Adsorption appears in several process architectures, but its importance should be tied to specific cards and operating constraints."
Unit operations,Absorption is a recurring unit operation behind multiple atlas technologies: ,factual technical claim + engineering inference,,,Absorption,,,Textbook/review + domain-specific examples,Starter sourced,"International Energy Agency. 2024. Carbon Capture, Utilisation and Storage. (https://www.iea.org/energy-system/carbon-capture-utilisation-and-storage) | Sholl, D. S.; Lively, R. P. 2016. Seven chemical separations to change the world. Nature 532, 435–437. DOI: 10.1038/532435a. (https://www.nature.com/articles/532435a)",Tier 1 preferred; Tier 2 supplemental,Medium,Operation relevance is starter-sourced; domain-specific severity varies.,"Absorption appears in several process architectures, but its importance should be tied to specific cards and operating constraints."
Unit operations,Distillation is a recurring unit operation behind multiple atlas technologies: ,factual technical claim + engineering inference,,,Distillation,,,Textbook/review + domain-specific examples,Starter sourced,"Sholl, D. S.; Lively, R. P. 2016. Seven chemical separations to change the world. Nature 532, 435–437. DOI: 10.1038/532435a. (https://www.nature.com/articles/532435a) | U.S. Department of Energy. 2015. Bandwidth Study on Energy Use and Potential Energy Saving Opportunities in U.S. Chemical Manufacturing. (https://www.energy.gov/cmei/ito/articles/bandwidth-study-us-chemical-manufacturing)",Tier 1 preferred; Tier 2 supplemental,Medium,Operation relevance is starter-sourced; domain-specific severity varies.,"Distillation appears in several process architectures, but its importance should be tied to specific cards and operating constraints."
Unit operations,Crystallization is a recurring unit operation behind multiple atlas technologies: ,factual technical claim + engineering inference,,,Crystallization,,,Textbook/review + domain-specific examples,Starter sourced,"Sholl, D. S.; Lively, R. P. 2016. Seven chemical separations to change the world. Nature 532, 435–437. DOI: 10.1038/532435a. (https://www.nature.com/articles/532435a) | U.S. Geological Survey. 2025. Mineral Commodity Summaries 2025. (https://pubs.usgs.gov/publication/mcs2025)",Tier 1 preferred; Tier 2 supplemental,Medium,Operation relevance is starter-sourced; domain-specific severity varies.,"Crystallization appears in several process architectures, but its importance should be tied to specific cards and operating constraints."
Unit operations,Membrane separation is a recurring unit operation behind multiple atlas technologies: ,factual technical claim + engineering inference,,,Membrane separation,,,Textbook/review + domain-specific examples,Starter sourced,"Sholl, D. S.; Lively, R. P. 2016. Seven chemical separations to change the world. Nature 532, 435–437. DOI: 10.1038/532435a. (https://www.nature.com/articles/532435a) | Ahrestani, Z., et al. 2023. An overview of atmospheric water harvesting methods. PMC / peer-reviewed review. (https://pmc.ncbi.nlm.nih.gov/articles/PMC10073925/) | Tiwary, S. K., et al. 2024. Graphene oxide-based membranes for water desalination: progress and challenges. npj Clean Water. (https://www.nature.com/articles/s41699-024-00462-z) | Liu, G., W. Jin, and N. Xu. 2015. Graphene-based membranes. Chemical Society Reviews. (https://pubs.rsc.org/en/content/articlelanding/2015/cs/c4cs00423j)",Tier 1 preferred; Tier 2 supplemental,Medium,Operation relevance is starter-sourced; domain-specific severity varies.,"Membrane separation appears in several process architectures, but its importance should be tied to specific cards and operating constraints."
Unit operations,Filtration is a recurring unit operation behind multiple atlas technologies: ,factual technical claim + engineering inference,,,Filtration,,,Textbook/review + domain-specific examples,Starter sourced,"Ahrestani, Z., et al. 2023. An overview of atmospheric water harvesting methods. PMC / peer-reviewed review. (https://pmc.ncbi.nlm.nih.gov/articles/PMC10073925/) | Sholl, D. S.; Lively, R. P. 2016. Seven chemical separations to change the world. Nature 532, 435–437. DOI: 10.1038/532435a. (https://www.nature.com/articles/532435a) | U.S. Environmental Protection Agency. 2026. Water Reuse and Recycling / National Water Reuse Action Plan. (https://www.epa.gov/waterreuse) | National Research Council. 2012. Water Reuse: Potential for Expanding the Nation's Water Supply Through Reuse of Municipal Wastewater. (https://www.nationalacademies.org/read/13303)",Tier 1 preferred; Tier 2 supplemental,Medium,Operation relevance is starter-sourced; domain-specific severity varies.,"Filtration appears in several process architectures, but its importance should be tied to specific cards and operating constraints."
Unit operations,Drying is a recurring unit operation behind multiple atlas technologies: ,factual technical claim + engineering inference,,,Drying,,,Textbook/review + domain-specific examples,Starter sourced,"U.S. Department of Energy. 2015. Bandwidth Study on Energy Use and Potential Energy Saving Opportunities in U.S. Chemical Manufacturing. (https://www.energy.gov/cmei/ito/articles/bandwidth-study-us-chemical-manufacturing) | Dohlman, E., et al. 2024. Trends, Insights, and Future Prospects for Production in Controlled Environment Agriculture and Agrivoltaics. USDA ERS. (https://www.ers.usda.gov/sites/default/files/_laserfiche/publications/108221/EIB-264.pdf?v=46165)",Tier 1 preferred; Tier 2 supplemental,Medium,Operation relevance is starter-sourced; domain-specific severity varies.,"Drying appears in several process architectures, but its importance should be tied to specific cards and operating constraints."
Unit operations,Calcination is a recurring unit operation behind multiple atlas technologies: ,factual technical claim + engineering inference,,,Calcination,,,Textbook/review + domain-specific examples,Starter sourced,International Energy Agency. 2024. Cement. (https://www.iea.org/energy-system/industry/cement) | International Energy Agency and Cement Sustainability Initiative. 2018. Technology Roadmap: Low-Carbon Transition in the Cement Industry. (https://www.iea.org/reports/technology-roadmap-low-carbon-transition-in-the-cement-industry),Tier 1 preferred; Tier 2 supplemental,Medium,Operation relevance is starter-sourced; domain-specific severity varies.,"Calcination appears in several process architectures, but its importance should be tied to specific cards and operating constraints."
Unit operations,Pyrolysis is a recurring unit operation behind multiple atlas technologies: ,factual technical claim + engineering inference,,,Pyrolysis,,,Textbook/review + domain-specific examples,Starter sourced,International Energy Agency. 2024. Global Hydrogen Review 2024. (https://www.iea.org/reports/global-hydrogen-review-2024) | U.S. Department of Energy. 2015. Bandwidth Study on Energy Use and Potential Energy Saving Opportunities in U.S. Chemical Manufacturing. (https://www.energy.gov/cmei/ito/articles/bandwidth-study-us-chemical-manufacturing),Tier 1 preferred; Tier 2 supplemental,Medium,Operation relevance is starter-sourced; domain-specific severity varies.,"Pyrolysis appears in several process architectures, but its importance should be tied to specific cards and operating constraints."
Unit operations,Gasification is a recurring unit operation behind multiple atlas technologies: ,factual technical claim + engineering inference,,,Gasification,,,Textbook/review + domain-specific examples,Starter sourced,"Calderon, O. R., et al. 2024. Sustainable Aviation Fuel State-of-Industry Report. NREL. (https://docs.nrel.gov/docs/fy24osti/87802.pdf) | Ozkan, M., et al. 2024. Forging a sustainable sky: aviation e-fuels review. PMC / peer-reviewed review. (https://pmc.ncbi.nlm.nih.gov/articles/PMC10960063/)",Tier 1 preferred; Tier 2 supplemental,Medium,Operation relevance is starter-sourced; domain-specific severity varies.,"Gasification appears in several process architectures, but its importance should be tied to specific cards and operating constraints."
Unit operations,Fermentation is a recurring unit operation behind multiple atlas technologies: ,factual technical claim + engineering inference,,,Fermentation,,,Textbook/review + domain-specific examples,Starter sourced,"McCorry, M. C., et al. 2022. Sensor technologies for quality control in engineered tissue manufacturing. PMC. (https://pmc.ncbi.nlm.nih.gov/articles/PMC10283157/) | Calderon, O. R., et al. 2024. Sustainable Aviation Fuel State-of-Industry Report. NREL. (https://docs.nrel.gov/docs/fy24osti/87802.pdf)",Tier 1 preferred; Tier 2 supplemental,Medium,Operation relevance is starter-sourced; domain-specific severity varies.,"Fermentation appears in several process architectures, but its importance should be tied to specific cards and operating constraints."
Unit operations,Polymerization is a recurring unit operation behind multiple atlas technologies: ,factual technical claim + engineering inference,,,Polymerization,,,Textbook/review + domain-specific examples,Starter sourced,U.S. Department of Energy. 2015. Bandwidth Study on Energy Use and Potential Energy Saving Opportunities in U.S. Chemical Manufacturing. (https://www.energy.gov/cmei/ito/articles/bandwidth-study-us-chemical-manufacturing) | Recent advances in conductive materials for printed electronics. 2024. Polymer Advanced Technologies. (https://onlinelibrary.wiley.com/doi/10.1002/pat.6581),Tier 1 preferred; Tier 2 supplemental,Medium,Operation relevance is starter-sourced; domain-specific severity varies.,"Polymerization appears in several process architectures, but its importance should be tied to specific cards and operating constraints."
Unit operations,Lithography is a recurring unit operation behind multiple atlas technologies: ,factual technical claim + engineering inference,,,Lithography,,,Textbook/review + domain-specific examples,Starter sourced,National Institute of Standards and Technology. 2023. CHIPS Metrology Program. (https://www.nist.gov/chips/research-development-programs/metrology-program) | National Institute of Standards and Technology. 2023. Metrology Gaps in the Semiconductor Ecosystem. (https://www.nist.gov/system/files/documents/2023/06/05/CHIPS_Metrology-Gaps-in-the-Semi-Ecosystem_0.pdf) | International Technology Roadmap for Semiconductors. 2015. Yield Enhancement. (https://www.semiconductors.org/wp-content/uploads/2018/06/5_2015-ITRS-2.0-Yield-Enhancement.pdf),Tier 1 preferred; Tier 2 supplemental,Medium,Operation relevance is starter-sourced; domain-specific severity varies.,"Lithography appears in several process architectures, but its importance should be tied to specific cards and operating constraints."
Unit operations,Chemical vapor deposition is a recurring unit operation behind multiple atlas technologies: ,factual technical claim + engineering inference,,,Chemical vapor deposition,,,Textbook/review + domain-specific examples,Starter sourced,National Institute of Standards and Technology. 2023. CHIPS Metrology Program. (https://www.nist.gov/chips/research-development-programs/metrology-program) | National Institute of Standards and Technology. 2023. Metrology Gaps in the Semiconductor Ecosystem. (https://www.nist.gov/system/files/documents/2023/06/05/CHIPS_Metrology-Gaps-in-the-Semi-Ecosystem_0.pdf),Tier 1 preferred; Tier 2 supplemental,Medium,Operation relevance is starter-sourced; domain-specific severity varies.,"Chemical vapor deposition appears in several process architectures, but its importance should be tied to specific cards and operating constraints."
Unit operations,Physical vapor deposition is a recurring unit operation behind multiple atlas technologies: ,factual technical claim + engineering inference,,,Physical vapor deposition,,,Textbook/review + domain-specific examples,Starter sourced,National Institute of Standards and Technology. 2023. CHIPS Metrology Program. (https://www.nist.gov/chips/research-development-programs/metrology-program) | National Institute of Standards and Technology. 2023. Metrology Gaps in the Semiconductor Ecosystem. (https://www.nist.gov/system/files/documents/2023/06/05/CHIPS_Metrology-Gaps-in-the-Semi-Ecosystem_0.pdf),Tier 1 preferred; Tier 2 supplemental,Medium,Operation relevance is starter-sourced; domain-specific severity varies.,"Physical vapor deposition appears in several process architectures, but its importance should be tied to specific cards and operating constraints."
Unit operations,Atomic layer deposition is a recurring unit operation behind multiple atlas technologies: ,factual technical claim + engineering inference,,,Atomic layer deposition,,,Textbook/review + domain-specific examples,Starter sourced,National Institute of Standards and Technology. 2023. CHIPS Metrology Program. (https://www.nist.gov/chips/research-development-programs/metrology-program) | National Institute of Standards and Technology. 2023. Metrology Gaps in the Semiconductor Ecosystem. (https://www.nist.gov/system/files/documents/2023/06/05/CHIPS_Metrology-Gaps-in-the-Semi-Ecosystem_0.pdf),Tier 1 preferred; Tier 2 supplemental,Medium,Operation relevance is starter-sourced; domain-specific severity varies.,"Atomic layer deposition appears in several process architectures, but its importance should be tied to specific cards and operating constraints."
Unit operations,Coating is a recurring unit operation behind multiple atlas technologies: ,factual technical claim + engineering inference,,,Coating,,,Textbook/review + domain-specific examples,Starter sourced,"Recent advances in conductive materials for printed electronics. 2024. Polymer Advanced Technologies. (https://onlinelibrary.wiley.com/doi/10.1002/pat.6581) | Driver, J. G., et al. 2024. Global decarbonization potential of CO2 mineralization in concrete materials. Nature Communications / PMC. (https://pmc.ncbi.nlm.nih.gov/articles/PMC11260098/) | U.S. Department of Energy Building Technologies Office. 2023. Better Windows, Better Outcomes: How Electrochromics Improve Health, Productivity, and Efficiency. (https://www.energy.gov/sites/default/files/2023-12/bto-electrochromic-window-report-121123.pdf) | Mao, M., et al. 2024. Scalable robust photothermal superhydrophobic coatings. Nature Communications. (https://www.nature.com/articles/s41467-024-54058-8)",Tier 1 preferred; Tier 2 supplemental,Medium,Operation relevance is starter-sourced; domain-specific severity varies.,"Coating appears in several process architectures, but its importance should be tied to specific cards and operating constraints."
Unit operations,Curing is a recurring unit operation behind multiple atlas technologies: ,factual technical claim + engineering inference,,,Curing,,,Textbook/review + domain-specific examples,Starter sourced,"Driver, J. G., et al. 2024. Global decarbonization potential of CO2 mineralization in concrete materials. Nature Communications / PMC. (https://pmc.ncbi.nlm.nih.gov/articles/PMC11260098/) | Recent advances in conductive materials for printed electronics. 2024. Polymer Advanced Technologies. (https://onlinelibrary.wiley.com/doi/10.1002/pat.6581)",Tier 1 preferred; Tier 2 supplemental,Medium,Operation relevance is starter-sourced; domain-specific severity varies.,"Curing appears in several process architectures, but its importance should be tied to specific cards and operating constraints."
Unit operations,Sintering is a recurring unit operation behind multiple atlas technologies: ,factual technical claim + engineering inference,,,Sintering,,,Textbook/review + domain-specific examples,Starter sourced,U.S. Geological Survey. 2025. Mineral Commodity Summaries 2025. (https://pubs.usgs.gov/publication/mcs2025) | U.S. Department of Energy. 2015. Bandwidth Study on Energy Use and Potential Energy Saving Opportunities in U.S. Chemical Manufacturing. (https://www.energy.gov/cmei/ito/articles/bandwidth-study-us-chemical-manufacturing),Tier 1 preferred; Tier 2 supplemental,Medium,Operation relevance is starter-sourced; domain-specific severity varies.,"Sintering appears in several process architectures, but its importance should be tied to specific cards and operating constraints."
Unit operations,Annealing is a recurring unit operation behind multiple atlas technologies: ,factual technical claim + engineering inference,,,Annealing,,,Textbook/review + domain-specific examples,Starter sourced,National Institute of Standards and Technology. 2023. CHIPS Metrology Program. (https://www.nist.gov/chips/research-development-programs/metrology-program) | U.S. Department of Energy. 2015. Bandwidth Study on Energy Use and Potential Energy Saving Opportunities in U.S. Chemical Manufacturing. (https://www.energy.gov/cmei/ito/articles/bandwidth-study-us-chemical-manufacturing),Tier 1 preferred; Tier 2 supplemental,Medium,Operation relevance is starter-sourced; domain-specific severity varies.,"Annealing appears in several process architectures, but its importance should be tied to specific cards and operating constraints."
Unit operations,Extrusion is a recurring unit operation behind multiple atlas technologies: ,factual technical claim + engineering inference,,,Extrusion,,,Textbook/review + domain-specific examples,Starter sourced,U.S. Department of Energy. 2015. Bandwidth Study on Energy Use and Potential Energy Saving Opportunities in U.S. Chemical Manufacturing. (https://www.energy.gov/cmei/ito/articles/bandwidth-study-us-chemical-manufacturing) | Recent advances in conductive materials for printed electronics. 2024. Polymer Advanced Technologies. (https://onlinelibrary.wiley.com/doi/10.1002/pat.6581),Tier 1 preferred; Tier 2 supplemental,Medium,Operation relevance is starter-sourced; domain-specific severity varies.,"Extrusion appears in several process architectures, but its importance should be tied to specific cards and operating constraints."
Unit operations,Compression is a recurring unit operation behind multiple atlas technologies: ,factual technical claim + engineering inference,,,Compression,,,Textbook/review + domain-specific examples,Starter sourced,"International Energy Agency. 2024. Carbon Capture, Utilisation and Storage. (https://www.iea.org/energy-system/carbon-capture-utilisation-and-storage) | Muscatello, A. C., et al. 2012. Mars In Situ Resource Utilization Technology Evaluation. NASA NTRS. (https://ntrs.nasa.gov/api/citations/20120001775/downloads/20120001775.pdf)",Tier 1 preferred; Tier 2 supplemental,Medium,Operation relevance is starter-sourced; domain-specific severity varies.,"Compression appears in several process architectures, but its importance should be tied to specific cards and operating constraints."
Unit operations,Liquefaction is a recurring unit operation behind multiple atlas technologies: ,factual technical claim + engineering inference,,,Liquefaction,,,Textbook/review + domain-specific examples,Starter sourced,"Muscatello, A. C., et al. 2012. Mars In Situ Resource Utilization Technology Evaluation. NASA NTRS. (https://ntrs.nasa.gov/api/citations/20120001775/downloads/20120001775.pdf) | Calderon, O. R., et al. 2024. Sustainable Aviation Fuel State-of-Industry Report. NREL. (https://docs.nrel.gov/docs/fy24osti/87802.pdf)",Tier 1 preferred; Tier 2 supplemental,Medium,Operation relevance is starter-sourced; domain-specific severity varies.,"Liquefaction appears in several process architectures, but its importance should be tied to specific cards and operating constraints."
Unit operations,Heat exchange is a recurring unit operation behind multiple atlas technologies: ,factual technical claim + engineering inference,,,Heat exchange,,,Textbook/review + domain-specific examples,Starter sourced,U.S. Department of Energy. 2015. Bandwidth Study on Energy Use and Potential Energy Saving Opportunities in U.S. Chemical Manufacturing. (https://www.energy.gov/cmei/ito/articles/bandwidth-study-us-chemical-manufacturing) | EPRI / U.S. Department of Energy. 2024. Fusion Blankets Research Objectives. (https://www.energy.gov/articles/epri-fusion-blankets-report-2024) | U.S. Department of Energy. 2023. Pathways to Commercial Liftoff: Long Duration Energy Storage. (https://www.energy.gov/sites/default/files/2023-09/Pathways%20to%20Commercial%20Liftoff%20Long%20Duration%20Energy%20Storage%20Opportunities_508.pdf) | U.S. Department of Energy. 2022. Industrial Decarbonization Roadmap. (https://www.osti.gov/biblio/1961393),Tier 1 preferred; Tier 2 supplemental,Medium,Operation relevance is starter-sourced; domain-specific severity varies.,"Heat exchange appears in several process architectures, but its importance should be tied to specific cards and operating constraints."
Unit operations,Combustion is a recurring unit operation behind multiple atlas technologies: ,factual technical claim + engineering inference,,,Combustion,,,Textbook/review + domain-specific examples,Starter sourced,International Energy Agency. 2021. Ammonia Technology Roadmap: Towards more sustainable nitrogen fertiliser production. (https://www.iea.org/reports/ammonia-technology-roadmap) | International Energy Agency. 2024. Cement. (https://www.iea.org/energy-system/industry/cement),Tier 1 preferred; Tier 2 supplemental,Medium,Operation relevance is starter-sourced; domain-specific severity varies.,"Combustion appears in several process architectures, but its importance should be tied to specific cards and operating constraints."
Unit operations,Plasma processing is a recurring unit operation behind multiple atlas technologies: ,factual technical claim + engineering inference,,,Plasma processing,,,Textbook/review + domain-specific examples,Starter sourced,Fusion Energy Sciences Advisory Committee. 2020. Powering the Future: Fusion & Plasmas. (https://science.osti.gov/-/media/fes/fesac/pdf/2020/202012/FESAC_Report_2020_Powering_the_Future.pdf) | National Institute of Standards and Technology. 2023. CHIPS Metrology Program. (https://www.nist.gov/chips/research-development-programs/metrology-program),Tier 1 preferred; Tier 2 supplemental,Medium,Operation relevance is starter-sourced; domain-specific severity varies.,"Plasma processing appears in several process architectures, but its importance should be tied to specific cards and operating constraints."
Unit operations,Sterilization is a recurring unit operation behind multiple atlas technologies: ,factual technical claim + engineering inference,,,Sterilization,,,Textbook/review + domain-specific examples,Starter sourced,"McCorry, M. C., et al. 2022. Sensor technologies for quality control in engineered tissue manufacturing. PMC. (https://pmc.ncbi.nlm.nih.gov/articles/PMC10283157/) | Zuncheddu, D., et al. 2021. Quality control methods in musculoskeletal tissue engineering. Bone Research. (https://www.nature.com/articles/s41413-021-00167-9)",Tier 1 preferred; Tier 2 supplemental,Medium,Operation relevance is starter-sourced; domain-specific severity varies.,"Sterilization appears in several process architectures, but its importance should be tied to specific cards and operating constraints."
Unit operations,Solvent recovery is a recurring unit operation behind multiple atlas technologies: ,factual technical claim + engineering inference,,,Solvent recovery,,,Textbook/review + domain-specific examples,Starter sourced,"Sholl, D. S.; Lively, R. P. 2016. Seven chemical separations to change the world. Nature 532, 435–437. DOI: 10.1038/532435a. (https://www.nature.com/articles/532435a) | U.S. Department of Energy. 2015. Bandwidth Study on Energy Use and Potential Energy Saving Opportunities in U.S. Chemical Manufacturing. (https://www.energy.gov/cmei/ito/articles/bandwidth-study-us-chemical-manufacturing)",Tier 1 preferred; Tier 2 supplemental,Medium,Operation relevance is starter-sourced; domain-specific severity varies.,"Solvent recovery appears in several process architectures, but its importance should be tied to specific cards and operating constraints."
Unit operations,Wastewater treatment is a recurring unit operation behind multiple atlas technologies: ,factual technical claim + engineering inference,,,Wastewater treatment,,,Textbook/review + domain-specific examples,Starter sourced,"Sholl, D. S.; Lively, R. P. 2016. Seven chemical separations to change the world. Nature 532, 435–437. DOI: 10.1038/532435a. (https://www.nature.com/articles/532435a) | National Research Council. 1997. Advanced Technology for Human Support in Space. (https://www.nationalacademies.org/read/5826/chapter/4) | National Research Council. 2012. Water Reuse: Potential for Expanding the Nation's Water Supply Through Reuse of Municipal Wastewater. (https://www.nationalacademies.org/read/13303) | U.S. Environmental Protection Agency. 2026. Water Reuse and Recycling / National Water Reuse Action Plan. (https://www.epa.gov/waterreuse)",Tier 1 preferred; Tier 2 supplemental,Medium,Operation relevance is starter-sourced; domain-specific severity varies.,"Wastewater treatment appears in several process architectures, but its importance should be tied to specific cards and operating constraints."
Unit operations,Air separation is a recurring unit operation behind multiple atlas technologies: ,factual technical claim + engineering inference,,,Air separation,,,Textbook/review + domain-specific examples,Starter sourced,"Sholl, D. S.; Lively, R. P. 2016. Seven chemical separations to change the world. Nature 532, 435–437. DOI: 10.1038/532435a. (https://www.nature.com/articles/532435a) | U.S. Department of Energy. 2015. Bandwidth Study on Energy Use and Potential Energy Saving Opportunities in U.S. Chemical Manufacturing. (https://www.energy.gov/cmei/ito/articles/bandwidth-study-us-chemical-manufacturing)",Tier 1 preferred; Tier 2 supplemental,Medium,Operation relevance is starter-sourced; domain-specific severity varies.,"Air separation appears in several process architectures, but its importance should be tied to specific cards and operating constraints."
Unit operations,Ion exchange is a recurring unit operation behind multiple atlas technologies: ,factual technical claim + engineering inference,,,Ion exchange,,,Textbook/review + domain-specific examples,Starter sourced,"Sholl, D. S.; Lively, R. P. 2016. Seven chemical separations to change the world. Nature 532, 435–437. DOI: 10.1038/532435a. (https://www.nature.com/articles/532435a) | Ahrestani, Z., et al. 2023. An overview of atmospheric water harvesting methods. PMC / peer-reviewed review. (https://pmc.ncbi.nlm.nih.gov/articles/PMC10073925/)",Tier 1 preferred; Tier 2 supplemental,Medium,Operation relevance is starter-sourced; domain-specific severity varies.,"Ion exchange appears in several process architectures, but its importance should be tied to specific cards and operating constraints."
Unit operations,Precipitation is a recurring unit operation behind multiple atlas technologies: ,factual technical claim + engineering inference,,,Precipitation,,,Textbook/review + domain-specific examples,Starter sourced,"U.S. Geological Survey. 2025. Mineral Commodity Summaries 2025. (https://pubs.usgs.gov/publication/mcs2025) | Driver, J. G., et al. 2024. Global decarbonization potential of CO2 mineralization in concrete materials. Nature Communications / PMC. (https://pmc.ncbi.nlm.nih.gov/articles/PMC11260098/)",Tier 1 preferred; Tier 2 supplemental,Medium,Operation relevance is starter-sourced; domain-specific severity varies.,"Precipitation appears in several process architectures, but its importance should be tied to specific cards and operating constraints."
Unit operations,Leaching is a recurring unit operation behind multiple atlas technologies: ,factual technical claim + engineering inference,,,Leaching,,,Textbook/review + domain-specific examples,Starter sourced,U.S. Geological Survey. 2025. Mineral Commodity Summaries 2025. (https://pubs.usgs.gov/publication/mcs2025) | International Energy Agency. 2025. Global Critical Minerals Outlook 2025. (https://www.iea.org/reports/global-critical-minerals-outlook-2025),Tier 1 preferred; Tier 2 supplemental,Medium,Operation relevance is starter-sourced; domain-specific severity varies.,"Leaching appears in several process architectures, but its importance should be tied to specific cards and operating constraints."
Unit operations,Hydrometallurgy is a recurring unit operation behind multiple atlas technologies: ,factual technical claim + engineering inference,,,Hydrometallurgy,,,Textbook/review + domain-specific examples,Starter sourced,U.S. Geological Survey. 2025. Mineral Commodity Summaries 2025. (https://pubs.usgs.gov/publication/mcs2025) | International Energy Agency. 2025. Global Critical Minerals Outlook 2025. (https://www.iea.org/reports/global-critical-minerals-outlook-2025),Tier 1 preferred; Tier 2 supplemental,Medium,Operation relevance is starter-sourced; domain-specific severity varies.,"Hydrometallurgy appears in several process architectures, but its importance should be tied to specific cards and operating constraints."
Unit operations,Electrochemical separation is a recurring unit operation behind multiple atlas technologies: ,factual technical claim + engineering inference,,,Electrochemical separation,,,Textbook/review + domain-specific examples,Starter sourced,"International Energy Agency. 2024. Global Hydrogen Review 2024. (https://www.iea.org/reports/global-hydrogen-review-2024) | Sholl, D. S.; Lively, R. P. 2016. Seven chemical separations to change the world. Nature 532, 435–437. DOI: 10.1038/532435a. (https://www.nature.com/articles/532435a)",Tier 1 preferred; Tier 2 supplemental,Medium,Operation relevance is starter-sourced; domain-specific severity varies.,"Electrochemical separation appears in several process architectures, but its importance should be tied to specific cards and operating constraints."
Bottleneck taxonomy,energy penalty is used as a bottleneck class across 63 atlas cards.,engineering inference + taxonomy label,,,,energy penalty,,Readiness/manufacturing framework plus card-specific bottleneck sources,Partially supported; card-specific severity varies,"National Academies of Sciences, Engineering, and Medicine. 2019. A Strategic Plan for U.S. Burning Plasma Research. (https://www.nationalacademies.org/read/25331/chapter/6) | Fusion Energy Sciences Advisory Committee. 2020. Powering the Future: Fusion & Plasmas. (https://science.osti.gov/-/media/fes/fesac/pdf/2020/202012/FESAC_Report_2020_Powering_the_Future.pdf) | U.S. Government Accountability Office. 2025. Fusion Energy: Additional Planning Would Strengthen DOE's Efforts to Advance Commercialization. (https://www.gao.gov/assets/880/875618.pdf) | NASA Office of Technology, Policy, and Strategy. 2024. Space-Based Solar Power. (https://www.nasa.gov/wp-content/uploads/2024/01/otps-sbsp-report-final-tagged-approved-1-8-24-tagged-v2.pdf) | NASA. 2024. New Study Updates NASA on Space-Based Solar Power. (https://www.nasa.gov/organizations/otps/space-based-solar-power-report/) | European Space Agency. 2024. ESA accelerates the race towards clean energy from space. (https://www.esa.int/Space_in_Member_States/United_Kingdom/ESA_accelerates_the_race_towards_clean_energy_from_space)",Tier 1 preferred; Tier 2 supplemental,Medium,"The label is useful for navigation, but the severity and mechanism need card-level evidence.","Use energy penalty as a navigation/category label, then define the specific bottleneck mechanism within each card."
Bottleneck taxonomy,material degradation is used as a bottleneck class across 19 atlas cards.,engineering inference + taxonomy label,,,,material degradation,,Readiness/manufacturing framework plus card-specific bottleneck sources,Partially supported; card-specific severity varies,"National Academies of Sciences, Engineering, and Medicine. 2019. A Strategic Plan for U.S. Burning Plasma Research. (https://www.nationalacademies.org/read/25331/chapter/6) | Fusion Energy Sciences Advisory Committee. 2020. Powering the Future: Fusion & Plasmas. (https://science.osti.gov/-/media/fes/fesac/pdf/2020/202012/FESAC_Report_2020_Powering_the_Future.pdf) | U.S. Government Accountability Office. 2025. Fusion Energy: Additional Planning Would Strengthen DOE's Efforts to Advance Commercialization. (https://www.gao.gov/assets/880/875618.pdf) | International Energy Agency. 2024. Direct Air Capture. (https://www.iea.org/energy-system/carbon-capture-utilisation-and-storage/direct-air-capture) | National Academies of Sciences, Engineering, and Medicine. 2019. Negative Emissions Technologies and Reliable Sequestration: Direct Air Capture chapter. (https://www.nationalacademies.org/read/25259/chapter/7) | International Energy Agency. 2024. Carbon Capture, Utilisation and Storage. (https://www.iea.org/energy-system/carbon-capture-utilisation-and-storage)",Tier 1 preferred; Tier 2 supplemental,Medium,"The label is useful for navigation, but the severity and mechanism need card-level evidence.","Use material degradation as a navigation/category label, then define the specific bottleneck mechanism within each card."
Bottleneck taxonomy,low yield is used as a bottleneck class across 12 atlas cards.,engineering inference + taxonomy label,,,,low yield,,Readiness/manufacturing framework plus card-specific bottleneck sources,Partially supported; card-specific severity varies,"Engwerda, A. H. J., et al. 2020. A molecular assembler that produces polymers. Nature Communications. (https://www.nature.com/articles/s41467-020-17814-0) | Pitters, J., et al. 2024. Atomically Precise Manufacturing of Silicon Electronics. ACS / PMC. (https://pmc.ncbi.nlm.nih.gov/articles/PMC10919096/) | Umbrello, S. 2018. Evaluating future nanotechnology: The net societal impacts of atomically precise manufacturing. Futures. (https://www.sciencedirect.com/science/article/abs/pii/S0016328717301908) | Melenbrink, N., Werfel, J., and Menges, A. 2020. On-site autonomous construction robots: Toward unsupervised building. Automation in Construction. (https://www.sciencedirect.com/science/article/abs/pii/S0926580520301746) | Dias, P. G. F., et al. 2021. Swarm Robotics: A Perspective on the Latest Reviewed Concepts and Applications. Sensors. (https://pure.hw.ac.uk/ws/portalfiles/portal/44447821/sensors_21_02062.pdf) | NIOSH. 2024. Transforming Construction: Automation and Robotics for a Safer Future. (https://www.cdc.gov/niosh/bulletin/2024/construction-robotics.html)",Tier 1 preferred; Tier 2 supplemental,Medium,"The label is useful for navigation, but the severity and mechanism need card-level evidence.","Use low yield as a navigation/category label, then define the specific bottleneck mechanism within each card."
Bottleneck taxonomy,poor selectivity is used as a bottleneck class across 3 atlas cards.,engineering inference + taxonomy label,,,,poor selectivity,,Readiness/manufacturing framework plus card-specific bottleneck sources,Partially supported; card-specific severity varies,"International Energy Agency. 2024. Carbon Capture, Utilisation and Storage. (https://www.iea.org/energy-system/carbon-capture-utilisation-and-storage) | National Academies of Sciences, Engineering, and Medicine. 2019. Negative Emissions Technologies and Reliable Sequestration: Direct Air Capture chapter. (https://www.nationalacademies.org/read/25259/chapter/7) | U.S. Department of Energy. 2015. Bandwidth Study on Energy Use and Potential Energy Saving Opportunities in U.S. Chemical Manufacturing. (https://www.energy.gov/cmei/ito/articles/bandwidth-study-us-chemical-manufacturing) | Warren, I. 2021. Techno-Economic Analysis of Lithium Extraction from Geothermal Brines. National Renewable Energy Laboratory. (https://docs.nrel.gov/docs/fy21osti/79178.pdf) | International Energy Agency. 2025. Global Critical Minerals Outlook 2025. (https://www.iea.org/reports/global-critical-minerals-outlook-2025) | U.S. Geological Survey. 2025. Mineral Commodity Summaries 2025. (https://pubs.usgs.gov/publication/mcs2025)",Tier 1 preferred; Tier 2 supplemental,Medium,"The label is useful for navigation, but the severity and mechanism need card-level evidence.","Use poor selectivity as a navigation/category label, then define the specific bottleneck mechanism within each card."
Bottleneck taxonomy,slow kinetics is used as a bottleneck class across 0 atlas cards.,engineering inference + taxonomy label,,,,slow kinetics,,Readiness/manufacturing framework plus card-specific bottleneck sources,Partially supported; card-specific severity varies,"NASA. 2023. Technology Readiness Levels. (https://www.nasa.gov/directorates/somd/space-communications-navigation-program/technology-readiness-levels/) | U.S. Government Accountability Office. 2020. Technology Readiness Assessment Guide, GAO-20-48G. (https://www.gao.gov/assets/gao-20-48g.pdf) | U.S. Department of Defense. 2016. Manufacturing Readiness Level Deskbook, version 2.5. (https://dodmrl.com/workshop2016/MRL_Deskbook_V2.5%20September%202016.pdf) | Fernandez, J. A. 2010. Contextual Role of TRLs and MRLs in Technology Management. Sandia National Laboratories / OSTI. (https://www.osti.gov/servlets/purl/1002093) | Sauser, B., et al. 2009. Defining an Integration Readiness Level for Defense Acquisition. INCOSE / Systems Engineering context. (https://web.mst.edu/lib-circ/files/special%20collections/INCOSE/Defining%20an%20Integration%20Readiness%20Level%20for%20Defense%20Aquisition.pdf)",Tier 1 preferred; Tier 2 supplemental,Medium,"The label is useful for navigation, but the severity and mechanism need card-level evidence.","Use slow kinetics as a navigation/category label, then define the specific bottleneck mechanism within each card."
Bottleneck taxonomy,fouling is used as a bottleneck class across 10 atlas cards.,engineering inference + taxonomy label,,,,fouling,,Readiness/manufacturing framework plus card-specific bottleneck sources,Partially supported; card-specific severity varies,International Energy Agency. 2024. Global Hydrogen Review 2024. (https://www.iea.org/reports/global-hydrogen-review-2024) | International Energy Agency. 2025. Global Hydrogen Review 2025. (https://www.iea.org/reports/global-hydrogen-review-2025) | U.S. Department of Energy. 2022. Industrial Decarbonization Roadmap. (https://www.osti.gov/biblio/1961393) | National Research Council. 2008. Desalination: A National Perspective. (https://nap.nationalacademies.org/resource/12184/desal_final.pdf) | U.S. Geological Survey. 2019. Desalination. (https://www.usgs.gov/water-science-school/science/desalination) | U.S. Department of Energy. 2026. Desalination Basics. (https://www.energy.gov/cmei/ito/desalination-basics),Tier 1 preferred; Tier 2 supplemental,Medium,"The label is useful for navigation, but the severity and mechanism need card-level evidence.","Use fouling as a navigation/category label, then define the specific bottleneck mechanism within each card."
Bottleneck taxonomy,heat management is used as a bottleneck class across 29 atlas cards.,engineering inference + taxonomy label,,,,heat management,,Readiness/manufacturing framework plus card-specific bottleneck sources,Partially supported; card-specific severity varies,"National Academies of Sciences, Engineering, and Medicine. 2019. A Strategic Plan for U.S. Burning Plasma Research. (https://www.nationalacademies.org/read/25331/chapter/6) | Fusion Energy Sciences Advisory Committee. 2020. Powering the Future: Fusion & Plasmas. (https://science.osti.gov/-/media/fes/fesac/pdf/2020/202012/FESAC_Report_2020_Powering_the_Future.pdf) | U.S. Government Accountability Office. 2025. Fusion Energy: Additional Planning Would Strengthen DOE's Efforts to Advance Commercialization. (https://www.gao.gov/assets/880/875618.pdf) | NASA Office of Technology, Policy, and Strategy. 2024. Space-Based Solar Power. (https://www.nasa.gov/wp-content/uploads/2024/01/otps-sbsp-report-final-tagged-approved-1-8-24-tagged-v2.pdf) | NASA. 2024. New Study Updates NASA on Space-Based Solar Power. (https://www.nasa.gov/organizations/otps/space-based-solar-power-report/) | European Space Agency. 2024. ESA accelerates the race towards clean energy from space. (https://www.esa.int/Space_in_Member_States/United_Kingdom/ESA_accelerates_the_race_towards_clean_energy_from_space)",Tier 1 preferred; Tier 2 supplemental,Medium,"The label is useful for navigation, but the severity and mechanism need card-level evidence.","Use heat management as a navigation/category label, then define the specific bottleneck mechanism within each card."
Bottleneck taxonomy,mass-transfer limitation is used as a bottleneck class across 0 atlas cards.,engineering inference + taxonomy label,,,,mass-transfer limitation,,Readiness/manufacturing framework plus card-specific bottleneck sources,Partially supported; card-specific severity varies,"NASA. 2023. Technology Readiness Levels. (https://www.nasa.gov/directorates/somd/space-communications-navigation-program/technology-readiness-levels/) | U.S. Government Accountability Office. 2020. Technology Readiness Assessment Guide, GAO-20-48G. (https://www.gao.gov/assets/gao-20-48g.pdf) | U.S. Department of Defense. 2016. Manufacturing Readiness Level Deskbook, version 2.5. (https://dodmrl.com/workshop2016/MRL_Deskbook_V2.5%20September%202016.pdf) | Fernandez, J. A. 2010. Contextual Role of TRLs and MRLs in Technology Management. Sandia National Laboratories / OSTI. (https://www.osti.gov/servlets/purl/1002093) | Sauser, B., et al. 2009. Defining an Integration Readiness Level for Defense Acquisition. INCOSE / Systems Engineering context. (https://web.mst.edu/lib-circ/files/special%20collections/INCOSE/Defining%20an%20Integration%20Readiness%20Level%20for%20Defense%20Aquisition.pdf)",Tier 1 preferred; Tier 2 supplemental,Medium,"The label is useful for navigation, but the severity and mechanism need card-level evidence.","Use mass-transfer limitation as a navigation/category label, then define the specific bottleneck mechanism within each card."
Bottleneck taxonomy,separation cost is used as a bottleneck class across 18 atlas cards.,engineering inference + taxonomy label,,,,separation cost,,Readiness/manufacturing framework plus card-specific bottleneck sources,Partially supported; card-specific severity varies,"International Energy Agency. 2024. Direct Air Capture. (https://www.iea.org/energy-system/carbon-capture-utilisation-and-storage/direct-air-capture) | National Academies of Sciences, Engineering, and Medicine. 2019. Negative Emissions Technologies and Reliable Sequestration: Direct Air Capture chapter. (https://www.nationalacademies.org/read/25259/chapter/7) | International Energy Agency. 2024. Carbon Capture, Utilisation and Storage. (https://www.iea.org/energy-system/carbon-capture-utilisation-and-storage) | International Energy Agency. 2021. Ammonia Technology Roadmap: Towards more sustainable nitrogen fertiliser production. (https://www.iea.org/reports/ammonia-technology-roadmap) | International Energy Agency. 2024. Global Hydrogen Review 2024. (https://www.iea.org/reports/global-hydrogen-review-2024) | International Energy Agency. 2025. Global Hydrogen Review 2025. (https://www.iea.org/reports/global-hydrogen-review-2025)",Tier 1 preferred; Tier 2 supplemental,Medium,"The label is useful for navigation, but the severity and mechanism need card-level evidence.","Use separation cost as a navigation/category label, then define the specific bottleneck mechanism within each card."
Bottleneck taxonomy,purity requirement is used as a bottleneck class across 3 atlas cards.,engineering inference + taxonomy label,,,,purity requirement,,Readiness/manufacturing framework plus card-specific bottleneck sources,Partially supported; card-specific severity varies,"International Energy Agency. 2024. Carbon Capture, Utilisation and Storage. (https://www.iea.org/energy-system/carbon-capture-utilisation-and-storage) | National Academies of Sciences, Engineering, and Medicine. 2019. Negative Emissions Technologies and Reliable Sequestration: Direct Air Capture chapter. (https://www.nationalacademies.org/read/25259/chapter/7) | U.S. Department of Energy. 2015. Bandwidth Study on Energy Use and Potential Energy Saving Opportunities in U.S. Chemical Manufacturing. (https://www.energy.gov/cmei/ito/articles/bandwidth-study-us-chemical-manufacturing) | Warren, I. 2021. Techno-Economic Analysis of Lithium Extraction from Geothermal Brines. National Renewable Energy Laboratory. (https://docs.nrel.gov/docs/fy21osti/79178.pdf) | International Energy Agency. 2025. Global Critical Minerals Outlook 2025. (https://www.iea.org/reports/global-critical-minerals-outlook-2025) | U.S. Geological Survey. 2025. Mineral Commodity Summaries 2025. (https://pubs.usgs.gov/publication/mcs2025)",Tier 1 preferred; Tier 2 supplemental,Medium,"The label is useful for navigation, but the severity and mechanism need card-level evidence.","Use purity requirement as a navigation/category label, then define the specific bottleneck mechanism within each card."
Bottleneck taxonomy,infrastructure gap is used as a bottleneck class across 40 atlas cards.,engineering inference + taxonomy label,,,,infrastructure gap,,Readiness/manufacturing framework plus card-specific bottleneck sources,Partially supported; card-specific severity varies,"National Academies of Sciences, Engineering, and Medicine. 2019. A Strategic Plan for U.S. Burning Plasma Research. (https://www.nationalacademies.org/read/25331/chapter/6) | Fusion Energy Sciences Advisory Committee. 2020. Powering the Future: Fusion & Plasmas. (https://science.osti.gov/-/media/fes/fesac/pdf/2020/202012/FESAC_Report_2020_Powering_the_Future.pdf) | U.S. Government Accountability Office. 2025. Fusion Energy: Additional Planning Would Strengthen DOE's Efforts to Advance Commercialization. (https://www.gao.gov/assets/880/875618.pdf) | NASA Office of Technology, Policy, and Strategy. 2024. Space-Based Solar Power. (https://www.nasa.gov/wp-content/uploads/2024/01/otps-sbsp-report-final-tagged-approved-1-8-24-tagged-v2.pdf) | NASA. 2024. New Study Updates NASA on Space-Based Solar Power. (https://www.nasa.gov/organizations/otps/space-based-solar-power-report/) | European Space Agency. 2024. ESA accelerates the race towards clean energy from space. (https://www.esa.int/Space_in_Member_States/United_Kingdom/ESA_accelerates_the_race_towards_clean_energy_from_space)",Tier 1 preferred; Tier 2 supplemental,Medium,"The label is useful for navigation, but the severity and mechanism need card-level evidence.","Use infrastructure gap as a navigation/category label, then define the specific bottleneck mechanism within each card."
Bottleneck taxonomy,safety risk is used as a bottleneck class across 23 atlas cards.,engineering inference + taxonomy label,,,,safety risk,,Readiness/manufacturing framework plus card-specific bottleneck sources,Partially supported; card-specific severity varies,"International Energy Agency. 2024. Global Hydrogen Review 2024. (https://www.iea.org/reports/global-hydrogen-review-2024) | International Energy Agency. 2025. Global Hydrogen Review 2025. (https://www.iea.org/reports/global-hydrogen-review-2025) | U.S. Department of Energy. 2015. Bandwidth Study on Energy Use and Potential Energy Saving Opportunities in U.S. Chemical Manufacturing. (https://www.energy.gov/cmei/ito/articles/bandwidth-study-us-chemical-manufacturing) | National Research Council. 2012. Water Reuse: Potential for Expanding the Nation's Water Supply Through Reuse of Municipal Wastewater. (https://www.nationalacademies.org/read/13303) | U.S. Environmental Protection Agency. 2026. Water Reuse and Recycling / National Water Reuse Action Plan. (https://www.epa.gov/waterreuse) | Sholl, D. S.; Lively, R. P. 2016. Seven chemical separations to change the world. Nature 532, 435–437. DOI: 10.1038/532435a. (https://www.nature.com/articles/532435a)",Tier 1 preferred; Tier 2 supplemental,Medium,"The label is useful for navigation, but the severity and mechanism need card-level evidence.","Use safety risk as a navigation/category label, then define the specific bottleneck mechanism within each card."
Bottleneck taxonomy,regulatory barrier is used as a bottleneck class across 22 atlas cards.,engineering inference + taxonomy label,,,,regulatory barrier,,Readiness/manufacturing framework plus card-specific bottleneck sources,Partially supported; card-specific severity varies,"Calderon, O. R., et al. 2024. Sustainable Aviation Fuel State-of-Industry Report. NREL. (https://docs.nrel.gov/docs/fy24osti/87802.pdf) | U.S. Department of Energy Alternative Fuels Data Center. Sustainable Aviation Fuel. (https://afdc.energy.gov/fuels/sustainable-aviation-fuel) | Ozkan, M., et al. 2024. Forging a sustainable sky: aviation e-fuels review. PMC / peer-reviewed review. (https://pmc.ncbi.nlm.nih.gov/articles/PMC10960063/) | International Energy Agency. 2024. Cement. (https://www.iea.org/energy-system/industry/cement) | International Energy Agency and Cement Sustainability Initiative. 2018. Technology Roadmap: Low-Carbon Transition in the Cement Industry. (https://www.iea.org/reports/technology-roadmap-low-carbon-transition-in-the-cement-industry) | Driver, J. G., et al. 2024. Global decarbonization potential of CO2 mineralization in concrete materials. Nature Communications / PMC. (https://pmc.ncbi.nlm.nih.gov/articles/PMC11260098/)",Tier 1 preferred; Tier 2 supplemental,Medium,"The label is useful for navigation, but the severity and mechanism need card-level evidence.","Use regulatory barrier as a navigation/category label, then define the specific bottleneck mechanism within each card."
Bottleneck taxonomy,reliability gap is used as a bottleneck class across 33 atlas cards.,engineering inference + taxonomy label,,,,reliability gap,,Readiness/manufacturing framework plus card-specific bottleneck sources,Partially supported; card-specific severity varies,"NASA Office of Technology, Policy, and Strategy. 2024. Space-Based Solar Power. (https://www.nasa.gov/wp-content/uploads/2024/01/otps-sbsp-report-final-tagged-approved-1-8-24-tagged-v2.pdf) | NASA. 2024. New Study Updates NASA on Space-Based Solar Power. (https://www.nasa.gov/organizations/otps/space-based-solar-power-report/) | European Space Agency. 2024. ESA accelerates the race towards clean energy from space. (https://www.esa.int/Space_in_Member_States/United_Kingdom/ESA_accelerates_the_race_towards_clean_energy_from_space) | U.S. Environmental Protection Agency. 2026. Water Reuse and Recycling / National Water Reuse Action Plan. (https://www.epa.gov/waterreuse) | National Research Council. 2012. Water Reuse: Potential for Expanding the Nation's Water Supply Through Reuse of Municipal Wastewater. (https://www.nationalacademies.org/read/13303) | Sholl, D. S.; Lively, R. P. 2016. Seven chemical separations to change the world. Nature 532, 435–437. DOI: 10.1038/532435a. (https://www.nature.com/articles/532435a)",Tier 1 preferred; Tier 2 supplemental,Medium,"The label is useful for navigation, but the severity and mechanism need card-level evidence.","Use reliability gap as a navigation/category label, then define the specific bottleneck mechanism within each card."
Bottleneck taxonomy,supply-chain constraint is used as a bottleneck class across 12 atlas cards.,engineering inference + taxonomy label,,,,supply-chain constraint,,Readiness/manufacturing framework plus card-specific bottleneck sources,Partially supported; card-specific severity varies,"International Energy Agency. 2024. Cement. (https://www.iea.org/energy-system/industry/cement) | International Energy Agency and Cement Sustainability Initiative. 2018. Technology Roadmap: Low-Carbon Transition in the Cement Industry. (https://www.iea.org/reports/technology-roadmap-low-carbon-transition-in-the-cement-industry) | Driver, J. G., et al. 2024. Global decarbonization potential of CO2 mineralization in concrete materials. Nature Communications / PMC. (https://pmc.ncbi.nlm.nih.gov/articles/PMC11260098/) | International Energy Agency. 2020. Iron and Steel Technology Roadmap. (https://www.iea.org/reports/iron-and-steel-technology-roadmap) | U.S. Department of Energy. 2022. Industrial Decarbonization Roadmap. (https://www.osti.gov/biblio/1961393) | National Academies of Sciences, Engineering, and Medicine. 2020. Deployment of Deep Decarbonization Technologies. (https://www.nationalacademies.org/read/25656/chapter/6)",Tier 1 preferred; Tier 2 supplemental,Medium,"The label is useful for navigation, but the severity and mechanism need card-level evidence.","Use supply-chain constraint as a navigation/category label, then define the specific bottleneck mechanism within each card."
Bottleneck taxonomy,cost curve problem is used as a bottleneck class across 24 atlas cards.,engineering inference + taxonomy label,,,,cost curve problem,,Readiness/manufacturing framework plus card-specific bottleneck sources,Partially supported; card-specific severity varies,"International Energy Agency. 2024. Global Hydrogen Review 2024. (https://www.iea.org/reports/global-hydrogen-review-2024) | International Energy Agency. 2025. Global Hydrogen Review 2025. (https://www.iea.org/reports/global-hydrogen-review-2025) | U.S. Department of Energy. 2015. Bandwidth Study on Energy Use and Potential Energy Saving Opportunities in U.S. Chemical Manufacturing. (https://www.energy.gov/cmei/ito/articles/bandwidth-study-us-chemical-manufacturing) | U.S. Department of Energy. 2022. Industrial Decarbonization Roadmap. (https://www.osti.gov/biblio/1961393) | National Academies of Sciences, Engineering, and Medicine. 2020. Deployment of Deep Decarbonization Technologies. (https://www.nationalacademies.org/read/25656/chapter/6) | U.S. Department of Energy. 2023. Pathways to Commercial Liftoff: Long Duration Energy Storage. (https://www.energy.gov/sites/default/files/2023-09/Pathways%20to%20Commercial%20Liftoff%20Long%20Duration%20Energy%20Storage%20Opportunities_508.pdf)",Tier 1 preferred; Tier 2 supplemental,Medium,"The label is useful for navigation, but the severity and mechanism need card-level evidence.","Use cost curve problem as a navigation/category label, then define the specific bottleneck mechanism within each card."
Bottleneck taxonomy,public acceptance is used as a bottleneck class across 12 atlas cards.,engineering inference + taxonomy label,,,,public acceptance,,Readiness/manufacturing framework plus card-specific bottleneck sources,Partially supported; card-specific severity varies,"International Energy Agency. 2024. Cement. (https://www.iea.org/energy-system/industry/cement) | International Energy Agency and Cement Sustainability Initiative. 2018. Technology Roadmap: Low-Carbon Transition in the Cement Industry. (https://www.iea.org/reports/technology-roadmap-low-carbon-transition-in-the-cement-industry) | Driver, J. G., et al. 2024. Global decarbonization potential of CO2 mineralization in concrete materials. Nature Communications / PMC. (https://pmc.ncbi.nlm.nih.gov/articles/PMC11260098/) | National Research Council. 2012. Water Reuse: Potential for Expanding the Nation's Water Supply Through Reuse of Municipal Wastewater. (https://www.nationalacademies.org/read/13303) | U.S. Environmental Protection Agency. 2026. Water Reuse and Recycling / National Water Reuse Action Plan. (https://www.epa.gov/waterreuse) | Sholl, D. S.; Lively, R. P. 2016. Seven chemical separations to change the world. Nature 532, 435–437. DOI: 10.1038/532435a. (https://www.nature.com/articles/532435a)",Tier 1 preferred; Tier 2 supplemental,Medium,"The label is useful for navigation, but the severity and mechanism need card-level evidence.","Use public acceptance as a navigation/category label, then define the specific bottleneck mechanism within each card."
Bottleneck taxonomy,maintenance burden is used as a bottleneck class across 25 atlas cards.,engineering inference + taxonomy label,,,,maintenance burden,,Readiness/manufacturing framework plus card-specific bottleneck sources,Partially supported; card-specific severity varies,"U.S. Environmental Protection Agency. 2026. Water Reuse and Recycling / National Water Reuse Action Plan. (https://www.epa.gov/waterreuse) | National Research Council. 2012. Water Reuse: Potential for Expanding the Nation's Water Supply Through Reuse of Municipal Wastewater. (https://www.nationalacademies.org/read/13303) | Sholl, D. S.; Lively, R. P. 2016. Seven chemical separations to change the world. Nature 532, 435–437. DOI: 10.1038/532435a. (https://www.nature.com/articles/532435a) | National Research Council. 2008. Desalination: A National Perspective. (https://nap.nationalacademies.org/resource/12184/desal_final.pdf) | U.S. Department of Energy Building Technologies Office. 2023. Better Windows, Better Outcomes: How Electrochromics Improve Health, Productivity, and Efficiency. (https://www.energy.gov/sites/default/files/2023-12/bto-electrochromic-window-report-121123.pdf) | National Academies of Sciences, Engineering, and Medicine. 2020. Deployment of Deep Decarbonization Technologies. (https://www.nationalacademies.org/read/25656/chapter/6)",Tier 1 preferred; Tier 2 supplemental,Medium,"The label is useful for navigation, but the severity and mechanism need card-level evidence.","Use maintenance burden as a navigation/category label, then define the specific bottleneck mechanism within each card."
Bottleneck taxonomy,data/control problem is used as a bottleneck class across 40 atlas cards.,engineering inference + taxonomy label,,,,data/control problem,,Readiness/manufacturing framework plus card-specific bottleneck sources,Partially supported; card-specific severity varies,"U.S. Environmental Protection Agency. 2024. Interim Guidance on the Destruction and Disposal of PFAS and Materials Containing PFAS. (https://www.epa.gov/system/files/documents/2024-04/2024-interim-guidance-on-pfas-destruction-and-disposal.pdf) | Sholl, D. S.; Lively, R. P. 2016. Seven chemical separations to change the world. Nature 532, 435–437. DOI: 10.1038/532435a. (https://www.nature.com/articles/532435a) | National Research Council. 2012. Water Reuse: Potential for Expanding the Nation's Water Supply Through Reuse of Municipal Wastewater. (https://www.nationalacademies.org/read/13303) | U.S. Environmental Protection Agency. 2026. Water Reuse and Recycling / National Water Reuse Action Plan. (https://www.epa.gov/waterreuse) | Dohlman, E., C. Weber, and Y. Lee. 2024. Trends, Insights, and Future Prospects for Production in Controlled Environment Agriculture and Agrivoltaics. USDA ERS. (https://ers.usda.gov/sites/default/files/_laserfiche/publications/108221/EIB-264.pdf) | U.S. Department of Agriculture Agricultural Research Service. 2025. Vertical Farming — No Longer a Futuristic Concept. (https://www.ars.usda.gov/oc/utm/vertical-farming-no-longer-a-futuristic-concept/)",Tier 1 preferred; Tier 2 supplemental,Medium,"The label is useful for navigation, but the severity and mechanism need card-level evidence.","Use data/control problem as a navigation/category label, then define the specific bottleneck mechanism within each card."
Bottleneck taxonomy,manufacturing repeatability is used as a bottleneck class across 12 atlas cards.,engineering inference + taxonomy label,,,,manufacturing repeatability,,Readiness/manufacturing framework plus card-specific bottleneck sources,Partially supported; card-specific severity varies,"Engwerda, A. H. J., et al. 2020. A molecular assembler that produces polymers. Nature Communications. (https://www.nature.com/articles/s41467-020-17814-0) | Pitters, J., et al. 2024. Atomically Precise Manufacturing of Silicon Electronics. ACS / PMC. (https://pmc.ncbi.nlm.nih.gov/articles/PMC10919096/) | Umbrello, S. 2018. Evaluating future nanotechnology: The net societal impacts of atomically precise manufacturing. Futures. (https://www.sciencedirect.com/science/article/abs/pii/S0016328717301908) | Melenbrink, N., Werfel, J., and Menges, A. 2020. On-site autonomous construction robots: Toward unsupervised building. Automation in Construction. (https://www.sciencedirect.com/science/article/abs/pii/S0926580520301746) | Dias, P. G. F., et al. 2021. Swarm Robotics: A Perspective on the Latest Reviewed Concepts and Applications. Sensors. (https://pure.hw.ac.uk/ws/portalfiles/portal/44447821/sensors_21_02062.pdf) | NIOSH. 2024. Transforming Construction: Automation and Robotics for a Safer Future. (https://www.cdc.gov/niosh/bulletin/2024/construction-robotics.html)",Tier 1 preferred; Tier 2 supplemental,Medium,"The label is useful for navigation, but the severity and mechanism need card-level evidence.","Use manufacturing repeatability as a navigation/category label, then define the specific bottleneck mechanism within each card."
Bottleneck taxonomy,quality-control challenge is used as a bottleneck class across 8 atlas cards.,engineering inference + taxonomy label,,,,quality-control challenge,,Readiness/manufacturing framework plus card-specific bottleneck sources,Partially supported; card-specific severity varies,"International Energy Agency. 2020. Iron and Steel Technology Roadmap. (https://www.iea.org/reports/iron-and-steel-technology-roadmap) | U.S. Department of Energy. 2022. Industrial Decarbonization Roadmap. (https://www.osti.gov/biblio/1961393) | National Academies of Sciences, Engineering, and Medicine. 2020. Deployment of Deep Decarbonization Technologies. (https://www.nationalacademies.org/read/25656/chapter/6) | Melenbrink, N., Werfel, J., and Menges, A. 2020. On-site autonomous construction robots: Toward unsupervised building. Automation in Construction. (https://www.sciencedirect.com/science/article/abs/pii/S0926580520301746) | Parascho, S. 2023. Construction Robotics: From Automation to Collaboration. Annual Review of Control, Robotics, and Autonomous Systems. (https://www.annualreviews.org/content/journals/10.1146/annurev-control-080122-090049) | NIOSH. 2024. Transforming Construction: Automation and Robotics for a Safer Future. (https://www.cdc.gov/niosh/bulletin/2024/construction-robotics.html)",Tier 1 preferred; Tier 2 supplemental,Medium,"The label is useful for navigation, but the severity and mechanism need card-level evidence.","Use quality-control challenge as a navigation/category label, then define the specific bottleneck mechanism within each card."
Bottleneck taxonomy,lifecycle/recycling issue is used as a bottleneck class across 3 atlas cards.,engineering inference + taxonomy label,,,,lifecycle/recycling issue,,Readiness/manufacturing framework plus card-specific bottleneck sources,Partially supported; card-specific severity varies,"NASA. 2023. In-Situ Resource Utilization overview. (https://www.nasa.gov/overview-in-situ-resource-utilization/) | Muscatello, A. C., et al. 2012. Mars In Situ Resource Utilization Technology Evaluation. NASA NTRS. (https://ntrs.nasa.gov/api/citations/20120001775/downloads/20120001775.pdf) | NASA. 2025. Environmental Control and Life Support Systems (ECLSS). (https://www.nasa.gov/reference/environmental-control-and-life-support-systems-eclss/) | Kassab, A., et al. 2023. Advancing Plastic Recycling: Challenges and Opportunities in Distributed Recycling by Additive Manufacturing. Polymers. (https://pmc.ncbi.nlm.nih.gov/articles/PMC10575100/) | Cruz Sanchez, F. A., et al. 2020. Plastic recycling in additive manufacturing: A systematic literature review and opportunities for the circular economy. Journal of Cleaner Production. (https://www.sciencedirect.com/science/article/pii/S0959652620316498) | U.S. Environmental Protection Agency. Sustainable Materials Management. (https://www.epa.gov/smm)",Tier 1 preferred; Tier 2 supplemental,Medium,"The label is useful for navigation, but the severity and mechanism need card-level evidence.","Use lifecycle/recycling issue as a navigation/category label, then define the specific bottleneck mechanism within each card."
Bottleneck taxonomy,extreme environment durability is used as a bottleneck class across 3 atlas cards.,engineering inference + taxonomy label,,,,extreme environment durability,,Readiness/manufacturing framework plus card-specific bottleneck sources,Partially supported; card-specific severity varies,"Ralfs, L., et al. 2023. Insights into evaluating and using industrial exoskeletons. International Journal of Industrial Ergonomics. (https://www.sciencedirect.com/science/article/pii/S0169814123000860) | Nasr, A., et al. 2025. Safety in Wearable Robotic Exoskeletons: Design, Control, and Regulatory Considerations. ASME Journal of Mechanisms and Robotics. (https://asmedigitalcollection.asme.org/mechanismsrobotics/article/17/5/050801/1207334/Safety-in-Wearable-Robotic-Exoskeletons-Design) | Pote, T. R., Asbeck, N. V., and Asbeck, A. T. 2023. The Ethics of Mandatory Exoskeleton Use in Commercial and Industrial Settings. IEEE Transactions on Technology and Society. (https://vtechworks.lib.vt.edu/bitstreams/ad217288-a819-4fac-80ea-90cc64119de3/download) | Chang, C., et al. 2020. Toward the next-generation VR/AR optics: A review of holographic near-eye displays from a human-centric perspective. Optica. (https://pmc.ncbi.nlm.nih.gov/articles/PMC8208705/) | Park, J.-H. 2022. Holographic techniques for augmented reality and virtual reality near-eye displays. Light: Advanced Manufacturing. (https://www.light-am.com/en/article/doi/10.37188/lam.2022.009) | Ding, Y., et al. 2023. Waveguide-based augmented reality displays. Light: Science & Applications. (https://link.springer.com/article/10.1186/s43593-023-00057-z)",Tier 1 preferred; Tier 2 supplemental,Medium,"The label is useful for navigation, but the severity and mechanism need card-level evidence.","Use extreme environment durability as a navigation/category label, then define the specific bottleneck mechanism within each card."
Bottleneck taxonomy,scale-up uncertainty is used as a bottleneck class across 29 atlas cards.,engineering inference + taxonomy label,,,,scale-up uncertainty,,Readiness/manufacturing framework plus card-specific bottleneck sources,Partially supported; card-specific severity varies,"U.S. Department of Energy Office of Science. 2026. DOE Explains... Solar Fuels. (https://www.energy.gov/science/doe-explainssolar-fuels) | Machín, A., et al. 2023. Artificial Photosynthesis: Current Advancements and Future Prospects. Catalysts / PMC. (https://pmc.ncbi.nlm.nih.gov/articles/PMC10807655/) | International Energy Agency. 2024. Global Hydrogen Review 2024. (https://www.iea.org/reports/global-hydrogen-review-2024) | National Research Council. 2008. Desalination: A National Perspective. (https://nap.nationalacademies.org/resource/12184/desal_final.pdf) | U.S. Geological Survey. 2019. Desalination. (https://www.usgs.gov/water-science-school/science/desalination) | U.S. Department of Energy. 2026. Desalination Basics. (https://www.energy.gov/cmei/ito/desalination-basics)",Tier 1 preferred; Tier 2 supplemental,Medium,"The label is useful for navigation, but the severity and mechanism need card-level evidence.","Use scale-up uncertainty as a navigation/category label, then define the specific bottleneck mechanism within each card."
Technology / realistic pathway,"Fusion power plants: Plasma confinement, superconducting magnets, tritium breeding, heat extraction, turbine integration, and neutron-tolerant materials.",process-flow assumption + engineering inference,Fusion power plants,Copper; Rare earth elements; Sorbents; Sorbents,Heat exchange; Plasma processing; Electrolysis; Compression,energy penalty; material degradation; heat management; infrastructure gap,Burning plasma progress has not yet become a maintainable net-electric plant.,"Direct sources for process route, materials, bottlenecks, readiness, economics, and safety/regulatory issues",Partially supported / roadmap-stage,"National Academies of Sciences, Engineering, and Medicine. 2019. A Strategic Plan for U.S. Burning Plasma Research. (https://www.nationalacademies.org/read/25331/chapter/6) | Fusion Energy Sciences Advisory Committee. 2020. Powering the Future: Fusion & Plasmas. (https://science.osti.gov/-/media/fes/fesac/pdf/2020/202012/FESAC_Report_2020_Powering_the_Future.pdf) | U.S. Government Accountability Office. 2025. Fusion Energy: Additional Planning Would Strengthen DOE's Efforts to Advance Commercialization. (https://www.gao.gov/assets/880/875618.pdf) | EPRI / U.S. Department of Energy. 2024. Fusion Blankets Research Objectives. (https://www.energy.gov/articles/epri-fusion-blankets-report-2024) | National Academies of Sciences, Engineering, and Medicine. 2020. Deployment of Deep Decarbonization Technologies. (https://www.nationalacademies.org/read/25656/chapter/6) | International Energy Agency. 2024. Global Hydrogen Review 2024. (https://www.iea.org/reports/global-hydrogen-review-2024)",Tier 1 preferred; Tier 2 supplemental,Medium,"Sources support active research, demonstrations, or roadmaps; scale/cost/reliability are unresolved.","Frame as roadmap-stage or early-stage. Keep Fusion power plants wording qualified around economics, timelines, and performance unless claim-level evidence is added."
Technology / simplified PFD,Fusion power plants is represented with the simplified PFD sequence: Fuel preparation → Plasma confinement → Heat capture → Power cycle → Grid integration.,process-flow assumption,Fusion power plants,Copper; Rare earth elements; Sorbents; Sorbents,Heat exchange; Plasma processing; Electrolysis; Compression,energy penalty; material degradation; heat management; infrastructure gap,Burning plasma progress has not yet become a maintainable net-electric plant.,Process-route sources showing actual major unit operations or system blocks,Partially supported / roadmap-stage,"National Academies of Sciences, Engineering, and Medicine. 2019. A Strategic Plan for U.S. Burning Plasma Research. (https://www.nationalacademies.org/read/25331/chapter/6) | Fusion Energy Sciences Advisory Committee. 2020. Powering the Future: Fusion & Plasmas. (https://science.osti.gov/-/media/fes/fesac/pdf/2020/202012/FESAC_Report_2020_Powering_the_Future.pdf) | U.S. Government Accountability Office. 2025. Fusion Energy: Additional Planning Would Strengthen DOE's Efforts to Advance Commercialization. (https://www.gao.gov/assets/880/875618.pdf) | EPRI / U.S. Department of Energy. 2024. Fusion Blankets Research Objectives. (https://www.energy.gov/articles/epri-fusion-blankets-report-2024) | National Academies of Sciences, Engineering, and Medicine. 2020. Deployment of Deep Decarbonization Technologies. (https://www.nationalacademies.org/read/25656/chapter/6) | International Energy Agency. 2024. Global Hydrogen Review 2024. (https://www.iea.org/reports/global-hydrogen-review-2024)",Tier 1 preferred; Tier 2 supplemental,Medium,Mini-PFDs are simplified; exact process routes can vary by architecture/vendor/design.,Treat the mini-PFD as a teaching abstraction unless a source directly supports the sequence.
Technology / readiness gap,Fusion power plants readiness gap: Burning plasma progress has not yet become a maintainable net-electric plant.,readiness/economics claim,Fusion power plants,Copper; Rare earth elements; Sorbents; Sorbents,Heat exchange; Plasma processing; Electrolysis; Compression,energy penalty; material degradation; heat management; infrastructure gap,Burning plasma progress has not yet become a maintainable net-electric plant.,TRL/MRL/IRL plus domain-specific demonstration/commercialization sources,Partially supported / roadmap-stage,"National Academies of Sciences, Engineering, and Medicine. 2019. A Strategic Plan for U.S. Burning Plasma Research. (https://www.nationalacademies.org/read/25331/chapter/6) | Fusion Energy Sciences Advisory Committee. 2020. Powering the Future: Fusion & Plasmas. (https://science.osti.gov/-/media/fes/fesac/pdf/2020/202012/FESAC_Report_2020_Powering_the_Future.pdf) | U.S. Government Accountability Office. 2025. Fusion Energy: Additional Planning Would Strengthen DOE's Efforts to Advance Commercialization. (https://www.gao.gov/assets/880/875618.pdf) | EPRI / U.S. Department of Energy. 2024. Fusion Blankets Research Objectives. (https://www.energy.gov/articles/epri-fusion-blankets-report-2024) | National Academies of Sciences, Engineering, and Medicine. 2020. Deployment of Deep Decarbonization Technologies. (https://www.nationalacademies.org/read/25656/chapter/6) | International Energy Agency. 2024. Global Hydrogen Review 2024. (https://www.iea.org/reports/global-hydrogen-review-2024)",Tier 1 preferred; Tier 2 supplemental,Medium,"Sources support active research, demonstrations, or roadmaps; scale/cost/reliability are unresolved.","Qualify readiness gaps with the specific maturity dimension: technical, manufacturing, integration, infrastructure, safety, or economics."
Technology / scale trigger,"Fusion power plants scale trigger: Blankets, magnets, and maintenance cycles must support high availability.",readiness/economics claim + engineering inference,Fusion power plants,Copper; Rare earth elements; Sorbents; Sorbents,Heat exchange; Plasma processing; Electrolysis; Compression,energy penalty; material degradation; heat management; infrastructure gap,"Blankets, magnets, and maintenance cycles must support high availability.","Techno-economic analysis, pilot data, manufacturing learning, reliability, regulatory/permitting evidence",Partially supported / roadmap-stage,"National Academies of Sciences, Engineering, and Medicine. 2019. A Strategic Plan for U.S. Burning Plasma Research. (https://www.nationalacademies.org/read/25331/chapter/6) | Fusion Energy Sciences Advisory Committee. 2020. Powering the Future: Fusion & Plasmas. (https://science.osti.gov/-/media/fes/fesac/pdf/2020/202012/FESAC_Report_2020_Powering_the_Future.pdf) | U.S. Government Accountability Office. 2025. Fusion Energy: Additional Planning Would Strengthen DOE's Efforts to Advance Commercialization. (https://www.gao.gov/assets/880/875618.pdf) | EPRI / U.S. Department of Energy. 2024. Fusion Blankets Research Objectives. (https://www.energy.gov/articles/epri-fusion-blankets-report-2024) | National Academies of Sciences, Engineering, and Medicine. 2020. Deployment of Deep Decarbonization Technologies. (https://www.nationalacademies.org/read/25656/chapter/6) | International Energy Agency. 2024. Global Hydrogen Review 2024. (https://www.iea.org/reports/global-hydrogen-review-2024)",Tier 1 preferred; Tier 2 supplemental,Medium,"Scale-trigger language is often inferential and should be verified with TEA, deployment data, or agency roadmap sources.",Phrase scale triggers as hypotheses unless a direct source supports the causal threshold.
Technology / realistic pathway,"Space-based solar power: Ultra-light PV arrays, robotic orbital assembly, wireless power transmission, safe rectenna fields, low launch cost, and grid integration.",process-flow assumption + engineering inference,Space-based solar power,Silicon; Photoresists; Copper; Sorbents; Sorbents,Electrolysis; Heat exchange; Compression,energy penalty; heat management; infrastructure gap; reliability gap,The system is plausible in pieces but not as a low-cost orbital utility.,"Direct sources for process route, materials, bottlenecks, readiness, economics, and safety/regulatory issues",Partially supported / roadmap-stage,"NASA Office of Technology, Policy, and Strategy. 2024. Space-Based Solar Power. (https://www.nasa.gov/wp-content/uploads/2024/01/otps-sbsp-report-final-tagged-approved-1-8-24-tagged-v2.pdf) | NASA. 2024. New Study Updates NASA on Space-Based Solar Power. (https://www.nasa.gov/organizations/otps/space-based-solar-power-report/) | European Space Agency. 2024. ESA accelerates the race towards clean energy from space. (https://www.esa.int/Space_in_Member_States/United_Kingdom/ESA_accelerates_the_race_towards_clean_energy_from_space) | National Academies of Sciences, Engineering, and Medicine. 2020. Deployment of Deep Decarbonization Technologies. (https://www.nationalacademies.org/read/25656/chapter/6) | International Energy Agency. 2024. Global Hydrogen Review 2024. (https://www.iea.org/reports/global-hydrogen-review-2024) | U.S. Department of Energy. 2023. Pathways to Commercial Liftoff: Long Duration Energy Storage. (https://www.energy.gov/sites/default/files/2023-09/Pathways%20to%20Commercial%20Liftoff%20Long%20Duration%20Energy%20Storage%20Opportunities_508.pdf)",Tier 1 preferred; Tier 2 supplemental,Medium,"Sources support active research, demonstrations, or roadmaps; scale/cost/reliability are unresolved.","Frame as roadmap-stage or early-stage. Keep Space-based solar power wording qualified around economics, timelines, and performance unless claim-level evidence is added."
Technology / simplified PFD,Space-based solar power is represented with the simplified PFD sequence: Solar collection → DC conversion → Wireless transmission → Rectenna capture → Grid conditioning.,process-flow assumption,Space-based solar power,Silicon; Photoresists; Copper; Sorbents; Sorbents,Electrolysis; Heat exchange; Compression,energy penalty; heat management; infrastructure gap; reliability gap,The system is plausible in pieces but not as a low-cost orbital utility.,Process-route sources showing actual major unit operations or system blocks,Partially supported / roadmap-stage,"NASA Office of Technology, Policy, and Strategy. 2024. Space-Based Solar Power. (https://www.nasa.gov/wp-content/uploads/2024/01/otps-sbsp-report-final-tagged-approved-1-8-24-tagged-v2.pdf) | NASA. 2024. New Study Updates NASA on Space-Based Solar Power. (https://www.nasa.gov/organizations/otps/space-based-solar-power-report/) | European Space Agency. 2024. ESA accelerates the race towards clean energy from space. (https://www.esa.int/Space_in_Member_States/United_Kingdom/ESA_accelerates_the_race_towards_clean_energy_from_space) | National Academies of Sciences, Engineering, and Medicine. 2020. Deployment of Deep Decarbonization Technologies. (https://www.nationalacademies.org/read/25656/chapter/6) | International Energy Agency. 2024. Global Hydrogen Review 2024. (https://www.iea.org/reports/global-hydrogen-review-2024) | U.S. Department of Energy. 2023. Pathways to Commercial Liftoff: Long Duration Energy Storage. (https://www.energy.gov/sites/default/files/2023-09/Pathways%20to%20Commercial%20Liftoff%20Long%20Duration%20Energy%20Storage%20Opportunities_508.pdf)",Tier 1 preferred; Tier 2 supplemental,Medium,Mini-PFDs are simplified; exact process routes can vary by architecture/vendor/design.,Treat the mini-PFD as a teaching abstraction unless a source directly supports the sequence.
Technology / readiness gap,Space-based solar power readiness gap: The system is plausible in pieces but not as a low-cost orbital utility.,readiness/economics claim,Space-based solar power,Silicon; Photoresists; Copper; Sorbents; Sorbents,Electrolysis; Heat exchange; Compression,energy penalty; heat management; infrastructure gap; reliability gap,The system is plausible in pieces but not as a low-cost orbital utility.,TRL/MRL/IRL plus domain-specific demonstration/commercialization sources,Partially supported / roadmap-stage,"NASA Office of Technology, Policy, and Strategy. 2024. Space-Based Solar Power. (https://www.nasa.gov/wp-content/uploads/2024/01/otps-sbsp-report-final-tagged-approved-1-8-24-tagged-v2.pdf) | NASA. 2024. New Study Updates NASA on Space-Based Solar Power. (https://www.nasa.gov/organizations/otps/space-based-solar-power-report/) | European Space Agency. 2024. ESA accelerates the race towards clean energy from space. (https://www.esa.int/Space_in_Member_States/United_Kingdom/ESA_accelerates_the_race_towards_clean_energy_from_space) | National Academies of Sciences, Engineering, and Medicine. 2020. Deployment of Deep Decarbonization Technologies. (https://www.nationalacademies.org/read/25656/chapter/6) | International Energy Agency. 2024. Global Hydrogen Review 2024. (https://www.iea.org/reports/global-hydrogen-review-2024) | U.S. Department of Energy. 2023. Pathways to Commercial Liftoff: Long Duration Energy Storage. (https://www.energy.gov/sites/default/files/2023-09/Pathways%20to%20Commercial%20Liftoff%20Long%20Duration%20Energy%20Storage%20Opportunities_508.pdf)",Tier 1 preferred; Tier 2 supplemental,Medium,"Sources support active research, demonstrations, or roadmaps; scale/cost/reliability are unresolved.","Qualify readiness gaps with the specific maturity dimension: technical, manufacturing, integration, infrastructure, safety, or economics."
Technology / scale trigger,"Space-based solar power scale trigger: Launch, assembly, and transmission losses must fall below terrestrial alternatives.",readiness/economics claim + engineering inference,Space-based solar power,Silicon; Photoresists; Copper; Sorbents; Sorbents,Electrolysis; Heat exchange; Compression,energy penalty; heat management; infrastructure gap; reliability gap,"Launch, assembly, and transmission losses must fall below terrestrial alternatives.","Techno-economic analysis, pilot data, manufacturing learning, reliability, regulatory/permitting evidence",Partially supported / roadmap-stage,"NASA Office of Technology, Policy, and Strategy. 2024. Space-Based Solar Power. (https://www.nasa.gov/wp-content/uploads/2024/01/otps-sbsp-report-final-tagged-approved-1-8-24-tagged-v2.pdf) | NASA. 2024. New Study Updates NASA on Space-Based Solar Power. (https://www.nasa.gov/organizations/otps/space-based-solar-power-report/) | European Space Agency. 2024. ESA accelerates the race towards clean energy from space. (https://www.esa.int/Space_in_Member_States/United_Kingdom/ESA_accelerates_the_race_towards_clean_energy_from_space) | National Academies of Sciences, Engineering, and Medicine. 2020. Deployment of Deep Decarbonization Technologies. (https://www.nationalacademies.org/read/25656/chapter/6) | International Energy Agency. 2024. Global Hydrogen Review 2024. (https://www.iea.org/reports/global-hydrogen-review-2024) | U.S. Department of Energy. 2023. Pathways to Commercial Liftoff: Long Duration Energy Storage. (https://www.energy.gov/sites/default/files/2023-09/Pathways%20to%20Commercial%20Liftoff%20Long%20Duration%20Energy%20Storage%20Opportunities_508.pdf)",Tier 1 preferred; Tier 2 supplemental,Medium,"Scale-trigger language is often inferential and should be verified with TEA, deployment data, or agency roadmap sources.",Phrase scale triggers as hypotheses unless a direct source supports the causal threshold.
Technology / realistic pathway,"Direct air capture cities: Low-energy sorbents, modular air contactors, renewable heat, CO2 purification, compression, storage, utilization, or mineralization.",process-flow assumption + engineering inference,Direct air capture cities,Carbon dioxide; Oxygen; Sorbents; Sorbents,Adsorption; Compression; Heat exchange; Catalysis,energy penalty; material degradation; heat management; separation cost,"Early plants exist, but city-scale removal needs much cheaper modules and low-carbon energy.","Direct sources for process route, materials, bottlenecks, readiness, economics, and safety/regulatory issues",Supported as starter-sourced framing,"International Energy Agency. 2024. Direct Air Capture. (https://www.iea.org/energy-system/carbon-capture-utilisation-and-storage/direct-air-capture) | National Academies of Sciences, Engineering, and Medicine. 2019. Negative Emissions Technologies and Reliable Sequestration: Direct Air Capture chapter. (https://www.nationalacademies.org/read/25259/chapter/7) | International Energy Agency. 2024. Carbon Capture, Utilisation and Storage. (https://www.iea.org/energy-system/carbon-capture-utilisation-and-storage) | International Energy Agency. 2020. CCUS in Clean Energy Transitions. (https://www.iea.org/reports/ccus-in-clean-energy-transitions) | Sholl, D. S.; Lively, R. P. 2016. Seven chemical separations to change the world. Nature 532, 435–437. DOI: 10.1038/532435a. (https://www.nature.com/articles/532435a) | National Academies of Sciences, Engineering, and Medicine. 2020. Deployment of Deep Decarbonization Technologies. (https://www.nationalacademies.org/read/25656/chapter/6)",Tier 1 preferred; Tier 2 supplemental,Medium,"Source set supports the process framing, but individual claims require direct verification.","Verify numbers, economics, timelines, and performance separately. Keep Direct air capture cities wording qualified around economics, timelines, and performance unless claim-level evidence is added."
Technology / simplified PFD,Direct air capture cities is represented with the simplified PFD sequence: Air intake → CO2 capture → Sorbent regeneration → Purification/compression → Storage or utilization.,process-flow assumption,Direct air capture cities,Carbon dioxide; Oxygen; Sorbents; Sorbents,Adsorption; Compression; Heat exchange; Catalysis,energy penalty; material degradation; heat management; separation cost,"Early plants exist, but city-scale removal needs much cheaper modules and low-carbon energy.",Process-route sources showing actual major unit operations or system blocks,Supported as starter-sourced framing,"International Energy Agency. 2024. Direct Air Capture. (https://www.iea.org/energy-system/carbon-capture-utilisation-and-storage/direct-air-capture) | National Academies of Sciences, Engineering, and Medicine. 2019. Negative Emissions Technologies and Reliable Sequestration: Direct Air Capture chapter. (https://www.nationalacademies.org/read/25259/chapter/7) | International Energy Agency. 2024. Carbon Capture, Utilisation and Storage. (https://www.iea.org/energy-system/carbon-capture-utilisation-and-storage) | International Energy Agency. 2020. CCUS in Clean Energy Transitions. (https://www.iea.org/reports/ccus-in-clean-energy-transitions) | Sholl, D. S.; Lively, R. P. 2016. Seven chemical separations to change the world. Nature 532, 435–437. DOI: 10.1038/532435a. (https://www.nature.com/articles/532435a) | National Academies of Sciences, Engineering, and Medicine. 2020. Deployment of Deep Decarbonization Technologies. (https://www.nationalacademies.org/read/25656/chapter/6)",Tier 1 preferred; Tier 2 supplemental,Medium,Mini-PFDs are simplified; exact process routes can vary by architecture/vendor/design.,Treat the mini-PFD as a teaching abstraction unless a source directly supports the sequence.
Technology / readiness gap,"Direct air capture cities readiness gap: Early plants exist, but city-scale removal needs much cheaper modules and low-carbon energy.",readiness/economics claim,Direct air capture cities,Carbon dioxide; Oxygen; Sorbents; Sorbents,Adsorption; Compression; Heat exchange; Catalysis,energy penalty; material degradation; heat management; separation cost,"Early plants exist, but city-scale removal needs much cheaper modules and low-carbon energy.",TRL/MRL/IRL plus domain-specific demonstration/commercialization sources,Supported as starter-sourced framing,"International Energy Agency. 2024. Direct Air Capture. (https://www.iea.org/energy-system/carbon-capture-utilisation-and-storage/direct-air-capture) | National Academies of Sciences, Engineering, and Medicine. 2019. Negative Emissions Technologies and Reliable Sequestration: Direct Air Capture chapter. (https://www.nationalacademies.org/read/25259/chapter/7) | International Energy Agency. 2024. Carbon Capture, Utilisation and Storage. (https://www.iea.org/energy-system/carbon-capture-utilisation-and-storage) | International Energy Agency. 2020. CCUS in Clean Energy Transitions. (https://www.iea.org/reports/ccus-in-clean-energy-transitions) | Sholl, D. S.; Lively, R. P. 2016. Seven chemical separations to change the world. Nature 532, 435–437. DOI: 10.1038/532435a. (https://www.nature.com/articles/532435a) | National Academies of Sciences, Engineering, and Medicine. 2020. Deployment of Deep Decarbonization Technologies. (https://www.nationalacademies.org/read/25656/chapter/6)",Tier 1 preferred; Tier 2 supplemental,Medium,"Source set supports the process framing, but individual claims require direct verification.","Qualify readiness gaps with the specific maturity dimension: technical, manufacturing, integration, infrastructure, safety, or economics."
Technology / scale trigger,Direct air capture cities scale trigger: Capture cost must drop while storage and verification capacity expands.,readiness/economics claim + engineering inference,Direct air capture cities,Carbon dioxide; Oxygen; Sorbents; Sorbents,Adsorption; Compression; Heat exchange; Catalysis,energy penalty; material degradation; heat management; separation cost,Capture cost must drop while storage and verification capacity expands.,"Techno-economic analysis, pilot data, manufacturing learning, reliability, regulatory/permitting evidence",Needs claim-level verification,"International Energy Agency. 2024. Direct Air Capture. (https://www.iea.org/energy-system/carbon-capture-utilisation-and-storage/direct-air-capture) | National Academies of Sciences, Engineering, and Medicine. 2019. Negative Emissions Technologies and Reliable Sequestration: Direct Air Capture chapter. (https://www.nationalacademies.org/read/25259/chapter/7) | International Energy Agency. 2024. Carbon Capture, Utilisation and Storage. (https://www.iea.org/energy-system/carbon-capture-utilisation-and-storage) | International Energy Agency. 2020. CCUS in Clean Energy Transitions. (https://www.iea.org/reports/ccus-in-clean-energy-transitions) | Sholl, D. S.; Lively, R. P. 2016. Seven chemical separations to change the world. Nature 532, 435–437. DOI: 10.1038/532435a. (https://www.nature.com/articles/532435a) | National Academies of Sciences, Engineering, and Medicine. 2020. Deployment of Deep Decarbonization Technologies. (https://www.nationalacademies.org/read/25656/chapter/6)",Tier 1 preferred; Tier 2 supplemental,Low-Medium,"Scale-trigger language is often inferential and should be verified with TEA, deployment data, or agency roadmap sources.",Phrase scale triggers as hypotheses unless a direct source supports the causal threshold.
Technology / realistic pathway,"Synthetic fuel from air and water: Direct air capture, green hydrogen, catalytic CO2 conversion, methanol or Fischer-Tropsch synthesis, refining, and fuel certification.",process-flow assumption + engineering inference,Synthetic fuel from air and water,Hydrogen; Carbon dioxide; Methanol; Syngas; Oxygen; Water,Electrolysis; Catalysis; Heat exchange; Adsorption; Compression,energy penalty; heat management; infrastructure gap; regulatory barrier,Chemistry is known; economics depend on cheap electricity and high plant utilization.,"Direct sources for process route, materials, bottlenecks, readiness, economics, and safety/regulatory issues",Supported as starter-sourced framing,"Calderon, O. R., et al. 2024. Sustainable Aviation Fuel State-of-Industry Report. NREL. (https://docs.nrel.gov/docs/fy24osti/87802.pdf) | U.S. Department of Energy Alternative Fuels Data Center. Sustainable Aviation Fuel. (https://afdc.energy.gov/fuels/sustainable-aviation-fuel) | Ozkan, M., et al. 2024. Forging a sustainable sky: aviation e-fuels review. PMC / peer-reviewed review. (https://pmc.ncbi.nlm.nih.gov/articles/PMC10960063/) | International Energy Agency. 2024. Global Hydrogen Review 2024. (https://www.iea.org/reports/global-hydrogen-review-2024) | International Energy Agency. 2024. Direct Air Capture. (https://www.iea.org/energy-system/carbon-capture-utilisation-and-storage/direct-air-capture) | National Academies of Sciences, Engineering, and Medicine. 2020. Deployment of Deep Decarbonization Technologies. (https://www.nationalacademies.org/read/25656/chapter/6)",Tier 1 preferred; Tier 2 supplemental,Medium,"Source set supports the process framing, but individual claims require direct verification.","Verify numbers, economics, timelines, and performance separately. Keep Synthetic fuel from air and water wording qualified around economics, timelines, and performance unless claim-level evidence is added."
Technology / simplified PFD,Synthetic fuel from air and water is represented with the simplified PFD sequence: Air and water intake → CO2 capture and electrolysis → Syngas or methanol → Hydrocarbon synthesis → Fuel upgrading.,process-flow assumption,Synthetic fuel from air and water,Hydrogen; Carbon dioxide; Methanol; Syngas; Oxygen; Water,Electrolysis; Catalysis; Heat exchange; Adsorption; Compression,energy penalty; heat management; infrastructure gap; regulatory barrier,Chemistry is known; economics depend on cheap electricity and high plant utilization.,Process-route sources showing actual major unit operations or system blocks,Supported as starter-sourced framing,"Calderon, O. R., et al. 2024. Sustainable Aviation Fuel State-of-Industry Report. NREL. (https://docs.nrel.gov/docs/fy24osti/87802.pdf) | U.S. Department of Energy Alternative Fuels Data Center. Sustainable Aviation Fuel. (https://afdc.energy.gov/fuels/sustainable-aviation-fuel) | Ozkan, M., et al. 2024. Forging a sustainable sky: aviation e-fuels review. PMC / peer-reviewed review. (https://pmc.ncbi.nlm.nih.gov/articles/PMC10960063/) | International Energy Agency. 2024. Global Hydrogen Review 2024. (https://www.iea.org/reports/global-hydrogen-review-2024) | International Energy Agency. 2024. Direct Air Capture. (https://www.iea.org/energy-system/carbon-capture-utilisation-and-storage/direct-air-capture) | National Academies of Sciences, Engineering, and Medicine. 2020. Deployment of Deep Decarbonization Technologies. (https://www.nationalacademies.org/read/25656/chapter/6)",Tier 1 preferred; Tier 2 supplemental,Medium,Mini-PFDs are simplified; exact process routes can vary by architecture/vendor/design.,Treat the mini-PFD as a teaching abstraction unless a source directly supports the sequence.
Technology / readiness gap,Synthetic fuel from air and water readiness gap: Chemistry is known; economics depend on cheap electricity and high plant utilization.,readiness/economics claim,Synthetic fuel from air and water,Hydrogen; Carbon dioxide; Methanol; Syngas; Oxygen; Water,Electrolysis; Catalysis; Heat exchange; Adsorption; Compression,energy penalty; heat management; infrastructure gap; regulatory barrier,Chemistry is known; economics depend on cheap electricity and high plant utilization.,TRL/MRL/IRL plus domain-specific demonstration/commercialization sources,Supported as starter-sourced framing,"Calderon, O. R., et al. 2024. Sustainable Aviation Fuel State-of-Industry Report. NREL. (https://docs.nrel.gov/docs/fy24osti/87802.pdf) | U.S. Department of Energy Alternative Fuels Data Center. Sustainable Aviation Fuel. (https://afdc.energy.gov/fuels/sustainable-aviation-fuel) | Ozkan, M., et al. 2024. Forging a sustainable sky: aviation e-fuels review. PMC / peer-reviewed review. (https://pmc.ncbi.nlm.nih.gov/articles/PMC10960063/) | International Energy Agency. 2024. Global Hydrogen Review 2024. (https://www.iea.org/reports/global-hydrogen-review-2024) | International Energy Agency. 2024. Direct Air Capture. (https://www.iea.org/energy-system/carbon-capture-utilisation-and-storage/direct-air-capture) | National Academies of Sciences, Engineering, and Medicine. 2020. Deployment of Deep Decarbonization Technologies. (https://www.nationalacademies.org/read/25656/chapter/6)",Tier 1 preferred; Tier 2 supplemental,Medium,"Source set supports the process framing, but individual claims require direct verification.","Qualify readiness gaps with the specific maturity dimension: technical, manufacturing, integration, infrastructure, safety, or economics."
Technology / scale trigger,"Synthetic fuel from air and water scale trigger: Green hydrogen and CO2 must become low-cost, reliable feedstocks.",readiness/economics claim + engineering inference,Synthetic fuel from air and water,Hydrogen; Carbon dioxide; Methanol; Syngas; Oxygen; Water,Electrolysis; Catalysis; Heat exchange; Adsorption; Compression,energy penalty; heat management; infrastructure gap; regulatory barrier,"Green hydrogen and CO2 must become low-cost, reliable feedstocks.","Techno-economic analysis, pilot data, manufacturing learning, reliability, regulatory/permitting evidence",Needs claim-level verification,"Calderon, O. R., et al. 2024. Sustainable Aviation Fuel State-of-Industry Report. NREL. (https://docs.nrel.gov/docs/fy24osti/87802.pdf) | U.S. Department of Energy Alternative Fuels Data Center. Sustainable Aviation Fuel. (https://afdc.energy.gov/fuels/sustainable-aviation-fuel) | Ozkan, M., et al. 2024. Forging a sustainable sky: aviation e-fuels review. PMC / peer-reviewed review. (https://pmc.ncbi.nlm.nih.gov/articles/PMC10960063/) | International Energy Agency. 2024. Global Hydrogen Review 2024. (https://www.iea.org/reports/global-hydrogen-review-2024) | International Energy Agency. 2024. Direct Air Capture. (https://www.iea.org/energy-system/carbon-capture-utilisation-and-storage/direct-air-capture) | National Academies of Sciences, Engineering, and Medicine. 2020. Deployment of Deep Decarbonization Technologies. (https://www.nationalacademies.org/read/25656/chapter/6)",Tier 1 preferred; Tier 2 supplemental,Low-Medium,"Scale-trigger language is often inferential and should be verified with TEA, deployment data, or agency roadmap sources.",Phrase scale triggers as hypotheses unless a direct source supports the causal threshold.
Technology / realistic pathway,"Green hydrogen cities: Cheap electrolyzers, renewable electricity, storage tanks or caverns, pipelines, fuel cells, safety systems, and end-use conversion.",process-flow assumption + engineering inference,Green hydrogen cities,Hydrogen; Oxygen; Water; Growth media; Scaffolds,Electrolysis; Compression; Combustion; Heat exchange,energy penalty; infrastructure gap; safety risk; cost curve problem,"Hydrogen is industrially mature, but city-scale clean distribution is not.","Direct sources for process route, materials, bottlenecks, readiness, economics, and safety/regulatory issues",Supported as starter-sourced framing,"International Energy Agency. 2024. Global Hydrogen Review 2024. (https://www.iea.org/reports/global-hydrogen-review-2024) | International Energy Agency. 2025. Global Hydrogen Review 2025. (https://www.iea.org/reports/global-hydrogen-review-2025) | U.S. Department of Energy. 2015. Bandwidth Study on Energy Use and Potential Energy Saving Opportunities in U.S. Chemical Manufacturing. (https://www.energy.gov/cmei/ito/articles/bandwidth-study-us-chemical-manufacturing) | National Academies of Sciences, Engineering, and Medicine. 2020. Deployment of Deep Decarbonization Technologies. (https://www.nationalacademies.org/read/25656/chapter/6) | U.S. Department of Energy. 2023. Pathways to Commercial Liftoff: Long Duration Energy Storage. (https://www.energy.gov/sites/default/files/2023-09/Pathways%20to%20Commercial%20Liftoff%20Long%20Duration%20Energy%20Storage%20Opportunities_508.pdf) | U.S. Department of Energy. 2024. Achieving the Promise of Low-Cost Long Duration Energy Storage. (https://www.energy.gov/sites/default/files/2024-08/Achieving%20the%20Promise%20of%20Low-Cost%20Long%20Duration%20Energy%20Storage_FINAL_08052024.pdf)",Tier 1 preferred; Tier 2 supplemental,Medium,"Source set supports the process framing, but individual claims require direct verification.","Verify numbers, economics, timelines, and performance separately. Keep Green hydrogen cities wording qualified around economics, timelines, and performance unless claim-level evidence is added."
Technology / simplified PFD,Green hydrogen cities is represented with the simplified PFD sequence: Water feed → Electrolysis → Compression/storage → Distribution → Fuel cell or combustion use.,process-flow assumption,Green hydrogen cities,Hydrogen; Oxygen; Water; Growth media; Scaffolds,Electrolysis; Compression; Combustion; Heat exchange,energy penalty; infrastructure gap; safety risk; cost curve problem,"Hydrogen is industrially mature, but city-scale clean distribution is not.",Process-route sources showing actual major unit operations or system blocks,Supported as starter-sourced framing,"International Energy Agency. 2024. Global Hydrogen Review 2024. (https://www.iea.org/reports/global-hydrogen-review-2024) | International Energy Agency. 2025. Global Hydrogen Review 2025. (https://www.iea.org/reports/global-hydrogen-review-2025) | U.S. Department of Energy. 2015. Bandwidth Study on Energy Use and Potential Energy Saving Opportunities in U.S. Chemical Manufacturing. (https://www.energy.gov/cmei/ito/articles/bandwidth-study-us-chemical-manufacturing) | National Academies of Sciences, Engineering, and Medicine. 2020. Deployment of Deep Decarbonization Technologies. (https://www.nationalacademies.org/read/25656/chapter/6) | U.S. Department of Energy. 2023. Pathways to Commercial Liftoff: Long Duration Energy Storage. (https://www.energy.gov/sites/default/files/2023-09/Pathways%20to%20Commercial%20Liftoff%20Long%20Duration%20Energy%20Storage%20Opportunities_508.pdf) | U.S. Department of Energy. 2024. Achieving the Promise of Low-Cost Long Duration Energy Storage. (https://www.energy.gov/sites/default/files/2024-08/Achieving%20the%20Promise%20of%20Low-Cost%20Long%20Duration%20Energy%20Storage_FINAL_08052024.pdf)",Tier 1 preferred; Tier 2 supplemental,Medium,Mini-PFDs are simplified; exact process routes can vary by architecture/vendor/design.,Treat the mini-PFD as a teaching abstraction unless a source directly supports the sequence.
Technology / readiness gap,"Green hydrogen cities readiness gap: Hydrogen is industrially mature, but city-scale clean distribution is not.",readiness/economics claim,Green hydrogen cities,Hydrogen; Oxygen; Water; Growth media; Scaffolds,Electrolysis; Compression; Combustion; Heat exchange,energy penalty; infrastructure gap; safety risk; cost curve problem,"Hydrogen is industrially mature, but city-scale clean distribution is not.",TRL/MRL/IRL plus domain-specific demonstration/commercialization sources,Supported as starter-sourced framing,"International Energy Agency. 2024. Global Hydrogen Review 2024. (https://www.iea.org/reports/global-hydrogen-review-2024) | International Energy Agency. 2025. Global Hydrogen Review 2025. (https://www.iea.org/reports/global-hydrogen-review-2025) | U.S. Department of Energy. 2015. Bandwidth Study on Energy Use and Potential Energy Saving Opportunities in U.S. Chemical Manufacturing. (https://www.energy.gov/cmei/ito/articles/bandwidth-study-us-chemical-manufacturing) | National Academies of Sciences, Engineering, and Medicine. 2020. Deployment of Deep Decarbonization Technologies. (https://www.nationalacademies.org/read/25656/chapter/6) | U.S. Department of Energy. 2023. Pathways to Commercial Liftoff: Long Duration Energy Storage. (https://www.energy.gov/sites/default/files/2023-09/Pathways%20to%20Commercial%20Liftoff%20Long%20Duration%20Energy%20Storage%20Opportunities_508.pdf) | U.S. Department of Energy. 2024. Achieving the Promise of Low-Cost Long Duration Energy Storage. (https://www.energy.gov/sites/default/files/2024-08/Achieving%20the%20Promise%20of%20Low-Cost%20Long%20Duration%20Energy%20Storage_FINAL_08052024.pdf)",Tier 1 preferred; Tier 2 supplemental,Medium,"Source set supports the process framing, but individual claims require direct verification.","Qualify readiness gaps with the specific maturity dimension: technical, manufacturing, integration, infrastructure, safety, or economics."
Technology / scale trigger,"Green hydrogen cities scale trigger: Electrolyzer cost, storage safety, and pipeline compatibility must align.",readiness/economics claim + engineering inference,Green hydrogen cities,Hydrogen; Oxygen; Water; Growth media; Scaffolds,Electrolysis; Compression; Combustion; Heat exchange,energy penalty; infrastructure gap; safety risk; cost curve problem,"Electrolyzer cost, storage safety, and pipeline compatibility must align.","Techno-economic analysis, pilot data, manufacturing learning, reliability, regulatory/permitting evidence",Needs claim-level verification,"International Energy Agency. 2024. Global Hydrogen Review 2024. (https://www.iea.org/reports/global-hydrogen-review-2024) | International Energy Agency. 2025. Global Hydrogen Review 2025. (https://www.iea.org/reports/global-hydrogen-review-2025) | U.S. Department of Energy. 2015. Bandwidth Study on Energy Use and Potential Energy Saving Opportunities in U.S. Chemical Manufacturing. (https://www.energy.gov/cmei/ito/articles/bandwidth-study-us-chemical-manufacturing) | National Academies of Sciences, Engineering, and Medicine. 2020. Deployment of Deep Decarbonization Technologies. (https://www.nationalacademies.org/read/25656/chapter/6) | U.S. Department of Energy. 2023. Pathways to Commercial Liftoff: Long Duration Energy Storage. (https://www.energy.gov/sites/default/files/2023-09/Pathways%20to%20Commercial%20Liftoff%20Long%20Duration%20Energy%20Storage%20Opportunities_508.pdf) | U.S. Department of Energy. 2024. Achieving the Promise of Low-Cost Long Duration Energy Storage. (https://www.energy.gov/sites/default/files/2024-08/Achieving%20the%20Promise%20of%20Low-Cost%20Long%20Duration%20Energy%20Storage_FINAL_08052024.pdf)",Tier 1 preferred; Tier 2 supplemental,Low-Medium,"Scale-trigger language is often inferential and should be verified with TEA, deployment data, or agency roadmap sources.",Phrase scale triggers as hypotheses unless a direct source supports the causal threshold.
Technology / realistic pathway,"Green ammonia fuel: Green hydrogen, nitrogen separation, Haber-Bosch or alternative synthesis, cracking or direct combustion, and NOx management.",process-flow assumption + engineering inference,Green ammonia fuel,Hydrogen; Carbon dioxide; Ammonia; Nitrogen,Heat exchange; Combustion; Air separation; Electrolysis; Compression,energy penalty; heat management; separation cost; infrastructure gap,Production is mature; low-carbon synthesis and safe fuel use need deployment.,"Direct sources for process route, materials, bottlenecks, readiness, economics, and safety/regulatory issues",Supported as starter-sourced framing,"International Energy Agency. 2021. Ammonia Technology Roadmap: Towards more sustainable nitrogen fertiliser production. (https://www.iea.org/reports/ammonia-technology-roadmap) | International Energy Agency. 2024. Global Hydrogen Review 2024. (https://www.iea.org/reports/global-hydrogen-review-2024) | International Energy Agency. 2025. Global Hydrogen Review 2025. (https://www.iea.org/reports/global-hydrogen-review-2025) | U.S. Department of Energy. 2022. Industrial Decarbonization Roadmap. (https://www.osti.gov/biblio/1961393) | National Academies of Sciences, Engineering, and Medicine. 2020. Deployment of Deep Decarbonization Technologies. (https://www.nationalacademies.org/read/25656/chapter/6) | U.S. Department of Energy. 2023. Pathways to Commercial Liftoff: Long Duration Energy Storage. (https://www.energy.gov/sites/default/files/2023-09/Pathways%20to%20Commercial%20Liftoff%20Long%20Duration%20Energy%20Storage%20Opportunities_508.pdf)",Tier 1 preferred; Tier 2 supplemental,Medium,"Source set supports the process framing, but individual claims require direct verification.","Verify numbers, economics, timelines, and performance separately. Keep Green ammonia fuel wording qualified around economics, timelines, and performance unless claim-level evidence is added."
Technology / simplified PFD,Green ammonia fuel is represented with the simplified PFD sequence: Air separation → Hydrogen production → Ammonia synthesis → Storage/shipping → Fuel or fertilizer use.,process-flow assumption,Green ammonia fuel,Hydrogen; Carbon dioxide; Ammonia; Nitrogen,Heat exchange; Combustion; Air separation; Electrolysis; Compression,energy penalty; heat management; separation cost; infrastructure gap,Production is mature; low-carbon synthesis and safe fuel use need deployment.,Process-route sources showing actual major unit operations or system blocks,Supported as starter-sourced framing,"International Energy Agency. 2021. Ammonia Technology Roadmap: Towards more sustainable nitrogen fertiliser production. (https://www.iea.org/reports/ammonia-technology-roadmap) | International Energy Agency. 2024. Global Hydrogen Review 2024. (https://www.iea.org/reports/global-hydrogen-review-2024) | International Energy Agency. 2025. Global Hydrogen Review 2025. (https://www.iea.org/reports/global-hydrogen-review-2025) | U.S. Department of Energy. 2022. Industrial Decarbonization Roadmap. (https://www.osti.gov/biblio/1961393) | National Academies of Sciences, Engineering, and Medicine. 2020. Deployment of Deep Decarbonization Technologies. (https://www.nationalacademies.org/read/25656/chapter/6) | U.S. Department of Energy. 2023. Pathways to Commercial Liftoff: Long Duration Energy Storage. (https://www.energy.gov/sites/default/files/2023-09/Pathways%20to%20Commercial%20Liftoff%20Long%20Duration%20Energy%20Storage%20Opportunities_508.pdf)",Tier 1 preferred; Tier 2 supplemental,Medium,Mini-PFDs are simplified; exact process routes can vary by architecture/vendor/design.,Treat the mini-PFD as a teaching abstraction unless a source directly supports the sequence.
Technology / readiness gap,Green ammonia fuel readiness gap: Production is mature; low-carbon synthesis and safe fuel use need deployment.,readiness/economics claim,Green ammonia fuel,Hydrogen; Carbon dioxide; Ammonia; Nitrogen,Heat exchange; Combustion; Air separation; Electrolysis; Compression,energy penalty; heat management; separation cost; infrastructure gap,Production is mature; low-carbon synthesis and safe fuel use need deployment.,TRL/MRL/IRL plus domain-specific demonstration/commercialization sources,Supported as starter-sourced framing,"International Energy Agency. 2021. Ammonia Technology Roadmap: Towards more sustainable nitrogen fertiliser production. (https://www.iea.org/reports/ammonia-technology-roadmap) | International Energy Agency. 2024. Global Hydrogen Review 2024. (https://www.iea.org/reports/global-hydrogen-review-2024) | International Energy Agency. 2025. Global Hydrogen Review 2025. (https://www.iea.org/reports/global-hydrogen-review-2025) | U.S. Department of Energy. 2022. Industrial Decarbonization Roadmap. (https://www.osti.gov/biblio/1961393) | National Academies of Sciences, Engineering, and Medicine. 2020. Deployment of Deep Decarbonization Technologies. (https://www.nationalacademies.org/read/25656/chapter/6) | U.S. Department of Energy. 2023. Pathways to Commercial Liftoff: Long Duration Energy Storage. (https://www.energy.gov/sites/default/files/2023-09/Pathways%20to%20Commercial%20Liftoff%20Long%20Duration%20Energy%20Storage%20Opportunities_508.pdf)",Tier 1 preferred; Tier 2 supplemental,Medium,"Source set supports the process framing, but individual claims require direct verification.","Qualify readiness gaps with the specific maturity dimension: technical, manufacturing, integration, infrastructure, safety, or economics."
Technology / scale trigger,"Green ammonia fuel scale trigger: Ports, engines, safety systems, and NOx controls must standardize.",readiness/economics claim + engineering inference,Green ammonia fuel,Hydrogen; Carbon dioxide; Ammonia; Nitrogen,Heat exchange; Combustion; Air separation; Electrolysis; Compression,energy penalty; heat management; separation cost; infrastructure gap,"Ports, engines, safety systems, and NOx controls must standardize.","Techno-economic analysis, pilot data, manufacturing learning, reliability, regulatory/permitting evidence",Needs claim-level verification,"International Energy Agency. 2021. Ammonia Technology Roadmap: Towards more sustainable nitrogen fertiliser production. (https://www.iea.org/reports/ammonia-technology-roadmap) | International Energy Agency. 2024. Global Hydrogen Review 2024. (https://www.iea.org/reports/global-hydrogen-review-2024) | International Energy Agency. 2025. Global Hydrogen Review 2025. (https://www.iea.org/reports/global-hydrogen-review-2025) | U.S. Department of Energy. 2022. Industrial Decarbonization Roadmap. (https://www.osti.gov/biblio/1961393) | National Academies of Sciences, Engineering, and Medicine. 2020. Deployment of Deep Decarbonization Technologies. (https://www.nationalacademies.org/read/25656/chapter/6) | U.S. Department of Energy. 2023. Pathways to Commercial Liftoff: Long Duration Energy Storage. (https://www.energy.gov/sites/default/files/2023-09/Pathways%20to%20Commercial%20Liftoff%20Long%20Duration%20Energy%20Storage%20Opportunities_508.pdf)",Tier 1 preferred; Tier 2 supplemental,Low-Medium,"Scale-trigger language is often inferential and should be verified with TEA, deployment data, or agency roadmap sources.",Phrase scale triggers as hypotheses unless a direct source supports the causal threshold.
Technology / realistic pathway,"Carbon-negative concrete: CO2 capture, mineralization chemistry, alkaline waste feedstocks, low-carbon cement blends, curing control, and structural certification.",process-flow assumption + engineering inference,Carbon-negative concrete,Carbon dioxide; Oxygen; Cement/concrete chemistries; Sorbents; Cementitious materials; Mineral aggregates; Sorbents,Curing; Coating; Filtration,material degradation; regulatory barrier; supply-chain constraint; public acceptance,"Pilot products exist, but broad code acceptance and feedstock logistics lag.","Direct sources for process route, materials, bottlenecks, readiness, economics, and safety/regulatory issues",Supported as starter-sourced framing,"International Energy Agency. 2024. Cement. (https://www.iea.org/energy-system/industry/cement) | International Energy Agency and Cement Sustainability Initiative. 2018. Technology Roadmap: Low-Carbon Transition in the Cement Industry. (https://www.iea.org/reports/technology-roadmap-low-carbon-transition-in-the-cement-industry) | Driver, J. G., et al. 2024. Global decarbonization potential of CO2 mineralization in concrete materials. Nature Communications / PMC. (https://pmc.ncbi.nlm.nih.gov/articles/PMC11260098/) | International Energy Agency. 2024. Carbon Capture, Utilisation and Storage. (https://www.iea.org/energy-system/carbon-capture-utilisation-and-storage) | National Academies of Sciences, Engineering, and Medicine. 2020. Deployment of Deep Decarbonization Technologies. (https://www.nationalacademies.org/read/25656/chapter/6) | International Energy Agency. 2024. Direct Air Capture. (https://www.iea.org/energy-system/carbon-capture-utilisation-and-storage/direct-air-capture)",Tier 1 preferred; Tier 2 supplemental,Medium,"Source set supports the process framing, but individual claims require direct verification.","Verify numbers, economics, timelines, and performance separately. Keep Carbon-negative concrete wording qualified around economics, timelines, and performance unless claim-level evidence is added."
Technology / simplified PFD,Carbon-negative concrete is represented with the simplified PFD sequence: CO2 source → Mineralization reactor → Aggregate/cement formulation → Controlled curing → Structural product.,process-flow assumption,Carbon-negative concrete,Carbon dioxide; Oxygen; Cement/concrete chemistries; Sorbents; Cementitious materials; Mineral aggregates; Sorbents,Curing; Coating; Filtration,material degradation; regulatory barrier; supply-chain constraint; public acceptance,"Pilot products exist, but broad code acceptance and feedstock logistics lag.",Process-route sources showing actual major unit operations or system blocks,Supported as starter-sourced framing,"International Energy Agency. 2024. Cement. (https://www.iea.org/energy-system/industry/cement) | International Energy Agency and Cement Sustainability Initiative. 2018. Technology Roadmap: Low-Carbon Transition in the Cement Industry. (https://www.iea.org/reports/technology-roadmap-low-carbon-transition-in-the-cement-industry) | Driver, J. G., et al. 2024. Global decarbonization potential of CO2 mineralization in concrete materials. Nature Communications / PMC. (https://pmc.ncbi.nlm.nih.gov/articles/PMC11260098/) | International Energy Agency. 2024. Carbon Capture, Utilisation and Storage. (https://www.iea.org/energy-system/carbon-capture-utilisation-and-storage) | National Academies of Sciences, Engineering, and Medicine. 2020. Deployment of Deep Decarbonization Technologies. (https://www.nationalacademies.org/read/25656/chapter/6) | International Energy Agency. 2024. Direct Air Capture. (https://www.iea.org/energy-system/carbon-capture-utilisation-and-storage/direct-air-capture)",Tier 1 preferred; Tier 2 supplemental,Medium,Mini-PFDs are simplified; exact process routes can vary by architecture/vendor/design.,Treat the mini-PFD as a teaching abstraction unless a source directly supports the sequence.
Technology / readiness gap,"Carbon-negative concrete readiness gap: Pilot products exist, but broad code acceptance and feedstock logistics lag.",readiness/economics claim,Carbon-negative concrete,Carbon dioxide; Oxygen; Cement/concrete chemistries; Sorbents; Cementitious materials; Mineral aggregates; Sorbents,Curing; Coating; Filtration,material degradation; regulatory barrier; supply-chain constraint; public acceptance,"Pilot products exist, but broad code acceptance and feedstock logistics lag.",TRL/MRL/IRL plus domain-specific demonstration/commercialization sources,Supported as starter-sourced framing,"International Energy Agency. 2024. Cement. (https://www.iea.org/energy-system/industry/cement) | International Energy Agency and Cement Sustainability Initiative. 2018. Technology Roadmap: Low-Carbon Transition in the Cement Industry. (https://www.iea.org/reports/technology-roadmap-low-carbon-transition-in-the-cement-industry) | Driver, J. G., et al. 2024. Global decarbonization potential of CO2 mineralization in concrete materials. Nature Communications / PMC. (https://pmc.ncbi.nlm.nih.gov/articles/PMC11260098/) | International Energy Agency. 2024. Carbon Capture, Utilisation and Storage. (https://www.iea.org/energy-system/carbon-capture-utilisation-and-storage) | National Academies of Sciences, Engineering, and Medicine. 2020. Deployment of Deep Decarbonization Technologies. (https://www.nationalacademies.org/read/25656/chapter/6) | International Energy Agency. 2024. Direct Air Capture. (https://www.iea.org/energy-system/carbon-capture-utilisation-and-storage/direct-air-capture)",Tier 1 preferred; Tier 2 supplemental,Medium,"Source set supports the process framing, but individual claims require direct verification.","Qualify readiness gaps with the specific maturity dimension: technical, manufacturing, integration, infrastructure, safety, or economics."
Technology / scale trigger,Carbon-negative concrete scale trigger: Carbon storage must be verified without compromising structural performance.,readiness/economics claim + engineering inference,Carbon-negative concrete,Carbon dioxide; Oxygen; Cement/concrete chemistries; Sorbents; Cementitious materials; Mineral aggregates; Sorbents,Curing; Coating; Filtration,material degradation; regulatory barrier; supply-chain constraint; public acceptance,Carbon storage must be verified without compromising structural performance.,"Techno-economic analysis, pilot data, manufacturing learning, reliability, regulatory/permitting evidence",Needs claim-level verification,"International Energy Agency. 2024. Cement. (https://www.iea.org/energy-system/industry/cement) | International Energy Agency and Cement Sustainability Initiative. 2018. Technology Roadmap: Low-Carbon Transition in the Cement Industry. (https://www.iea.org/reports/technology-roadmap-low-carbon-transition-in-the-cement-industry) | Driver, J. G., et al. 2024. Global decarbonization potential of CO2 mineralization in concrete materials. Nature Communications / PMC. (https://pmc.ncbi.nlm.nih.gov/articles/PMC11260098/) | International Energy Agency. 2024. Carbon Capture, Utilisation and Storage. (https://www.iea.org/energy-system/carbon-capture-utilisation-and-storage) | National Academies of Sciences, Engineering, and Medicine. 2020. Deployment of Deep Decarbonization Technologies. (https://www.nationalacademies.org/read/25656/chapter/6) | International Energy Agency. 2024. Direct Air Capture. (https://www.iea.org/energy-system/carbon-capture-utilisation-and-storage/direct-air-capture)",Tier 1 preferred; Tier 2 supplemental,Low-Medium,"Scale-trigger language is often inferential and should be verified with TEA, deployment data, or agency roadmap sources.",Phrase scale triggers as hypotheses unless a direct source supports the causal threshold.
Technology / realistic pathway,"Low-carbon steel: Green hydrogen direct reduction, electric arc furnaces, clean electricity, scrap sorting, and low-carbon iron ore processing.",process-flow assumption + engineering inference,Low-carbon steel,Hydrogen; Carbon dioxide; Water; Metals and alloys,Coating; Drying,energy penalty; infrastructure gap; supply-chain constraint; quality-control challenge,"Demonstrations are advancing, but global steel needs massive hydrogen and power scale.","Direct sources for process route, materials, bottlenecks, readiness, economics, and safety/regulatory issues",Supported as starter-sourced framing,"International Energy Agency. 2020. Iron and Steel Technology Roadmap. (https://www.iea.org/reports/iron-and-steel-technology-roadmap) | U.S. Department of Energy. 2022. Industrial Decarbonization Roadmap. (https://www.osti.gov/biblio/1961393) | National Academies of Sciences, Engineering, and Medicine. 2020. Deployment of Deep Decarbonization Technologies. (https://www.nationalacademies.org/read/25656/chapter/6) | International Energy Agency. 2024. Global Hydrogen Review 2024. (https://www.iea.org/reports/global-hydrogen-review-2024) | International Energy Agency. 2024. Carbon Capture, Utilisation and Storage. (https://www.iea.org/energy-system/carbon-capture-utilisation-and-storage) | International Energy Agency. 2024. Direct Air Capture. (https://www.iea.org/energy-system/carbon-capture-utilisation-and-storage/direct-air-capture)",Tier 1 preferred; Tier 2 supplemental,Medium,"Source set supports the process framing, but individual claims require direct verification.","Verify numbers, economics, timelines, and performance separately. Keep Low-carbon steel wording qualified around economics, timelines, and performance unless claim-level evidence is added."
Technology / simplified PFD,Low-carbon steel is represented with the simplified PFD sequence: Iron ore prep → Hydrogen reduction → Sponge iron → Electric furnace → Steel finishing.,process-flow assumption,Low-carbon steel,Hydrogen; Carbon dioxide; Water; Metals and alloys,Coating; Drying,energy penalty; infrastructure gap; supply-chain constraint; quality-control challenge,"Demonstrations are advancing, but global steel needs massive hydrogen and power scale.",Process-route sources showing actual major unit operations or system blocks,Supported as starter-sourced framing,"International Energy Agency. 2020. Iron and Steel Technology Roadmap. (https://www.iea.org/reports/iron-and-steel-technology-roadmap) | U.S. Department of Energy. 2022. Industrial Decarbonization Roadmap. (https://www.osti.gov/biblio/1961393) | National Academies of Sciences, Engineering, and Medicine. 2020. Deployment of Deep Decarbonization Technologies. (https://www.nationalacademies.org/read/25656/chapter/6) | International Energy Agency. 2024. Global Hydrogen Review 2024. (https://www.iea.org/reports/global-hydrogen-review-2024) | International Energy Agency. 2024. Carbon Capture, Utilisation and Storage. (https://www.iea.org/energy-system/carbon-capture-utilisation-and-storage) | International Energy Agency. 2024. Direct Air Capture. (https://www.iea.org/energy-system/carbon-capture-utilisation-and-storage/direct-air-capture)",Tier 1 preferred; Tier 2 supplemental,Medium,Mini-PFDs are simplified; exact process routes can vary by architecture/vendor/design.,Treat the mini-PFD as a teaching abstraction unless a source directly supports the sequence.
Technology / readiness gap,"Low-carbon steel readiness gap: Demonstrations are advancing, but global steel needs massive hydrogen and power scale.",readiness/economics claim,Low-carbon steel,Hydrogen; Carbon dioxide; Water; Metals and alloys,Coating; Drying,energy penalty; infrastructure gap; supply-chain constraint; quality-control challenge,"Demonstrations are advancing, but global steel needs massive hydrogen and power scale.",TRL/MRL/IRL plus domain-specific demonstration/commercialization sources,Supported as starter-sourced framing,"International Energy Agency. 2020. Iron and Steel Technology Roadmap. (https://www.iea.org/reports/iron-and-steel-technology-roadmap) | U.S. Department of Energy. 2022. Industrial Decarbonization Roadmap. (https://www.osti.gov/biblio/1961393) | National Academies of Sciences, Engineering, and Medicine. 2020. Deployment of Deep Decarbonization Technologies. (https://www.nationalacademies.org/read/25656/chapter/6) | International Energy Agency. 2024. Global Hydrogen Review 2024. (https://www.iea.org/reports/global-hydrogen-review-2024) | International Energy Agency. 2024. Carbon Capture, Utilisation and Storage. (https://www.iea.org/energy-system/carbon-capture-utilisation-and-storage) | International Energy Agency. 2024. Direct Air Capture. (https://www.iea.org/energy-system/carbon-capture-utilisation-and-storage/direct-air-capture)",Tier 1 preferred; Tier 2 supplemental,Medium,"Source set supports the process framing, but individual claims require direct verification.","Qualify readiness gaps with the specific maturity dimension: technical, manufacturing, integration, infrastructure, safety, or economics."
Technology / scale trigger,Low-carbon steel scale trigger: Green hydrogen must be available at commodity industrial volumes.,readiness/economics claim + engineering inference,Low-carbon steel,Hydrogen; Carbon dioxide; Water; Metals and alloys,Coating; Drying,energy penalty; infrastructure gap; supply-chain constraint; quality-control challenge,Green hydrogen must be available at commodity industrial volumes.,"Techno-economic analysis, pilot data, manufacturing learning, reliability, regulatory/permitting evidence",Needs claim-level verification,"International Energy Agency. 2020. Iron and Steel Technology Roadmap. (https://www.iea.org/reports/iron-and-steel-technology-roadmap) | U.S. Department of Energy. 2022. Industrial Decarbonization Roadmap. (https://www.osti.gov/biblio/1961393) | National Academies of Sciences, Engineering, and Medicine. 2020. Deployment of Deep Decarbonization Technologies. (https://www.nationalacademies.org/read/25656/chapter/6) | International Energy Agency. 2024. Global Hydrogen Review 2024. (https://www.iea.org/reports/global-hydrogen-review-2024) | International Energy Agency. 2024. Carbon Capture, Utilisation and Storage. (https://www.iea.org/energy-system/carbon-capture-utilisation-and-storage) | International Energy Agency. 2024. Direct Air Capture. (https://www.iea.org/energy-system/carbon-capture-utilisation-and-storage/direct-air-capture)",Tier 1 preferred; Tier 2 supplemental,Low-Medium,"Scale-trigger language is often inferential and should be verified with TEA, deployment data, or agency roadmap sources.",Phrase scale triggers as hypotheses unless a direct source supports the causal threshold.
Technology / realistic pathway,"Carbon-negative plastics: CO2 or biomass feedstocks, catalytic conversion, polymerization, purification, compounding, and recycling loops.",process-flow assumption + engineering inference,Carbon-negative plastics,Carbon dioxide; Oxygen; Polymers; Sorbents; Catalysts; Biomass-derived feedstocks; Polymers; Sorbents; Catalysts,Catalysis; Polymerization; Extrusion; Coating; Curing; Filtration,energy penalty; poor selectivity; purity requirement; separation cost,Some polymers can use alternative carbon; broad commodity substitution remains expensive.,"Direct sources for process route, materials, bottlenecks, readiness, economics, and safety/regulatory issues",Supported as starter-sourced framing,"International Energy Agency. 2024. Carbon Capture, Utilisation and Storage. (https://www.iea.org/energy-system/carbon-capture-utilisation-and-storage) | National Academies of Sciences, Engineering, and Medicine. 2019. Negative Emissions Technologies and Reliable Sequestration: Direct Air Capture chapter. (https://www.nationalacademies.org/read/25259/chapter/7) | U.S. Department of Energy. 2015. Bandwidth Study on Energy Use and Potential Energy Saving Opportunities in U.S. Chemical Manufacturing. (https://www.energy.gov/cmei/ito/articles/bandwidth-study-us-chemical-manufacturing) | Ozkan, M., et al. 2024. Forging a sustainable sky: aviation e-fuels review. PMC / peer-reviewed review. (https://pmc.ncbi.nlm.nih.gov/articles/PMC10960063/) | National Academies of Sciences, Engineering, and Medicine. 2020. Deployment of Deep Decarbonization Technologies. (https://www.nationalacademies.org/read/25656/chapter/6) | International Energy Agency. 2024. Direct Air Capture. (https://www.iea.org/energy-system/carbon-capture-utilisation-and-storage/direct-air-capture)",Tier 1 preferred; Tier 2 supplemental,Medium,"Source set supports the process framing, but individual claims require direct verification.","Verify numbers, economics, timelines, and performance separately. Keep Carbon-negative plastics wording qualified around economics, timelines, and performance unless claim-level evidence is added."
Technology / simplified PFD,Carbon-negative plastics is represented with the simplified PFD sequence: CO2 or biomass feed → Monomer synthesis → Polymerization → Extrusion/molding → Recycling loop.,process-flow assumption,Carbon-negative plastics,Carbon dioxide; Oxygen; Polymers; Sorbents; Catalysts; Biomass-derived feedstocks; Polymers; Sorbents; Catalysts,Catalysis; Polymerization; Extrusion; Coating; Curing; Filtration,energy penalty; poor selectivity; purity requirement; separation cost,Some polymers can use alternative carbon; broad commodity substitution remains expensive.,Process-route sources showing actual major unit operations or system blocks,Supported as starter-sourced framing,"International Energy Agency. 2024. Carbon Capture, Utilisation and Storage. (https://www.iea.org/energy-system/carbon-capture-utilisation-and-storage) | National Academies of Sciences, Engineering, and Medicine. 2019. Negative Emissions Technologies and Reliable Sequestration: Direct Air Capture chapter. (https://www.nationalacademies.org/read/25259/chapter/7) | U.S. Department of Energy. 2015. Bandwidth Study on Energy Use and Potential Energy Saving Opportunities in U.S. Chemical Manufacturing. (https://www.energy.gov/cmei/ito/articles/bandwidth-study-us-chemical-manufacturing) | Ozkan, M., et al. 2024. Forging a sustainable sky: aviation e-fuels review. PMC / peer-reviewed review. (https://pmc.ncbi.nlm.nih.gov/articles/PMC10960063/) | National Academies of Sciences, Engineering, and Medicine. 2020. Deployment of Deep Decarbonization Technologies. (https://www.nationalacademies.org/read/25656/chapter/6) | International Energy Agency. 2024. Direct Air Capture. (https://www.iea.org/energy-system/carbon-capture-utilisation-and-storage/direct-air-capture)",Tier 1 preferred; Tier 2 supplemental,Medium,Mini-PFDs are simplified; exact process routes can vary by architecture/vendor/design.,Treat the mini-PFD as a teaching abstraction unless a source directly supports the sequence.
Technology / readiness gap,Carbon-negative plastics readiness gap: Some polymers can use alternative carbon; broad commodity substitution remains expensive.,readiness/economics claim,Carbon-negative plastics,Carbon dioxide; Oxygen; Polymers; Sorbents; Catalysts; Biomass-derived feedstocks; Polymers; Sorbents; Catalysts,Catalysis; Polymerization; Extrusion; Coating; Curing; Filtration,energy penalty; poor selectivity; purity requirement; separation cost,Some polymers can use alternative carbon; broad commodity substitution remains expensive.,TRL/MRL/IRL plus domain-specific demonstration/commercialization sources,Supported as starter-sourced framing,"International Energy Agency. 2024. Carbon Capture, Utilisation and Storage. (https://www.iea.org/energy-system/carbon-capture-utilisation-and-storage) | National Academies of Sciences, Engineering, and Medicine. 2019. Negative Emissions Technologies and Reliable Sequestration: Direct Air Capture chapter. (https://www.nationalacademies.org/read/25259/chapter/7) | U.S. Department of Energy. 2015. Bandwidth Study on Energy Use and Potential Energy Saving Opportunities in U.S. Chemical Manufacturing. (https://www.energy.gov/cmei/ito/articles/bandwidth-study-us-chemical-manufacturing) | Ozkan, M., et al. 2024. Forging a sustainable sky: aviation e-fuels review. PMC / peer-reviewed review. (https://pmc.ncbi.nlm.nih.gov/articles/PMC10960063/) | National Academies of Sciences, Engineering, and Medicine. 2020. Deployment of Deep Decarbonization Technologies. (https://www.nationalacademies.org/read/25656/chapter/6) | International Energy Agency. 2024. Direct Air Capture. (https://www.iea.org/energy-system/carbon-capture-utilisation-and-storage/direct-air-capture)",Tier 1 preferred; Tier 2 supplemental,Medium,"Source set supports the process framing, but individual claims require direct verification.","Qualify readiness gaps with the specific maturity dimension: technical, manufacturing, integration, infrastructure, safety, or economics."
Technology / scale trigger,Carbon-negative plastics scale trigger: Carbon-derived monomers must meet price and performance targets.,readiness/economics claim + engineering inference,Carbon-negative plastics,Carbon dioxide; Oxygen; Polymers; Sorbents; Catalysts; Biomass-derived feedstocks; Polymers; Sorbents; Catalysts,Catalysis; Polymerization; Extrusion; Coating; Curing; Filtration,energy penalty; poor selectivity; purity requirement; separation cost,Carbon-derived monomers must meet price and performance targets.,"Techno-economic analysis, pilot data, manufacturing learning, reliability, regulatory/permitting evidence",Needs claim-level verification,"International Energy Agency. 2024. Carbon Capture, Utilisation and Storage. (https://www.iea.org/energy-system/carbon-capture-utilisation-and-storage) | National Academies of Sciences, Engineering, and Medicine. 2019. Negative Emissions Technologies and Reliable Sequestration: Direct Air Capture chapter. (https://www.nationalacademies.org/read/25259/chapter/7) | U.S. Department of Energy. 2015. Bandwidth Study on Energy Use and Potential Energy Saving Opportunities in U.S. Chemical Manufacturing. (https://www.energy.gov/cmei/ito/articles/bandwidth-study-us-chemical-manufacturing) | Ozkan, M., et al. 2024. Forging a sustainable sky: aviation e-fuels review. PMC / peer-reviewed review. (https://pmc.ncbi.nlm.nih.gov/articles/PMC10960063/) | National Academies of Sciences, Engineering, and Medicine. 2020. Deployment of Deep Decarbonization Technologies. (https://www.nationalacademies.org/read/25656/chapter/6) | International Energy Agency. 2024. Direct Air Capture. (https://www.iea.org/energy-system/carbon-capture-utilisation-and-storage/direct-air-capture)",Tier 1 preferred; Tier 2 supplemental,Low-Medium,"Scale-trigger language is often inferential and should be verified with TEA, deployment data, or agency roadmap sources.",Phrase scale triggers as hypotheses unless a direct source supports the causal threshold.
Technology / realistic pathway,"Industrial waste-heat networks: Heat exchangers, heat pumps, thermal storage, district heating loops, sensors, and urban retrofits.",process-flow assumption + engineering inference,Industrial waste-heat networks,Water; Catalysts; Catalysts,Heat exchange; Membrane separation; Filtration; Wastewater treatment,energy penalty; heat management; infrastructure gap; cost curve problem,"Technologies are mature, but projects require shared infrastructure planning.","Direct sources for process route, materials, bottlenecks, readiness, economics, and safety/regulatory issues",Supported as starter-sourced framing,"U.S. Department of Energy. 2022. Industrial Decarbonization Roadmap. (https://www.osti.gov/biblio/1961393) | National Academies of Sciences, Engineering, and Medicine. 2020. Deployment of Deep Decarbonization Technologies. (https://www.nationalacademies.org/read/25656/chapter/6) | U.S. Department of Energy. 2015. Bandwidth Study on Energy Use and Potential Energy Saving Opportunities in U.S. Chemical Manufacturing. (https://www.energy.gov/cmei/ito/articles/bandwidth-study-us-chemical-manufacturing) | Sholl, D. S.; Lively, R. P. 2016. Seven chemical separations to change the world. Nature 532, 435–437. DOI: 10.1038/532435a. (https://www.nature.com/articles/532435a) | International Energy Agency. 2024. Global Hydrogen Review 2024. (https://www.iea.org/reports/global-hydrogen-review-2024) | U.S. Department of Energy. 2023. Pathways to Commercial Liftoff: Long Duration Energy Storage. (https://www.energy.gov/sites/default/files/2023-09/Pathways%20to%20Commercial%20Liftoff%20Long%20Duration%20Energy%20Storage%20Opportunities_508.pdf)",Tier 1 preferred; Tier 2 supplemental,Medium,"Source set supports the process framing, but individual claims require direct verification.","Verify numbers, economics, timelines, and performance separately. Keep Industrial waste-heat networks wording qualified around economics, timelines, and performance unless claim-level evidence is added."
Technology / simplified PFD,Industrial waste-heat networks is represented with the simplified PFD sequence: Waste heat source → Heat recovery → Heat pump/storage → District loop → Building use.,process-flow assumption,Industrial waste-heat networks,Water; Catalysts; Catalysts,Heat exchange; Membrane separation; Filtration; Wastewater treatment,energy penalty; heat management; infrastructure gap; cost curve problem,"Technologies are mature, but projects require shared infrastructure planning.",Process-route sources showing actual major unit operations or system blocks,Supported as starter-sourced framing,"U.S. Department of Energy. 2022. Industrial Decarbonization Roadmap. (https://www.osti.gov/biblio/1961393) | National Academies of Sciences, Engineering, and Medicine. 2020. Deployment of Deep Decarbonization Technologies. (https://www.nationalacademies.org/read/25656/chapter/6) | U.S. Department of Energy. 2015. Bandwidth Study on Energy Use and Potential Energy Saving Opportunities in U.S. Chemical Manufacturing. (https://www.energy.gov/cmei/ito/articles/bandwidth-study-us-chemical-manufacturing) | Sholl, D. S.; Lively, R. P. 2016. Seven chemical separations to change the world. Nature 532, 435–437. DOI: 10.1038/532435a. (https://www.nature.com/articles/532435a) | International Energy Agency. 2024. Global Hydrogen Review 2024. (https://www.iea.org/reports/global-hydrogen-review-2024) | U.S. Department of Energy. 2023. Pathways to Commercial Liftoff: Long Duration Energy Storage. (https://www.energy.gov/sites/default/files/2023-09/Pathways%20to%20Commercial%20Liftoff%20Long%20Duration%20Energy%20Storage%20Opportunities_508.pdf)",Tier 1 preferred; Tier 2 supplemental,Medium,Mini-PFDs are simplified; exact process routes can vary by architecture/vendor/design.,Treat the mini-PFD as a teaching abstraction unless a source directly supports the sequence.
Technology / readiness gap,"Industrial waste-heat networks readiness gap: Technologies are mature, but projects require shared infrastructure planning.",readiness/economics claim,Industrial waste-heat networks,Water; Catalysts; Catalysts,Heat exchange; Membrane separation; Filtration; Wastewater treatment,energy penalty; heat management; infrastructure gap; cost curve problem,"Technologies are mature, but projects require shared infrastructure planning.",TRL/MRL/IRL plus domain-specific demonstration/commercialization sources,Supported as starter-sourced framing,"U.S. Department of Energy. 2022. Industrial Decarbonization Roadmap. (https://www.osti.gov/biblio/1961393) | National Academies of Sciences, Engineering, and Medicine. 2020. Deployment of Deep Decarbonization Technologies. (https://www.nationalacademies.org/read/25656/chapter/6) | U.S. Department of Energy. 2015. Bandwidth Study on Energy Use and Potential Energy Saving Opportunities in U.S. Chemical Manufacturing. (https://www.energy.gov/cmei/ito/articles/bandwidth-study-us-chemical-manufacturing) | Sholl, D. S.; Lively, R. P. 2016. Seven chemical separations to change the world. Nature 532, 435–437. DOI: 10.1038/532435a. (https://www.nature.com/articles/532435a) | International Energy Agency. 2024. Global Hydrogen Review 2024. (https://www.iea.org/reports/global-hydrogen-review-2024) | U.S. Department of Energy. 2023. Pathways to Commercial Liftoff: Long Duration Energy Storage. (https://www.energy.gov/sites/default/files/2023-09/Pathways%20to%20Commercial%20Liftoff%20Long%20Duration%20Energy%20Storage%20Opportunities_508.pdf)",Tier 1 preferred; Tier 2 supplemental,Medium,"Source set supports the process framing, but individual claims require direct verification.","Qualify readiness gaps with the specific maturity dimension: technical, manufacturing, integration, infrastructure, safety, or economics."
Technology / scale trigger,"Industrial waste-heat networks scale trigger: Cities must coordinate industrial sites, utilities, and building retrofits.",readiness/economics claim + engineering inference,Industrial waste-heat networks,Water; Catalysts; Catalysts,Heat exchange; Membrane separation; Filtration; Wastewater treatment,energy penalty; heat management; infrastructure gap; cost curve problem,"Cities must coordinate industrial sites, utilities, and building retrofits.","Techno-economic analysis, pilot data, manufacturing learning, reliability, regulatory/permitting evidence",Needs claim-level verification,"U.S. Department of Energy. 2022. Industrial Decarbonization Roadmap. (https://www.osti.gov/biblio/1961393) | National Academies of Sciences, Engineering, and Medicine. 2020. Deployment of Deep Decarbonization Technologies. (https://www.nationalacademies.org/read/25656/chapter/6) | U.S. Department of Energy. 2015. Bandwidth Study on Energy Use and Potential Energy Saving Opportunities in U.S. Chemical Manufacturing. (https://www.energy.gov/cmei/ito/articles/bandwidth-study-us-chemical-manufacturing) | Sholl, D. S.; Lively, R. P. 2016. Seven chemical separations to change the world. Nature 532, 435–437. DOI: 10.1038/532435a. (https://www.nature.com/articles/532435a) | International Energy Agency. 2024. Global Hydrogen Review 2024. (https://www.iea.org/reports/global-hydrogen-review-2024) | U.S. Department of Energy. 2023. Pathways to Commercial Liftoff: Long Duration Energy Storage. (https://www.energy.gov/sites/default/files/2023-09/Pathways%20to%20Commercial%20Liftoff%20Long%20Duration%20Energy%20Storage%20Opportunities_508.pdf)",Tier 1 preferred; Tier 2 supplemental,Low-Medium,"Scale-trigger language is often inferential and should be verified with TEA, deployment data, or agency roadmap sources.",Phrase scale triggers as hypotheses unless a direct source supports the causal threshold.
Technology / realistic pathway,"Artificial photosynthesis: Photoelectrochemical catalysts, membrane separators, water splitting, CO2 reduction, product separation, and stability engineering.",process-flow assumption + engineering inference,Artificial photosynthesis,Hydrogen; Carbon dioxide; Oxygen; Water; Lithium; Electrolytes; Membrane modules; Graphene; Electrolytes,Catalysis; Membrane separation; Electrochemical separation; Electrolysis; Heat exchange; Compression,energy penalty; material degradation; separation cost; scale-up uncertainty,"Lab devices work, but stable outdoor fuel modules are not mature.","Direct sources for process route, materials, bottlenecks, readiness, economics, and safety/regulatory issues",Partially supported / roadmap-stage,"U.S. Department of Energy Office of Science. 2026. DOE Explains... Solar Fuels. (https://www.energy.gov/science/doe-explainssolar-fuels) | Machín, A., et al. 2023. Artificial Photosynthesis: Current Advancements and Future Prospects. Catalysts / PMC. (https://pmc.ncbi.nlm.nih.gov/articles/PMC10807655/) | International Energy Agency. 2024. Global Hydrogen Review 2024. (https://www.iea.org/reports/global-hydrogen-review-2024) | Ozkan, M., et al. 2024. Forging a sustainable sky: aviation e-fuels review. PMC / peer-reviewed review. (https://pmc.ncbi.nlm.nih.gov/articles/PMC10960063/) | National Academies of Sciences, Engineering, and Medicine. 2020. Deployment of Deep Decarbonization Technologies. (https://www.nationalacademies.org/read/25656/chapter/6) | U.S. Department of Energy. 2023. Pathways to Commercial Liftoff: Long Duration Energy Storage. (https://www.energy.gov/sites/default/files/2023-09/Pathways%20to%20Commercial%20Liftoff%20Long%20Duration%20Energy%20Storage%20Opportunities_508.pdf)",Tier 1 preferred; Tier 2 supplemental,Medium,"Sources support active research, demonstrations, or roadmaps; scale/cost/reliability are unresolved.","Frame as roadmap-stage or early-stage. Keep Artificial photosynthesis wording qualified around economics, timelines, and performance unless claim-level evidence is added."
Technology / simplified PFD,Artificial photosynthesis is represented with the simplified PFD sequence: Sunlight and feed → Photoelectrochemical conversion → Membrane separation → Fuel polishing → Storage.,process-flow assumption,Artificial photosynthesis,Hydrogen; Carbon dioxide; Oxygen; Water; Lithium; Electrolytes; Membrane modules; Graphene; Electrolytes,Catalysis; Membrane separation; Electrochemical separation; Electrolysis; Heat exchange; Compression,energy penalty; material degradation; separation cost; scale-up uncertainty,"Lab devices work, but stable outdoor fuel modules are not mature.",Process-route sources showing actual major unit operations or system blocks,Partially supported / roadmap-stage,"U.S. Department of Energy Office of Science. 2026. DOE Explains... Solar Fuels. (https://www.energy.gov/science/doe-explainssolar-fuels) | Machín, A., et al. 2023. Artificial Photosynthesis: Current Advancements and Future Prospects. Catalysts / PMC. (https://pmc.ncbi.nlm.nih.gov/articles/PMC10807655/) | International Energy Agency. 2024. Global Hydrogen Review 2024. (https://www.iea.org/reports/global-hydrogen-review-2024) | Ozkan, M., et al. 2024. Forging a sustainable sky: aviation e-fuels review. PMC / peer-reviewed review. (https://pmc.ncbi.nlm.nih.gov/articles/PMC10960063/) | National Academies of Sciences, Engineering, and Medicine. 2020. Deployment of Deep Decarbonization Technologies. (https://www.nationalacademies.org/read/25656/chapter/6) | U.S. Department of Energy. 2023. Pathways to Commercial Liftoff: Long Duration Energy Storage. (https://www.energy.gov/sites/default/files/2023-09/Pathways%20to%20Commercial%20Liftoff%20Long%20Duration%20Energy%20Storage%20Opportunities_508.pdf)",Tier 1 preferred; Tier 2 supplemental,Medium,Mini-PFDs are simplified; exact process routes can vary by architecture/vendor/design.,Treat the mini-PFD as a teaching abstraction unless a source directly supports the sequence.
Technology / readiness gap,"Artificial photosynthesis readiness gap: Lab devices work, but stable outdoor fuel modules are not mature.",readiness/economics claim,Artificial photosynthesis,Hydrogen; Carbon dioxide; Oxygen; Water; Lithium; Electrolytes; Membrane modules; Graphene; Electrolytes,Catalysis; Membrane separation; Electrochemical separation; Electrolysis; Heat exchange; Compression,energy penalty; material degradation; separation cost; scale-up uncertainty,"Lab devices work, but stable outdoor fuel modules are not mature.",TRL/MRL/IRL plus domain-specific demonstration/commercialization sources,Partially supported / roadmap-stage,"U.S. Department of Energy Office of Science. 2026. DOE Explains... Solar Fuels. (https://www.energy.gov/science/doe-explainssolar-fuels) | Machín, A., et al. 2023. Artificial Photosynthesis: Current Advancements and Future Prospects. Catalysts / PMC. (https://pmc.ncbi.nlm.nih.gov/articles/PMC10807655/) | International Energy Agency. 2024. Global Hydrogen Review 2024. (https://www.iea.org/reports/global-hydrogen-review-2024) | Ozkan, M., et al. 2024. Forging a sustainable sky: aviation e-fuels review. PMC / peer-reviewed review. (https://pmc.ncbi.nlm.nih.gov/articles/PMC10960063/) | National Academies of Sciences, Engineering, and Medicine. 2020. Deployment of Deep Decarbonization Technologies. (https://www.nationalacademies.org/read/25656/chapter/6) | U.S. Department of Energy. 2023. Pathways to Commercial Liftoff: Long Duration Energy Storage. (https://www.energy.gov/sites/default/files/2023-09/Pathways%20to%20Commercial%20Liftoff%20Long%20Duration%20Energy%20Storage%20Opportunities_508.pdf)",Tier 1 preferred; Tier 2 supplemental,Medium,"Sources support active research, demonstrations, or roadmaps; scale/cost/reliability are unresolved.","Qualify readiness gaps with the specific maturity dimension: technical, manufacturing, integration, infrastructure, safety, or economics."
Technology / scale trigger,Artificial photosynthesis scale trigger: Catalysts must survive years while maintaining useful conversion efficiency.,readiness/economics claim + engineering inference,Artificial photosynthesis,Hydrogen; Carbon dioxide; Oxygen; Water; Lithium; Electrolytes; Membrane modules; Graphene; Electrolytes,Catalysis; Membrane separation; Electrochemical separation; Electrolysis; Heat exchange; Compression,energy penalty; material degradation; separation cost; scale-up uncertainty,Catalysts must survive years while maintaining useful conversion efficiency.,"Techno-economic analysis, pilot data, manufacturing learning, reliability, regulatory/permitting evidence",Partially supported / roadmap-stage,"U.S. Department of Energy Office of Science. 2026. DOE Explains... Solar Fuels. (https://www.energy.gov/science/doe-explainssolar-fuels) | Machín, A., et al. 2023. Artificial Photosynthesis: Current Advancements and Future Prospects. Catalysts / PMC. (https://pmc.ncbi.nlm.nih.gov/articles/PMC10807655/) | International Energy Agency. 2024. Global Hydrogen Review 2024. (https://www.iea.org/reports/global-hydrogen-review-2024) | Ozkan, M., et al. 2024. Forging a sustainable sky: aviation e-fuels review. PMC / peer-reviewed review. (https://pmc.ncbi.nlm.nih.gov/articles/PMC10960063/) | National Academies of Sciences, Engineering, and Medicine. 2020. Deployment of Deep Decarbonization Technologies. (https://www.nationalacademies.org/read/25656/chapter/6) | U.S. Department of Energy. 2023. Pathways to Commercial Liftoff: Long Duration Energy Storage. (https://www.energy.gov/sites/default/files/2023-09/Pathways%20to%20Commercial%20Liftoff%20Long%20Duration%20Energy%20Storage%20Opportunities_508.pdf)",Tier 1 preferred; Tier 2 supplemental,Medium,"Scale-trigger language is often inferential and should be verified with TEA, deployment data, or agency roadmap sources.",Phrase scale triggers as hypotheses unless a direct source supports the causal threshold.
Technology / realistic pathway,"Thermal batteries: Resistive heating with renewables, refractory storage media, heat exchangers, insulated modules, and steam or hot air output.",process-flow assumption + engineering inference,Thermal batteries,Copper; Water; Catalysts; Catalysts,Heat exchange; Electrolysis; Compression,energy penalty; material degradation; heat management; infrastructure gap,Commercial systems are emerging; matching heat quality to processes is the adoption hurdle.,"Direct sources for process route, materials, bottlenecks, readiness, economics, and safety/regulatory issues",Supported as starter-sourced framing,"U.S. Department of Energy. 2023. Pathways to Commercial Liftoff: Long Duration Energy Storage. (https://www.energy.gov/sites/default/files/2023-09/Pathways%20to%20Commercial%20Liftoff%20Long%20Duration%20Energy%20Storage%20Opportunities_508.pdf) | U.S. Department of Energy. 2024. Achieving the Promise of Low-Cost Long Duration Energy Storage. (https://www.energy.gov/sites/default/files/2024-08/Achieving%20the%20Promise%20of%20Low-Cost%20Long%20Duration%20Energy%20Storage_FINAL_08052024.pdf) | U.S. Department of Energy. 2022. Industrial Decarbonization Roadmap. (https://www.osti.gov/biblio/1961393) | National Academies of Sciences, Engineering, and Medicine. 2020. Deployment of Deep Decarbonization Technologies. (https://www.nationalacademies.org/read/25656/chapter/6) | International Energy Agency. 2024. Global Hydrogen Review 2024. (https://www.iea.org/reports/global-hydrogen-review-2024) | U.S. Department of Energy Office of Science. 2026. DOE Explains... Solar Fuels. (https://www.energy.gov/science/doe-explainssolar-fuels)",Tier 1 preferred; Tier 2 supplemental,Medium,"Source set supports the process framing, but individual claims require direct verification.","Verify numbers, economics, timelines, and performance separately. Keep Thermal batteries wording qualified around economics, timelines, and performance unless claim-level evidence is added."
Technology / simplified PFD,Thermal batteries is represented with the simplified PFD sequence: Renewable electricity → Resistive heating → Thermal storage → Heat extraction → Industrial use.,process-flow assumption,Thermal batteries,Copper; Water; Catalysts; Catalysts,Heat exchange; Electrolysis; Compression,energy penalty; material degradation; heat management; infrastructure gap,Commercial systems are emerging; matching heat quality to processes is the adoption hurdle.,Process-route sources showing actual major unit operations or system blocks,Supported as starter-sourced framing,"U.S. Department of Energy. 2023. Pathways to Commercial Liftoff: Long Duration Energy Storage. (https://www.energy.gov/sites/default/files/2023-09/Pathways%20to%20Commercial%20Liftoff%20Long%20Duration%20Energy%20Storage%20Opportunities_508.pdf) | U.S. Department of Energy. 2024. Achieving the Promise of Low-Cost Long Duration Energy Storage. (https://www.energy.gov/sites/default/files/2024-08/Achieving%20the%20Promise%20of%20Low-Cost%20Long%20Duration%20Energy%20Storage_FINAL_08052024.pdf) | U.S. Department of Energy. 2022. Industrial Decarbonization Roadmap. (https://www.osti.gov/biblio/1961393) | National Academies of Sciences, Engineering, and Medicine. 2020. Deployment of Deep Decarbonization Technologies. (https://www.nationalacademies.org/read/25656/chapter/6) | International Energy Agency. 2024. Global Hydrogen Review 2024. (https://www.iea.org/reports/global-hydrogen-review-2024) | U.S. Department of Energy Office of Science. 2026. DOE Explains... Solar Fuels. (https://www.energy.gov/science/doe-explainssolar-fuels)",Tier 1 preferred; Tier 2 supplemental,Medium,Mini-PFDs are simplified; exact process routes can vary by architecture/vendor/design.,Treat the mini-PFD as a teaching abstraction unless a source directly supports the sequence.
Technology / readiness gap,Thermal batteries readiness gap: Commercial systems are emerging; matching heat quality to processes is the adoption hurdle.,readiness/economics claim,Thermal batteries,Copper; Water; Catalysts; Catalysts,Heat exchange; Electrolysis; Compression,energy penalty; material degradation; heat management; infrastructure gap,Commercial systems are emerging; matching heat quality to processes is the adoption hurdle.,TRL/MRL/IRL plus domain-specific demonstration/commercialization sources,Supported as starter-sourced framing,"U.S. Department of Energy. 2023. Pathways to Commercial Liftoff: Long Duration Energy Storage. (https://www.energy.gov/sites/default/files/2023-09/Pathways%20to%20Commercial%20Liftoff%20Long%20Duration%20Energy%20Storage%20Opportunities_508.pdf) | U.S. Department of Energy. 2024. Achieving the Promise of Low-Cost Long Duration Energy Storage. (https://www.energy.gov/sites/default/files/2024-08/Achieving%20the%20Promise%20of%20Low-Cost%20Long%20Duration%20Energy%20Storage_FINAL_08052024.pdf) | U.S. Department of Energy. 2022. Industrial Decarbonization Roadmap. (https://www.osti.gov/biblio/1961393) | National Academies of Sciences, Engineering, and Medicine. 2020. Deployment of Deep Decarbonization Technologies. (https://www.nationalacademies.org/read/25656/chapter/6) | International Energy Agency. 2024. Global Hydrogen Review 2024. (https://www.iea.org/reports/global-hydrogen-review-2024) | U.S. Department of Energy Office of Science. 2026. DOE Explains... Solar Fuels. (https://www.energy.gov/science/doe-explainssolar-fuels)",Tier 1 preferred; Tier 2 supplemental,Medium,"Source set supports the process framing, but individual claims require direct verification.","Qualify readiness gaps with the specific maturity dimension: technical, manufacturing, integration, infrastructure, safety, or economics."
Technology / scale trigger,Thermal batteries scale trigger: Factories must be able to replace fossil heat without reliability penalties.,readiness/economics claim + engineering inference,Thermal batteries,Copper; Water; Catalysts; Catalysts,Heat exchange; Electrolysis; Compression,energy penalty; material degradation; heat management; infrastructure gap,Factories must be able to replace fossil heat without reliability penalties.,"Techno-economic analysis, pilot data, manufacturing learning, reliability, regulatory/permitting evidence",Needs claim-level verification,"U.S. Department of Energy. 2023. Pathways to Commercial Liftoff: Long Duration Energy Storage. (https://www.energy.gov/sites/default/files/2023-09/Pathways%20to%20Commercial%20Liftoff%20Long%20Duration%20Energy%20Storage%20Opportunities_508.pdf) | U.S. Department of Energy. 2024. Achieving the Promise of Low-Cost Long Duration Energy Storage. (https://www.energy.gov/sites/default/files/2024-08/Achieving%20the%20Promise%20of%20Low-Cost%20Long%20Duration%20Energy%20Storage_FINAL_08052024.pdf) | U.S. Department of Energy. 2022. Industrial Decarbonization Roadmap. (https://www.osti.gov/biblio/1961393) | National Academies of Sciences, Engineering, and Medicine. 2020. Deployment of Deep Decarbonization Technologies. (https://www.nationalacademies.org/read/25656/chapter/6) | International Energy Agency. 2024. Global Hydrogen Review 2024. (https://www.iea.org/reports/global-hydrogen-review-2024) | U.S. Department of Energy Office of Science. 2026. DOE Explains... Solar Fuels. (https://www.energy.gov/science/doe-explainssolar-fuels)",Tier 1 preferred; Tier 2 supplemental,Low-Medium,"Scale-trigger language is often inferential and should be verified with TEA, deployment data, or agency roadmap sources.",Phrase scale triggers as hypotheses unless a direct source supports the causal threshold.
Technology / realistic pathway,"Grid-scale flow batteries: Low-cost electrolytes, membranes, tanks, pumps, power electronics, and long-cycle-life electrochemical stacks.",process-flow assumption + engineering inference,Grid-scale flow batteries,Copper; Membranes; Membrane modules; Graphene; Electrodes; Electrolytes; Membranes,Membrane separation; Electrochemical separation; Electrolysis; Heat exchange; Compression,energy penalty; material degradation; infrastructure gap; cost curve problem,"Technically fielded, but cost and bankability limit very large deployment.","Direct sources for process route, materials, bottlenecks, readiness, economics, and safety/regulatory issues",Supported as starter-sourced framing,"U.S. Department of Energy. 2023. Pathways to Commercial Liftoff: Long Duration Energy Storage. (https://www.energy.gov/sites/default/files/2023-09/Pathways%20to%20Commercial%20Liftoff%20Long%20Duration%20Energy%20Storage%20Opportunities_508.pdf) | U.S. Department of Energy. 2024. Achieving the Promise of Low-Cost Long Duration Energy Storage. (https://www.energy.gov/sites/default/files/2024-08/Achieving%20the%20Promise%20of%20Low-Cost%20Long%20Duration%20Energy%20Storage_FINAL_08052024.pdf) | International Energy Agency. 2025. Global Critical Minerals Outlook 2025. (https://www.iea.org/reports/global-critical-minerals-outlook-2025) | Sholl, D. S.; Lively, R. P. 2016. Seven chemical separations to change the world. Nature 532, 435–437. DOI: 10.1038/532435a. (https://www.nature.com/articles/532435a) | National Academies of Sciences, Engineering, and Medicine. 2020. Deployment of Deep Decarbonization Technologies. (https://www.nationalacademies.org/read/25656/chapter/6) | International Energy Agency. 2024. Global Hydrogen Review 2024. (https://www.iea.org/reports/global-hydrogen-review-2024)",Tier 1 preferred; Tier 2 supplemental,Medium,"Source set supports the process framing, but individual claims require direct verification.","Verify numbers, economics, timelines, and performance separately. Keep Grid-scale flow batteries wording qualified around economics, timelines, and performance unless claim-level evidence is added."
Technology / simplified PFD,Grid-scale flow batteries is represented with the simplified PFD sequence: Electrolyte production → Tank storage → Electrochemical stack → Power conversion → Grid dispatch.,process-flow assumption,Grid-scale flow batteries,Copper; Membranes; Membrane modules; Graphene; Electrodes; Electrolytes; Membranes,Membrane separation; Electrochemical separation; Electrolysis; Heat exchange; Compression,energy penalty; material degradation; infrastructure gap; cost curve problem,"Technically fielded, but cost and bankability limit very large deployment.",Process-route sources showing actual major unit operations or system blocks,Supported as starter-sourced framing,"U.S. Department of Energy. 2023. Pathways to Commercial Liftoff: Long Duration Energy Storage. (https://www.energy.gov/sites/default/files/2023-09/Pathways%20to%20Commercial%20Liftoff%20Long%20Duration%20Energy%20Storage%20Opportunities_508.pdf) | U.S. Department of Energy. 2024. Achieving the Promise of Low-Cost Long Duration Energy Storage. (https://www.energy.gov/sites/default/files/2024-08/Achieving%20the%20Promise%20of%20Low-Cost%20Long%20Duration%20Energy%20Storage_FINAL_08052024.pdf) | International Energy Agency. 2025. Global Critical Minerals Outlook 2025. (https://www.iea.org/reports/global-critical-minerals-outlook-2025) | Sholl, D. S.; Lively, R. P. 2016. Seven chemical separations to change the world. Nature 532, 435–437. DOI: 10.1038/532435a. (https://www.nature.com/articles/532435a) | National Academies of Sciences, Engineering, and Medicine. 2020. Deployment of Deep Decarbonization Technologies. (https://www.nationalacademies.org/read/25656/chapter/6) | International Energy Agency. 2024. Global Hydrogen Review 2024. (https://www.iea.org/reports/global-hydrogen-review-2024)",Tier 1 preferred; Tier 2 supplemental,Medium,Mini-PFDs are simplified; exact process routes can vary by architecture/vendor/design.,Treat the mini-PFD as a teaching abstraction unless a source directly supports the sequence.
Technology / readiness gap,"Grid-scale flow batteries readiness gap: Technically fielded, but cost and bankability limit very large deployment.",readiness/economics claim,Grid-scale flow batteries,Copper; Membranes; Membrane modules; Graphene; Electrodes; Electrolytes; Membranes,Membrane separation; Electrochemical separation; Electrolysis; Heat exchange; Compression,energy penalty; material degradation; infrastructure gap; cost curve problem,"Technically fielded, but cost and bankability limit very large deployment.",TRL/MRL/IRL plus domain-specific demonstration/commercialization sources,Supported as starter-sourced framing,"U.S. Department of Energy. 2023. Pathways to Commercial Liftoff: Long Duration Energy Storage. (https://www.energy.gov/sites/default/files/2023-09/Pathways%20to%20Commercial%20Liftoff%20Long%20Duration%20Energy%20Storage%20Opportunities_508.pdf) | U.S. Department of Energy. 2024. Achieving the Promise of Low-Cost Long Duration Energy Storage. (https://www.energy.gov/sites/default/files/2024-08/Achieving%20the%20Promise%20of%20Low-Cost%20Long%20Duration%20Energy%20Storage_FINAL_08052024.pdf) | International Energy Agency. 2025. Global Critical Minerals Outlook 2025. (https://www.iea.org/reports/global-critical-minerals-outlook-2025) | Sholl, D. S.; Lively, R. P. 2016. Seven chemical separations to change the world. Nature 532, 435–437. DOI: 10.1038/532435a. (https://www.nature.com/articles/532435a) | National Academies of Sciences, Engineering, and Medicine. 2020. Deployment of Deep Decarbonization Technologies. (https://www.nationalacademies.org/read/25656/chapter/6) | International Energy Agency. 2024. Global Hydrogen Review 2024. (https://www.iea.org/reports/global-hydrogen-review-2024)",Tier 1 preferred; Tier 2 supplemental,Medium,"Source set supports the process framing, but individual claims require direct verification.","Qualify readiness gaps with the specific maturity dimension: technical, manufacturing, integration, infrastructure, safety, or economics."
Technology / scale trigger,Grid-scale flow batteries scale trigger: Electrolytes and stacks must deliver long life at grid-storage prices.,readiness/economics claim + engineering inference,Grid-scale flow batteries,Copper; Membranes; Membrane modules; Graphene; Electrodes; Electrolytes; Membranes,Membrane separation; Electrochemical separation; Electrolysis; Heat exchange; Compression,energy penalty; material degradation; infrastructure gap; cost curve problem,Electrolytes and stacks must deliver long life at grid-storage prices.,"Techno-economic analysis, pilot data, manufacturing learning, reliability, regulatory/permitting evidence",Needs claim-level verification,"U.S. Department of Energy. 2023. Pathways to Commercial Liftoff: Long Duration Energy Storage. (https://www.energy.gov/sites/default/files/2023-09/Pathways%20to%20Commercial%20Liftoff%20Long%20Duration%20Energy%20Storage%20Opportunities_508.pdf) | U.S. Department of Energy. 2024. Achieving the Promise of Low-Cost Long Duration Energy Storage. (https://www.energy.gov/sites/default/files/2024-08/Achieving%20the%20Promise%20of%20Low-Cost%20Long%20Duration%20Energy%20Storage_FINAL_08052024.pdf) | International Energy Agency. 2025. Global Critical Minerals Outlook 2025. (https://www.iea.org/reports/global-critical-minerals-outlook-2025) | Sholl, D. S.; Lively, R. P. 2016. Seven chemical separations to change the world. Nature 532, 435–437. DOI: 10.1038/532435a. (https://www.nature.com/articles/532435a) | National Academies of Sciences, Engineering, and Medicine. 2020. Deployment of Deep Decarbonization Technologies. (https://www.nationalacademies.org/read/25656/chapter/6) | International Energy Agency. 2024. Global Hydrogen Review 2024. (https://www.iea.org/reports/global-hydrogen-review-2024)",Tier 1 preferred; Tier 2 supplemental,Low-Medium,"Scale-trigger language is often inferential and should be verified with TEA, deployment data, or agency roadmap sources.",Phrase scale triggers as hypotheses unless a direct source supports the causal threshold.
Technology / realistic pathway,"Ambient geothermal networks: Boreholes, heat pumps, district thermal loops, thermal storage, and building retrofits.",process-flow assumption + engineering inference,Ambient geothermal networks,Water; Catalysts; Catalysts,Heat exchange; Membrane separation; Filtration; Wastewater treatment,energy penalty; heat management; infrastructure gap; cost curve problem,Ground-source systems work; district-scale implementation depends on planning and capital.,"Direct sources for process route, materials, bottlenecks, readiness, economics, and safety/regulatory issues",Supported as starter-sourced framing,"U.S. Department of Energy. 2022. Industrial Decarbonization Roadmap. (https://www.osti.gov/biblio/1961393) | National Academies of Sciences, Engineering, and Medicine. 2020. Deployment of Deep Decarbonization Technologies. (https://www.nationalacademies.org/read/25656/chapter/6) | U.S. Department of Energy. 2015. Bandwidth Study on Energy Use and Potential Energy Saving Opportunities in U.S. Chemical Manufacturing. (https://www.energy.gov/cmei/ito/articles/bandwidth-study-us-chemical-manufacturing) | Sholl, D. S.; Lively, R. P. 2016. Seven chemical separations to change the world. Nature 532, 435–437. DOI: 10.1038/532435a. (https://www.nature.com/articles/532435a) | International Energy Agency. 2024. Global Hydrogen Review 2024. (https://www.iea.org/reports/global-hydrogen-review-2024) | U.S. Department of Energy. 2023. Pathways to Commercial Liftoff: Long Duration Energy Storage. (https://www.energy.gov/sites/default/files/2023-09/Pathways%20to%20Commercial%20Liftoff%20Long%20Duration%20Energy%20Storage%20Opportunities_508.pdf)",Tier 1 preferred; Tier 2 supplemental,Medium,"Source set supports the process framing, but individual claims require direct verification.","Verify numbers, economics, timelines, and performance separately. Keep Ambient geothermal networks wording qualified around economics, timelines, and performance unless claim-level evidence is added."
Technology / simplified PFD,Ambient geothermal networks is represented with the simplified PFD sequence: Ground loop → Heat pump → Thermal distribution → Building HVAC → Return loop.,process-flow assumption,Ambient geothermal networks,Water; Catalysts; Catalysts,Heat exchange; Membrane separation; Filtration; Wastewater treatment,energy penalty; heat management; infrastructure gap; cost curve problem,Ground-source systems work; district-scale implementation depends on planning and capital.,Process-route sources showing actual major unit operations or system blocks,Supported as starter-sourced framing,"U.S. Department of Energy. 2022. Industrial Decarbonization Roadmap. (https://www.osti.gov/biblio/1961393) | National Academies of Sciences, Engineering, and Medicine. 2020. Deployment of Deep Decarbonization Technologies. (https://www.nationalacademies.org/read/25656/chapter/6) | U.S. Department of Energy. 2015. Bandwidth Study on Energy Use and Potential Energy Saving Opportunities in U.S. Chemical Manufacturing. (https://www.energy.gov/cmei/ito/articles/bandwidth-study-us-chemical-manufacturing) | Sholl, D. S.; Lively, R. P. 2016. Seven chemical separations to change the world. Nature 532, 435–437. DOI: 10.1038/532435a. (https://www.nature.com/articles/532435a) | International Energy Agency. 2024. Global Hydrogen Review 2024. (https://www.iea.org/reports/global-hydrogen-review-2024) | U.S. Department of Energy. 2023. Pathways to Commercial Liftoff: Long Duration Energy Storage. (https://www.energy.gov/sites/default/files/2023-09/Pathways%20to%20Commercial%20Liftoff%20Long%20Duration%20Energy%20Storage%20Opportunities_508.pdf)",Tier 1 preferred; Tier 2 supplemental,Medium,Mini-PFDs are simplified; exact process routes can vary by architecture/vendor/design.,Treat the mini-PFD as a teaching abstraction unless a source directly supports the sequence.
Technology / readiness gap,Ambient geothermal networks readiness gap: Ground-source systems work; district-scale implementation depends on planning and capital.,readiness/economics claim,Ambient geothermal networks,Water; Catalysts; Catalysts,Heat exchange; Membrane separation; Filtration; Wastewater treatment,energy penalty; heat management; infrastructure gap; cost curve problem,Ground-source systems work; district-scale implementation depends on planning and capital.,TRL/MRL/IRL plus domain-specific demonstration/commercialization sources,Supported as starter-sourced framing,"U.S. Department of Energy. 2022. Industrial Decarbonization Roadmap. (https://www.osti.gov/biblio/1961393) | National Academies of Sciences, Engineering, and Medicine. 2020. Deployment of Deep Decarbonization Technologies. (https://www.nationalacademies.org/read/25656/chapter/6) | U.S. Department of Energy. 2015. Bandwidth Study on Energy Use and Potential Energy Saving Opportunities in U.S. Chemical Manufacturing. (https://www.energy.gov/cmei/ito/articles/bandwidth-study-us-chemical-manufacturing) | Sholl, D. S.; Lively, R. P. 2016. Seven chemical separations to change the world. Nature 532, 435–437. DOI: 10.1038/532435a. (https://www.nature.com/articles/532435a) | International Energy Agency. 2024. Global Hydrogen Review 2024. (https://www.iea.org/reports/global-hydrogen-review-2024) | U.S. Department of Energy. 2023. Pathways to Commercial Liftoff: Long Duration Energy Storage. (https://www.energy.gov/sites/default/files/2023-09/Pathways%20to%20Commercial%20Liftoff%20Long%20Duration%20Energy%20Storage%20Opportunities_508.pdf)",Tier 1 preferred; Tier 2 supplemental,Medium,"Source set supports the process framing, but individual claims require direct verification.","Qualify readiness gaps with the specific maturity dimension: technical, manufacturing, integration, infrastructure, safety, or economics."
Technology / scale trigger,Ambient geothermal networks scale trigger: Borefield installation must be standardized and financed like utility infrastructure.,readiness/economics claim + engineering inference,Ambient geothermal networks,Water; Catalysts; Catalysts,Heat exchange; Membrane separation; Filtration; Wastewater treatment,energy penalty; heat management; infrastructure gap; cost curve problem,Borefield installation must be standardized and financed like utility infrastructure.,"Techno-economic analysis, pilot data, manufacturing learning, reliability, regulatory/permitting evidence",Needs claim-level verification,"U.S. Department of Energy. 2022. Industrial Decarbonization Roadmap. (https://www.osti.gov/biblio/1961393) | National Academies of Sciences, Engineering, and Medicine. 2020. Deployment of Deep Decarbonization Technologies. (https://www.nationalacademies.org/read/25656/chapter/6) | U.S. Department of Energy. 2015. Bandwidth Study on Energy Use and Potential Energy Saving Opportunities in U.S. Chemical Manufacturing. (https://www.energy.gov/cmei/ito/articles/bandwidth-study-us-chemical-manufacturing) | Sholl, D. S.; Lively, R. P. 2016. Seven chemical separations to change the world. Nature 532, 435–437. DOI: 10.1038/532435a. (https://www.nature.com/articles/532435a) | International Energy Agency. 2024. Global Hydrogen Review 2024. (https://www.iea.org/reports/global-hydrogen-review-2024) | U.S. Department of Energy. 2023. Pathways to Commercial Liftoff: Long Duration Energy Storage. (https://www.energy.gov/sites/default/files/2023-09/Pathways%20to%20Commercial%20Liftoff%20Long%20Duration%20Energy%20Storage%20Opportunities_508.pdf)",Tier 1 preferred; Tier 2 supplemental,Low-Medium,"Scale-trigger language is often inferential and should be verified with TEA, deployment data, or agency roadmap sources.",Phrase scale triggers as hypotheses unless a direct source supports the causal threshold.
Technology / realistic pathway,"Methane pyrolysis for clean hydrogen: High-temperature reactors, catalyst or plasma systems, carbon separation, hydrogen purification, and solid carbon markets.",process-flow assumption + engineering inference,Methane pyrolysis for clean hydrogen,Hydrogen; Carbon dioxide; Methane; Oxygen; Catalysts; Catalysts,Catalysis; Pyrolysis; Heat exchange; Plasma processing; Electrolysis; Compression,energy penalty; fouling; heat management; separation cost,Processes are promising but need robust continuous carbon removal.,"Direct sources for process route, materials, bottlenecks, readiness, economics, and safety/regulatory issues",Supported as starter-sourced framing,"International Energy Agency. 2024. Global Hydrogen Review 2024. (https://www.iea.org/reports/global-hydrogen-review-2024) | International Energy Agency. 2025. Global Hydrogen Review 2025. (https://www.iea.org/reports/global-hydrogen-review-2025) | U.S. Department of Energy. 2022. Industrial Decarbonization Roadmap. (https://www.osti.gov/biblio/1961393) | U.S. Department of Energy. 2015. Bandwidth Study on Energy Use and Potential Energy Saving Opportunities in U.S. Chemical Manufacturing. (https://www.energy.gov/cmei/ito/articles/bandwidth-study-us-chemical-manufacturing) | National Academies of Sciences, Engineering, and Medicine. 2020. Deployment of Deep Decarbonization Technologies. (https://www.nationalacademies.org/read/25656/chapter/6) | International Energy Agency. 2024. Carbon Capture, Utilisation and Storage. (https://www.iea.org/energy-system/carbon-capture-utilisation-and-storage)",Tier 1 preferred; Tier 2 supplemental,Medium,"Source set supports the process framing, but individual claims require direct verification.","Verify numbers, economics, timelines, and performance separately. Keep Methane pyrolysis for clean hydrogen wording qualified around economics, timelines, and performance unless claim-level evidence is added."
Technology / simplified PFD,Methane pyrolysis for clean hydrogen is represented with the simplified PFD sequence: Methane feed → Pyrolysis reactor → Hydrogen separation → Carbon handling → End use.,process-flow assumption,Methane pyrolysis for clean hydrogen,Hydrogen; Carbon dioxide; Methane; Oxygen; Catalysts; Catalysts,Catalysis; Pyrolysis; Heat exchange; Plasma processing; Electrolysis; Compression,energy penalty; fouling; heat management; separation cost,Processes are promising but need robust continuous carbon removal.,Process-route sources showing actual major unit operations or system blocks,Supported as starter-sourced framing,"International Energy Agency. 2024. Global Hydrogen Review 2024. (https://www.iea.org/reports/global-hydrogen-review-2024) | International Energy Agency. 2025. Global Hydrogen Review 2025. (https://www.iea.org/reports/global-hydrogen-review-2025) | U.S. Department of Energy. 2022. Industrial Decarbonization Roadmap. (https://www.osti.gov/biblio/1961393) | U.S. Department of Energy. 2015. Bandwidth Study on Energy Use and Potential Energy Saving Opportunities in U.S. Chemical Manufacturing. (https://www.energy.gov/cmei/ito/articles/bandwidth-study-us-chemical-manufacturing) | National Academies of Sciences, Engineering, and Medicine. 2020. Deployment of Deep Decarbonization Technologies. (https://www.nationalacademies.org/read/25656/chapter/6) | International Energy Agency. 2024. Carbon Capture, Utilisation and Storage. (https://www.iea.org/energy-system/carbon-capture-utilisation-and-storage)",Tier 1 preferred; Tier 2 supplemental,Medium,Mini-PFDs are simplified; exact process routes can vary by architecture/vendor/design.,Treat the mini-PFD as a teaching abstraction unless a source directly supports the sequence.
Technology / readiness gap,Methane pyrolysis for clean hydrogen readiness gap: Processes are promising but need robust continuous carbon removal.,readiness/economics claim,Methane pyrolysis for clean hydrogen,Hydrogen; Carbon dioxide; Methane; Oxygen; Catalysts; Catalysts,Catalysis; Pyrolysis; Heat exchange; Plasma processing; Electrolysis; Compression,energy penalty; fouling; heat management; separation cost,Processes are promising but need robust continuous carbon removal.,TRL/MRL/IRL plus domain-specific demonstration/commercialization sources,Supported as starter-sourced framing,"International Energy Agency. 2024. Global Hydrogen Review 2024. (https://www.iea.org/reports/global-hydrogen-review-2024) | International Energy Agency. 2025. Global Hydrogen Review 2025. (https://www.iea.org/reports/global-hydrogen-review-2025) | U.S. Department of Energy. 2022. Industrial Decarbonization Roadmap. (https://www.osti.gov/biblio/1961393) | U.S. Department of Energy. 2015. Bandwidth Study on Energy Use and Potential Energy Saving Opportunities in U.S. Chemical Manufacturing. (https://www.energy.gov/cmei/ito/articles/bandwidth-study-us-chemical-manufacturing) | National Academies of Sciences, Engineering, and Medicine. 2020. Deployment of Deep Decarbonization Technologies. (https://www.nationalacademies.org/read/25656/chapter/6) | International Energy Agency. 2024. Carbon Capture, Utilisation and Storage. (https://www.iea.org/energy-system/carbon-capture-utilisation-and-storage)",Tier 1 preferred; Tier 2 supplemental,Medium,"Source set supports the process framing, but individual claims require direct verification.","Qualify readiness gaps with the specific maturity dimension: technical, manufacturing, integration, infrastructure, safety, or economics."
Technology / scale trigger,"Methane pyrolysis for clean hydrogen scale trigger: Solid carbon must become a managed product, not a disposal liability.",readiness/economics claim + engineering inference,Methane pyrolysis for clean hydrogen,Hydrogen; Carbon dioxide; Methane; Oxygen; Catalysts; Catalysts,Catalysis; Pyrolysis; Heat exchange; Plasma processing; Electrolysis; Compression,energy penalty; fouling; heat management; separation cost,"Solid carbon must become a managed product, not a disposal liability.","Techno-economic analysis, pilot data, manufacturing learning, reliability, regulatory/permitting evidence",Needs claim-level verification,"International Energy Agency. 2024. Global Hydrogen Review 2024. (https://www.iea.org/reports/global-hydrogen-review-2024) | International Energy Agency. 2025. Global Hydrogen Review 2025. (https://www.iea.org/reports/global-hydrogen-review-2025) | U.S. Department of Energy. 2022. Industrial Decarbonization Roadmap. (https://www.osti.gov/biblio/1961393) | U.S. Department of Energy. 2015. Bandwidth Study on Energy Use and Potential Energy Saving Opportunities in U.S. Chemical Manufacturing. (https://www.energy.gov/cmei/ito/articles/bandwidth-study-us-chemical-manufacturing) | National Academies of Sciences, Engineering, and Medicine. 2020. Deployment of Deep Decarbonization Technologies. (https://www.nationalacademies.org/read/25656/chapter/6) | International Energy Agency. 2024. Carbon Capture, Utilisation and Storage. (https://www.iea.org/energy-system/carbon-capture-utilisation-and-storage)",Tier 1 preferred; Tier 2 supplemental,Low-Medium,"Scale-trigger language is often inferential and should be verified with TEA, deployment data, or agency roadmap sources.",Phrase scale triggers as hypotheses unless a direct source supports the causal threshold.
Technology / realistic pathway,"Atmospheric water harvesting: Sorbent materials, cooling and condensation, solar or waste-heat regeneration, filtration, remineralization, and storage.",process-flow assumption + engineering inference,Atmospheric water harvesting,Carbon dioxide; Water; Silicon; Photoresists; Sorbents; Membranes; Sorbents; Membranes,Adsorption; Filtration; Heat exchange; Membrane separation; Wastewater treatment,energy penalty; material degradation; heat management; separation cost,"Small systems exist, but dry-climate water production is energy-limited.","Direct sources for process route, materials, bottlenecks, readiness, economics, and safety/regulatory issues",Supported as starter-sourced framing,"Ahrestani, Z., et al. 2023. An overview of atmospheric water harvesting methods. PMC / peer-reviewed review. (https://pmc.ncbi.nlm.nih.gov/articles/PMC10073925/) | Hanikel, N., Prévot, M. S., and Yaghi, O. M. 2020. MOF water harvesters. Nature Nanotechnology review context. (https://yaghi.berkeley.edu/pdfPublications/20MOFWaterHarvester.pdf) | Kim, H., et al. 2018. Adsorption-based atmospheric water harvesting device for arid climates. Nature Communications. (https://dspace.mit.edu/bitstreams/033e5912-c0bc-4914-abff-85923f31635e/download) | Ejeian, M., et al. 2021. Adsorption-based atmospheric water harvesting. Joule. (https://www.cell.com/joule/fulltext/S2542-4351(21)00178-1) | Chu, W., et al. 2024. Advancements in atmospheric water harvesting. Communications Engineering. (https://www.nature.com/articles/s44172-024-00324-y) | Wang, J., et al. 2023. Global water yield strategy for metal-organic-framework-based atmospheric water harvesting. Cell Reports Physical Science. (https://www.sciencedirect.com/science/article/pii/S2666386423005878)",Tier 1 preferred; Tier 2 supplemental,Medium,"Source set supports the process framing, but individual claims require direct verification.","Verify numbers, economics, timelines, and performance separately. Keep Atmospheric water harvesting wording qualified around economics, timelines, and performance unless claim-level evidence is added."
Technology / simplified PFD,Atmospheric water harvesting is represented with the simplified PFD sequence: Ambient air → Water capture → Regeneration/condensation → Purification → Storage.,process-flow assumption,Atmospheric water harvesting,Carbon dioxide; Water; Silicon; Photoresists; Sorbents; Membranes; Sorbents; Membranes,Adsorption; Filtration; Heat exchange; Membrane separation; Wastewater treatment,energy penalty; material degradation; heat management; separation cost,"Small systems exist, but dry-climate water production is energy-limited.",Process-route sources showing actual major unit operations or system blocks,Supported as starter-sourced framing,"Ahrestani, Z., et al. 2023. An overview of atmospheric water harvesting methods. PMC / peer-reviewed review. (https://pmc.ncbi.nlm.nih.gov/articles/PMC10073925/) | Hanikel, N., Prévot, M. S., and Yaghi, O. M. 2020. MOF water harvesters. Nature Nanotechnology review context. (https://yaghi.berkeley.edu/pdfPublications/20MOFWaterHarvester.pdf) | Kim, H., et al. 2018. Adsorption-based atmospheric water harvesting device for arid climates. Nature Communications. (https://dspace.mit.edu/bitstreams/033e5912-c0bc-4914-abff-85923f31635e/download) | Ejeian, M., et al. 2021. Adsorption-based atmospheric water harvesting. Joule. (https://www.cell.com/joule/fulltext/S2542-4351(21)00178-1) | Chu, W., et al. 2024. Advancements in atmospheric water harvesting. Communications Engineering. (https://www.nature.com/articles/s44172-024-00324-y) | Wang, J., et al. 2023. Global water yield strategy for metal-organic-framework-based atmospheric water harvesting. Cell Reports Physical Science. (https://www.sciencedirect.com/science/article/pii/S2666386423005878)",Tier 1 preferred; Tier 2 supplemental,Medium,Mini-PFDs are simplified; exact process routes can vary by architecture/vendor/design.,Treat the mini-PFD as a teaching abstraction unless a source directly supports the sequence.
Technology / readiness gap,"Atmospheric water harvesting readiness gap: Small systems exist, but dry-climate water production is energy-limited.",readiness/economics claim,Atmospheric water harvesting,Carbon dioxide; Water; Silicon; Photoresists; Sorbents; Membranes; Sorbents; Membranes,Adsorption; Filtration; Heat exchange; Membrane separation; Wastewater treatment,energy penalty; material degradation; heat management; separation cost,"Small systems exist, but dry-climate water production is energy-limited.",TRL/MRL/IRL plus domain-specific demonstration/commercialization sources,Supported as starter-sourced framing,"Ahrestani, Z., et al. 2023. An overview of atmospheric water harvesting methods. PMC / peer-reviewed review. (https://pmc.ncbi.nlm.nih.gov/articles/PMC10073925/) | Hanikel, N., Prévot, M. S., and Yaghi, O. M. 2020. MOF water harvesters. Nature Nanotechnology review context. (https://yaghi.berkeley.edu/pdfPublications/20MOFWaterHarvester.pdf) | Kim, H., et al. 2018. Adsorption-based atmospheric water harvesting device for arid climates. Nature Communications. (https://dspace.mit.edu/bitstreams/033e5912-c0bc-4914-abff-85923f31635e/download) | Ejeian, M., et al. 2021. Adsorption-based atmospheric water harvesting. Joule. (https://www.cell.com/joule/fulltext/S2542-4351(21)00178-1) | Chu, W., et al. 2024. Advancements in atmospheric water harvesting. Communications Engineering. (https://www.nature.com/articles/s44172-024-00324-y) | Wang, J., et al. 2023. Global water yield strategy for metal-organic-framework-based atmospheric water harvesting. Cell Reports Physical Science. (https://www.sciencedirect.com/science/article/pii/S2666386423005878)",Tier 1 preferred; Tier 2 supplemental,Medium,"Source set supports the process framing, but individual claims require direct verification.","Qualify readiness gaps with the specific maturity dimension: technical, manufacturing, integration, infrastructure, safety, or economics."
Technology / scale trigger,Atmospheric water harvesting scale trigger: Capture media must produce useful volumes with low-grade heat or solar power.,readiness/economics claim + engineering inference,Atmospheric water harvesting,Carbon dioxide; Water; Silicon; Photoresists; Sorbents; Membranes; Sorbents; Membranes,Adsorption; Filtration; Heat exchange; Membrane separation; Wastewater treatment,energy penalty; material degradation; heat management; separation cost,Capture media must produce useful volumes with low-grade heat or solar power.,"Techno-economic analysis, pilot data, manufacturing learning, reliability, regulatory/permitting evidence",Needs claim-level verification,"Ahrestani, Z., et al. 2023. An overview of atmospheric water harvesting methods. PMC / peer-reviewed review. (https://pmc.ncbi.nlm.nih.gov/articles/PMC10073925/) | Hanikel, N., Prévot, M. S., and Yaghi, O. M. 2020. MOF water harvesters. Nature Nanotechnology review context. (https://yaghi.berkeley.edu/pdfPublications/20MOFWaterHarvester.pdf) | Kim, H., et al. 2018. Adsorption-based atmospheric water harvesting device for arid climates. Nature Communications. (https://dspace.mit.edu/bitstreams/033e5912-c0bc-4914-abff-85923f31635e/download) | Ejeian, M., et al. 2021. Adsorption-based atmospheric water harvesting. Joule. (https://www.cell.com/joule/fulltext/S2542-4351(21)00178-1) | Chu, W., et al. 2024. Advancements in atmospheric water harvesting. Communications Engineering. (https://www.nature.com/articles/s44172-024-00324-y) | Wang, J., et al. 2023. Global water yield strategy for metal-organic-framework-based atmospheric water harvesting. Cell Reports Physical Science. (https://www.sciencedirect.com/science/article/pii/S2666386423005878)",Tier 1 preferred; Tier 2 supplemental,Low-Medium,"Scale-trigger language is often inferential and should be verified with TEA, deployment data, or agency roadmap sources.",Phrase scale triggers as hypotheses unless a direct source supports the causal threshold.
Technology / realistic pathway,"Desalination megastructures: Reverse osmosis, energy recovery, renewable power, membrane cleaning, brine management, and mineral recovery.",process-flow assumption + engineering inference,Desalination megastructures,Carbon dioxide; Water; Lithium; Electrolytes; Graphite; Membranes; Membrane modules; Graphene; Electrolytes; Membranes,Membrane separation; Filtration; Wastewater treatment,energy penalty; fouling; infrastructure gap; scale-up uncertainty,"Desalination is mature, but megascale ecological and energy impacts must be managed.","Direct sources for process route, materials, bottlenecks, readiness, economics, and safety/regulatory issues",Supported as starter-sourced framing,"National Research Council. 2008. Desalination: A National Perspective. (https://nap.nationalacademies.org/resource/12184/desal_final.pdf) | U.S. Geological Survey. 2019. Desalination. (https://www.usgs.gov/water-science-school/science/desalination) | U.S. Department of Energy. 2026. Desalination Basics. (https://www.energy.gov/cmei/ito/desalination-basics) | Sholl, D. S.; Lively, R. P. 2016. Seven chemical separations to change the world. Nature 532, 435–437. DOI: 10.1038/532435a. (https://www.nature.com/articles/532435a) | National Research Council. 2012. Water Reuse: Potential for Expanding the Nation's Water Supply Through Reuse of Municipal Wastewater. (https://www.nationalacademies.org/read/13303) | U.S. Environmental Protection Agency. 2026. Water Reuse and Recycling / National Water Reuse Action Plan. (https://www.epa.gov/waterreuse)",Tier 1 preferred; Tier 2 supplemental,Medium,"Source set supports the process framing, but individual claims require direct verification.","Verify numbers, economics, timelines, and performance separately. Keep Desalination megastructures wording qualified around economics, timelines, and performance unless claim-level evidence is added."
Technology / simplified PFD,Desalination megastructures is represented with the simplified PFD sequence: Seawater intake → Pretreatment → RO membranes → Remineralization → Distribution.,process-flow assumption,Desalination megastructures,Carbon dioxide; Water; Lithium; Electrolytes; Graphite; Membranes; Membrane modules; Graphene; Electrolytes; Membranes,Membrane separation; Filtration; Wastewater treatment,energy penalty; fouling; infrastructure gap; scale-up uncertainty,"Desalination is mature, but megascale ecological and energy impacts must be managed.",Process-route sources showing actual major unit operations or system blocks,Supported as starter-sourced framing,"National Research Council. 2008. Desalination: A National Perspective. (https://nap.nationalacademies.org/resource/12184/desal_final.pdf) | U.S. Geological Survey. 2019. Desalination. (https://www.usgs.gov/water-science-school/science/desalination) | U.S. Department of Energy. 2026. Desalination Basics. (https://www.energy.gov/cmei/ito/desalination-basics) | Sholl, D. S.; Lively, R. P. 2016. Seven chemical separations to change the world. Nature 532, 435–437. DOI: 10.1038/532435a. (https://www.nature.com/articles/532435a) | National Research Council. 2012. Water Reuse: Potential for Expanding the Nation's Water Supply Through Reuse of Municipal Wastewater. (https://www.nationalacademies.org/read/13303) | U.S. Environmental Protection Agency. 2026. Water Reuse and Recycling / National Water Reuse Action Plan. (https://www.epa.gov/waterreuse)",Tier 1 preferred; Tier 2 supplemental,Medium,Mini-PFDs are simplified; exact process routes can vary by architecture/vendor/design.,Treat the mini-PFD as a teaching abstraction unless a source directly supports the sequence.
Technology / readiness gap,"Desalination megastructures readiness gap: Desalination is mature, but megascale ecological and energy impacts must be managed.",readiness/economics claim,Desalination megastructures,Carbon dioxide; Water; Lithium; Electrolytes; Graphite; Membranes; Membrane modules; Graphene; Electrolytes; Membranes,Membrane separation; Filtration; Wastewater treatment,energy penalty; fouling; infrastructure gap; scale-up uncertainty,"Desalination is mature, but megascale ecological and energy impacts must be managed.",TRL/MRL/IRL plus domain-specific demonstration/commercialization sources,Supported as starter-sourced framing,"National Research Council. 2008. Desalination: A National Perspective. (https://nap.nationalacademies.org/resource/12184/desal_final.pdf) | U.S. Geological Survey. 2019. Desalination. (https://www.usgs.gov/water-science-school/science/desalination) | U.S. Department of Energy. 2026. Desalination Basics. (https://www.energy.gov/cmei/ito/desalination-basics) | Sholl, D. S.; Lively, R. P. 2016. Seven chemical separations to change the world. Nature 532, 435–437. DOI: 10.1038/532435a. (https://www.nature.com/articles/532435a) | National Research Council. 2012. Water Reuse: Potential for Expanding the Nation's Water Supply Through Reuse of Municipal Wastewater. (https://www.nationalacademies.org/read/13303) | U.S. Environmental Protection Agency. 2026. Water Reuse and Recycling / National Water Reuse Action Plan. (https://www.epa.gov/waterreuse)",Tier 1 preferred; Tier 2 supplemental,Medium,"Source set supports the process framing, but individual claims require direct verification.","Qualify readiness gaps with the specific maturity dimension: technical, manufacturing, integration, infrastructure, safety, or economics."
Technology / scale trigger,Desalination megastructures scale trigger: Brine handling and clean power must scale with plant capacity.,readiness/economics claim + engineering inference,Desalination megastructures,Carbon dioxide; Water; Lithium; Electrolytes; Graphite; Membranes; Membrane modules; Graphene; Electrolytes; Membranes,Membrane separation; Filtration; Wastewater treatment,energy penalty; fouling; infrastructure gap; scale-up uncertainty,Brine handling and clean power must scale with plant capacity.,"Techno-economic analysis, pilot data, manufacturing learning, reliability, regulatory/permitting evidence",Needs claim-level verification,"National Research Council. 2008. Desalination: A National Perspective. (https://nap.nationalacademies.org/resource/12184/desal_final.pdf) | U.S. Geological Survey. 2019. Desalination. (https://www.usgs.gov/water-science-school/science/desalination) | U.S. Department of Energy. 2026. Desalination Basics. (https://www.energy.gov/cmei/ito/desalination-basics) | Sholl, D. S.; Lively, R. P. 2016. Seven chemical separations to change the world. Nature 532, 435–437. DOI: 10.1038/532435a. (https://www.nature.com/articles/532435a) | National Research Council. 2012. Water Reuse: Potential for Expanding the Nation's Water Supply Through Reuse of Municipal Wastewater. (https://www.nationalacademies.org/read/13303) | U.S. Environmental Protection Agency. 2026. Water Reuse and Recycling / National Water Reuse Action Plan. (https://www.epa.gov/waterreuse)",Tier 1 preferred; Tier 2 supplemental,Low-Medium,"Scale-trigger language is often inferential and should be verified with TEA, deployment data, or agency roadmap sources.",Phrase scale triggers as hypotheses unless a direct source supports the causal threshold.
Technology / realistic pathway,"Brine mining: Selective membranes, precipitation, electrochemical separation, evaporation, crystallization, and product purification.",process-flow assumption + engineering inference,Brine mining,Water; Lithium; Electrolytes; Graphite; Membranes; Membrane modules; Graphene; Electrolytes; Membranes,Crystallization; Membrane separation; Precipitation; Electrochemical separation; Coating; Curing,energy penalty; poor selectivity; purity requirement; separation cost,"Minerals are present, but concentrations and separation costs rarely close the loop.","Direct sources for process route, materials, bottlenecks, readiness, economics, and safety/regulatory issues",Supported as starter-sourced framing,"Warren, I. 2021. Techno-Economic Analysis of Lithium Extraction from Geothermal Brines. National Renewable Energy Laboratory. (https://docs.nrel.gov/docs/fy21osti/79178.pdf) | International Energy Agency. 2025. Global Critical Minerals Outlook 2025. (https://www.iea.org/reports/global-critical-minerals-outlook-2025) | U.S. Geological Survey. 2025. Mineral Commodity Summaries 2025. (https://pubs.usgs.gov/publication/mcs2025) | Sholl, D. S.; Lively, R. P. 2016. Seven chemical separations to change the world. Nature 532, 435–437. DOI: 10.1038/532435a. (https://www.nature.com/articles/532435a) | National Research Council. 2008. Desalination: A National Perspective. (https://nap.nationalacademies.org/resource/12184/desal_final.pdf) | National Research Council. 2012. Water Reuse: Potential for Expanding the Nation's Water Supply Through Reuse of Municipal Wastewater. (https://www.nationalacademies.org/read/13303)",Tier 1 preferred; Tier 2 supplemental,Medium,"Source set supports the process framing, but individual claims require direct verification.","Verify numbers, economics, timelines, and performance separately. Keep Brine mining wording qualified around economics, timelines, and performance unless claim-level evidence is added."
Technology / simplified PFD,Brine mining is represented with the simplified PFD sequence: Brine feed → Selective extraction → Precipitation/crystallization → Purification → Mineral products.,process-flow assumption,Brine mining,Water; Lithium; Electrolytes; Graphite; Membranes; Membrane modules; Graphene; Electrolytes; Membranes,Crystallization; Membrane separation; Precipitation; Electrochemical separation; Coating; Curing,energy penalty; poor selectivity; purity requirement; separation cost,"Minerals are present, but concentrations and separation costs rarely close the loop.",Process-route sources showing actual major unit operations or system blocks,Supported as starter-sourced framing,"Warren, I. 2021. Techno-Economic Analysis of Lithium Extraction from Geothermal Brines. National Renewable Energy Laboratory. (https://docs.nrel.gov/docs/fy21osti/79178.pdf) | International Energy Agency. 2025. Global Critical Minerals Outlook 2025. (https://www.iea.org/reports/global-critical-minerals-outlook-2025) | U.S. Geological Survey. 2025. Mineral Commodity Summaries 2025. (https://pubs.usgs.gov/publication/mcs2025) | Sholl, D. S.; Lively, R. P. 2016. Seven chemical separations to change the world. Nature 532, 435–437. DOI: 10.1038/532435a. (https://www.nature.com/articles/532435a) | National Research Council. 2008. Desalination: A National Perspective. (https://nap.nationalacademies.org/resource/12184/desal_final.pdf) | National Research Council. 2012. Water Reuse: Potential for Expanding the Nation's Water Supply Through Reuse of Municipal Wastewater. (https://www.nationalacademies.org/read/13303)",Tier 1 preferred; Tier 2 supplemental,Medium,Mini-PFDs are simplified; exact process routes can vary by architecture/vendor/design.,Treat the mini-PFD as a teaching abstraction unless a source directly supports the sequence.
Technology / readiness gap,"Brine mining readiness gap: Minerals are present, but concentrations and separation costs rarely close the loop.",readiness/economics claim,Brine mining,Water; Lithium; Electrolytes; Graphite; Membranes; Membrane modules; Graphene; Electrolytes; Membranes,Crystallization; Membrane separation; Precipitation; Electrochemical separation; Coating; Curing,energy penalty; poor selectivity; purity requirement; separation cost,"Minerals are present, but concentrations and separation costs rarely close the loop.",TRL/MRL/IRL plus domain-specific demonstration/commercialization sources,Supported as starter-sourced framing,"Warren, I. 2021. Techno-Economic Analysis of Lithium Extraction from Geothermal Brines. National Renewable Energy Laboratory. (https://docs.nrel.gov/docs/fy21osti/79178.pdf) | International Energy Agency. 2025. Global Critical Minerals Outlook 2025. (https://www.iea.org/reports/global-critical-minerals-outlook-2025) | U.S. Geological Survey. 2025. Mineral Commodity Summaries 2025. (https://pubs.usgs.gov/publication/mcs2025) | Sholl, D. S.; Lively, R. P. 2016. Seven chemical separations to change the world. Nature 532, 435–437. DOI: 10.1038/532435a. (https://www.nature.com/articles/532435a) | National Research Council. 2008. Desalination: A National Perspective. (https://nap.nationalacademies.org/resource/12184/desal_final.pdf) | National Research Council. 2012. Water Reuse: Potential for Expanding the Nation's Water Supply Through Reuse of Municipal Wastewater. (https://www.nationalacademies.org/read/13303)",Tier 1 preferred; Tier 2 supplemental,Medium,"Source set supports the process framing, but individual claims require direct verification.","Qualify readiness gaps with the specific maturity dimension: technical, manufacturing, integration, infrastructure, safety, or economics."
Technology / scale trigger,Brine mining scale trigger: Selective separations must beat commodity mineral supply chains.,readiness/economics claim + engineering inference,Brine mining,Water; Lithium; Electrolytes; Graphite; Membranes; Membrane modules; Graphene; Electrolytes; Membranes,Crystallization; Membrane separation; Precipitation; Electrochemical separation; Coating; Curing,energy penalty; poor selectivity; purity requirement; separation cost,Selective separations must beat commodity mineral supply chains.,"Techno-economic analysis, pilot data, manufacturing learning, reliability, regulatory/permitting evidence",Needs claim-level verification,"Warren, I. 2021. Techno-Economic Analysis of Lithium Extraction from Geothermal Brines. National Renewable Energy Laboratory. (https://docs.nrel.gov/docs/fy21osti/79178.pdf) | International Energy Agency. 2025. Global Critical Minerals Outlook 2025. (https://www.iea.org/reports/global-critical-minerals-outlook-2025) | U.S. Geological Survey. 2025. Mineral Commodity Summaries 2025. (https://pubs.usgs.gov/publication/mcs2025) | Sholl, D. S.; Lively, R. P. 2016. Seven chemical separations to change the world. Nature 532, 435–437. DOI: 10.1038/532435a. (https://www.nature.com/articles/532435a) | National Research Council. 2008. Desalination: A National Perspective. (https://nap.nationalacademies.org/resource/12184/desal_final.pdf) | National Research Council. 2012. Water Reuse: Potential for Expanding the Nation's Water Supply Through Reuse of Municipal Wastewater. (https://www.nationalacademies.org/read/13303)",Tier 1 preferred; Tier 2 supplemental,Low-Medium,"Scale-trigger language is often inferential and should be verified with TEA, deployment data, or agency roadmap sources.",Phrase scale triggers as hypotheses unless a direct source supports the causal threshold.
Technology / realistic pathway,"Self-cleaning city water systems: Anti-biofouling coatings, embedded sensors, flow optimization, automated flushing, and predictive maintenance.",process-flow assumption + engineering inference,Self-cleaning city water systems,Water; Biomass-derived feedstocks; Functional coatings; Binders,Coating; Membrane separation; Filtration; Wastewater treatment,material degradation; fouling; infrastructure gap; reliability gap,"Pieces exist, but buried infrastructure is difficult to retrofit and verify.","Direct sources for process route, materials, bottlenecks, readiness, economics, and safety/regulatory issues",Supported as starter-sourced framing,"U.S. Environmental Protection Agency. 2026. Water Reuse and Recycling / National Water Reuse Action Plan. (https://www.epa.gov/waterreuse) | National Research Council. 2012. Water Reuse: Potential for Expanding the Nation's Water Supply Through Reuse of Municipal Wastewater. (https://www.nationalacademies.org/read/13303) | Sholl, D. S.; Lively, R. P. 2016. Seven chemical separations to change the world. Nature 532, 435–437. DOI: 10.1038/532435a. (https://www.nature.com/articles/532435a) | U.S. Environmental Protection Agency. 2024. Interim Guidance on the Destruction and Disposal of PFAS and Materials Containing PFAS. (https://www.epa.gov/system/files/documents/2024-04/2024-interim-guidance-on-pfas-destruction-and-disposal.pdf) | National Research Council. 2008. Desalination: A National Perspective. (https://nap.nationalacademies.org/resource/12184/desal_final.pdf) | Ahrestani, Z., et al. 2023. An overview of atmospheric water harvesting methods. PMC / peer-reviewed review. (https://pmc.ncbi.nlm.nih.gov/articles/PMC10073925/)",Tier 1 preferred; Tier 2 supplemental,Medium,"Source set supports the process framing, but individual claims require direct verification.","Verify numbers, economics, timelines, and performance separately. Keep Self-cleaning city water systems wording qualified around economics, timelines, and performance unless claim-level evidence is added."
Technology / simplified PFD,Self-cleaning city water systems is represented with the simplified PFD sequence: Water flow → Sensor monitoring → Fouling detection → Automated cleaning → Quality control.,process-flow assumption,Self-cleaning city water systems,Water; Biomass-derived feedstocks; Functional coatings; Binders,Coating; Membrane separation; Filtration; Wastewater treatment,material degradation; fouling; infrastructure gap; reliability gap,"Pieces exist, but buried infrastructure is difficult to retrofit and verify.",Process-route sources showing actual major unit operations or system blocks,Supported as starter-sourced framing,"U.S. Environmental Protection Agency. 2026. Water Reuse and Recycling / National Water Reuse Action Plan. (https://www.epa.gov/waterreuse) | National Research Council. 2012. Water Reuse: Potential for Expanding the Nation's Water Supply Through Reuse of Municipal Wastewater. (https://www.nationalacademies.org/read/13303) | Sholl, D. S.; Lively, R. P. 2016. Seven chemical separations to change the world. Nature 532, 435–437. DOI: 10.1038/532435a. (https://www.nature.com/articles/532435a) | U.S. Environmental Protection Agency. 2024. Interim Guidance on the Destruction and Disposal of PFAS and Materials Containing PFAS. (https://www.epa.gov/system/files/documents/2024-04/2024-interim-guidance-on-pfas-destruction-and-disposal.pdf) | National Research Council. 2008. Desalination: A National Perspective. (https://nap.nationalacademies.org/resource/12184/desal_final.pdf) | Ahrestani, Z., et al. 2023. An overview of atmospheric water harvesting methods. PMC / peer-reviewed review. (https://pmc.ncbi.nlm.nih.gov/articles/PMC10073925/)",Tier 1 preferred; Tier 2 supplemental,Medium,Mini-PFDs are simplified; exact process routes can vary by architecture/vendor/design.,Treat the mini-PFD as a teaching abstraction unless a source directly supports the sequence.
Technology / readiness gap,"Self-cleaning city water systems readiness gap: Pieces exist, but buried infrastructure is difficult to retrofit and verify.",readiness/economics claim,Self-cleaning city water systems,Water; Biomass-derived feedstocks; Functional coatings; Binders,Coating; Membrane separation; Filtration; Wastewater treatment,material degradation; fouling; infrastructure gap; reliability gap,"Pieces exist, but buried infrastructure is difficult to retrofit and verify.",TRL/MRL/IRL plus domain-specific demonstration/commercialization sources,Supported as starter-sourced framing,"U.S. Environmental Protection Agency. 2026. Water Reuse and Recycling / National Water Reuse Action Plan. (https://www.epa.gov/waterreuse) | National Research Council. 2012. Water Reuse: Potential for Expanding the Nation's Water Supply Through Reuse of Municipal Wastewater. (https://www.nationalacademies.org/read/13303) | Sholl, D. S.; Lively, R. P. 2016. Seven chemical separations to change the world. Nature 532, 435–437. DOI: 10.1038/532435a. (https://www.nature.com/articles/532435a) | U.S. Environmental Protection Agency. 2024. Interim Guidance on the Destruction and Disposal of PFAS and Materials Containing PFAS. (https://www.epa.gov/system/files/documents/2024-04/2024-interim-guidance-on-pfas-destruction-and-disposal.pdf) | National Research Council. 2008. Desalination: A National Perspective. (https://nap.nationalacademies.org/resource/12184/desal_final.pdf) | Ahrestani, Z., et al. 2023. An overview of atmospheric water harvesting methods. PMC / peer-reviewed review. (https://pmc.ncbi.nlm.nih.gov/articles/PMC10073925/)",Tier 1 preferred; Tier 2 supplemental,Medium,"Source set supports the process framing, but individual claims require direct verification.","Qualify readiness gaps with the specific maturity dimension: technical, manufacturing, integration, infrastructure, safety, or economics."
Technology / scale trigger,Self-cleaning city water systems scale trigger: Coatings and sensors must survive decades of real water chemistry.,readiness/economics claim + engineering inference,Self-cleaning city water systems,Water; Biomass-derived feedstocks; Functional coatings; Binders,Coating; Membrane separation; Filtration; Wastewater treatment,material degradation; fouling; infrastructure gap; reliability gap,Coatings and sensors must survive decades of real water chemistry.,"Techno-economic analysis, pilot data, manufacturing learning, reliability, regulatory/permitting evidence",Needs claim-level verification,"U.S. Environmental Protection Agency. 2026. Water Reuse and Recycling / National Water Reuse Action Plan. (https://www.epa.gov/waterreuse) | National Research Council. 2012. Water Reuse: Potential for Expanding the Nation's Water Supply Through Reuse of Municipal Wastewater. (https://www.nationalacademies.org/read/13303) | Sholl, D. S.; Lively, R. P. 2016. Seven chemical separations to change the world. Nature 532, 435–437. DOI: 10.1038/532435a. (https://www.nature.com/articles/532435a) | U.S. Environmental Protection Agency. 2024. Interim Guidance on the Destruction and Disposal of PFAS and Materials Containing PFAS. (https://www.epa.gov/system/files/documents/2024-04/2024-interim-guidance-on-pfas-destruction-and-disposal.pdf) | National Research Council. 2008. Desalination: A National Perspective. (https://nap.nationalacademies.org/resource/12184/desal_final.pdf) | Ahrestani, Z., et al. 2023. An overview of atmospheric water harvesting methods. PMC / peer-reviewed review. (https://pmc.ncbi.nlm.nih.gov/articles/PMC10073925/)",Tier 1 preferred; Tier 2 supplemental,Low-Medium,"Scale-trigger language is often inferential and should be verified with TEA, deployment data, or agency roadmap sources.",Phrase scale triggers as hypotheses unless a direct source supports the causal threshold.
Technology / realistic pathway,"PFAS destruction systems: Concentration by adsorption or membranes, electrochemical oxidation, plasma treatment, supercritical water oxidation, and verification analytics.",process-flow assumption + engineering inference,PFAS destruction systems,Carbon dioxide; Water; Lithium; Electrolytes; Graphite; Sorbents; Membrane modules; Graphene; Electrolytes; Sorbents,Adsorption; Membrane separation; Plasma processing; Electrochemical separation; Catalysis; Compression,energy penalty; supply-chain constraint; cost curve problem; data/control problem,Concentration is common; verified destruction at low cost is still developing.,"Direct sources for process route, materials, bottlenecks, readiness, economics, and safety/regulatory issues",Supported as starter-sourced framing,"U.S. Environmental Protection Agency. 2024. Interim Guidance on the Destruction and Disposal of PFAS and Materials Containing PFAS. (https://www.epa.gov/system/files/documents/2024-04/2024-interim-guidance-on-pfas-destruction-and-disposal.pdf) | Sholl, D. S.; Lively, R. P. 2016. Seven chemical separations to change the world. Nature 532, 435–437. DOI: 10.1038/532435a. (https://www.nature.com/articles/532435a) | National Research Council. 2012. Water Reuse: Potential for Expanding the Nation's Water Supply Through Reuse of Municipal Wastewater. (https://www.nationalacademies.org/read/13303) | U.S. Department of Energy. 2015. Bandwidth Study on Energy Use and Potential Energy Saving Opportunities in U.S. Chemical Manufacturing. (https://www.energy.gov/cmei/ito/articles/bandwidth-study-us-chemical-manufacturing) | National Research Council. 2008. Desalination: A National Perspective. (https://nap.nationalacademies.org/resource/12184/desal_final.pdf) | U.S. Environmental Protection Agency. 2026. Water Reuse and Recycling / National Water Reuse Action Plan. (https://www.epa.gov/waterreuse)",Tier 1 preferred; Tier 2 supplemental,Medium,"Source set supports the process framing, but individual claims require direct verification.","Verify numbers, economics, timelines, and performance separately. Keep PFAS destruction systems wording qualified around economics, timelines, and performance unless claim-level evidence is added."
Technology / simplified PFD,PFAS destruction systems is represented with the simplified PFD sequence: Contaminated water → PFAS concentration → Destruction reactor → Polishing → Discharge verification.,process-flow assumption,PFAS destruction systems,Carbon dioxide; Water; Lithium; Electrolytes; Graphite; Sorbents; Membrane modules; Graphene; Electrolytes; Sorbents,Adsorption; Membrane separation; Plasma processing; Electrochemical separation; Catalysis; Compression,energy penalty; supply-chain constraint; cost curve problem; data/control problem,Concentration is common; verified destruction at low cost is still developing.,Process-route sources showing actual major unit operations or system blocks,Supported as starter-sourced framing,"U.S. Environmental Protection Agency. 2024. Interim Guidance on the Destruction and Disposal of PFAS and Materials Containing PFAS. (https://www.epa.gov/system/files/documents/2024-04/2024-interim-guidance-on-pfas-destruction-and-disposal.pdf) | Sholl, D. S.; Lively, R. P. 2016. Seven chemical separations to change the world. Nature 532, 435–437. DOI: 10.1038/532435a. (https://www.nature.com/articles/532435a) | National Research Council. 2012. Water Reuse: Potential for Expanding the Nation's Water Supply Through Reuse of Municipal Wastewater. (https://www.nationalacademies.org/read/13303) | U.S. Department of Energy. 2015. Bandwidth Study on Energy Use and Potential Energy Saving Opportunities in U.S. Chemical Manufacturing. (https://www.energy.gov/cmei/ito/articles/bandwidth-study-us-chemical-manufacturing) | National Research Council. 2008. Desalination: A National Perspective. (https://nap.nationalacademies.org/resource/12184/desal_final.pdf) | U.S. Environmental Protection Agency. 2026. Water Reuse and Recycling / National Water Reuse Action Plan. (https://www.epa.gov/waterreuse)",Tier 1 preferred; Tier 2 supplemental,Medium,Mini-PFDs are simplified; exact process routes can vary by architecture/vendor/design.,Treat the mini-PFD as a teaching abstraction unless a source directly supports the sequence.
Technology / readiness gap,PFAS destruction systems readiness gap: Concentration is common; verified destruction at low cost is still developing.,readiness/economics claim,PFAS destruction systems,Carbon dioxide; Water; Lithium; Electrolytes; Graphite; Sorbents; Membrane modules; Graphene; Electrolytes; Sorbents,Adsorption; Membrane separation; Plasma processing; Electrochemical separation; Catalysis; Compression,energy penalty; supply-chain constraint; cost curve problem; data/control problem,Concentration is common; verified destruction at low cost is still developing.,TRL/MRL/IRL plus domain-specific demonstration/commercialization sources,Supported as starter-sourced framing,"U.S. Environmental Protection Agency. 2024. Interim Guidance on the Destruction and Disposal of PFAS and Materials Containing PFAS. (https://www.epa.gov/system/files/documents/2024-04/2024-interim-guidance-on-pfas-destruction-and-disposal.pdf) | Sholl, D. S.; Lively, R. P. 2016. Seven chemical separations to change the world. Nature 532, 435–437. DOI: 10.1038/532435a. (https://www.nature.com/articles/532435a) | National Research Council. 2012. Water Reuse: Potential for Expanding the Nation's Water Supply Through Reuse of Municipal Wastewater. (https://www.nationalacademies.org/read/13303) | U.S. Department of Energy. 2015. Bandwidth Study on Energy Use and Potential Energy Saving Opportunities in U.S. Chemical Manufacturing. (https://www.energy.gov/cmei/ito/articles/bandwidth-study-us-chemical-manufacturing) | National Research Council. 2008. Desalination: A National Perspective. (https://nap.nationalacademies.org/resource/12184/desal_final.pdf) | U.S. Environmental Protection Agency. 2026. Water Reuse and Recycling / National Water Reuse Action Plan. (https://www.epa.gov/waterreuse)",Tier 1 preferred; Tier 2 supplemental,Medium,"Source set supports the process framing, but individual claims require direct verification.","Qualify readiness gaps with the specific maturity dimension: technical, manufacturing, integration, infrastructure, safety, or economics."
Technology / scale trigger,PFAS destruction systems scale trigger: Treatment trains must prove mineralization without creating new hazards.,readiness/economics claim + engineering inference,PFAS destruction systems,Carbon dioxide; Water; Lithium; Electrolytes; Graphite; Sorbents; Membrane modules; Graphene; Electrolytes; Sorbents,Adsorption; Membrane separation; Plasma processing; Electrochemical separation; Catalysis; Compression,energy penalty; supply-chain constraint; cost curve problem; data/control problem,Treatment trains must prove mineralization without creating new hazards.,"Techno-economic analysis, pilot data, manufacturing learning, reliability, regulatory/permitting evidence",Needs claim-level verification,"U.S. Environmental Protection Agency. 2024. Interim Guidance on the Destruction and Disposal of PFAS and Materials Containing PFAS. (https://www.epa.gov/system/files/documents/2024-04/2024-interim-guidance-on-pfas-destruction-and-disposal.pdf) | Sholl, D. S.; Lively, R. P. 2016. Seven chemical separations to change the world. Nature 532, 435–437. DOI: 10.1038/532435a. (https://www.nature.com/articles/532435a) | National Research Council. 2012. Water Reuse: Potential for Expanding the Nation's Water Supply Through Reuse of Municipal Wastewater. (https://www.nationalacademies.org/read/13303) | U.S. Department of Energy. 2015. Bandwidth Study on Energy Use and Potential Energy Saving Opportunities in U.S. Chemical Manufacturing. (https://www.energy.gov/cmei/ito/articles/bandwidth-study-us-chemical-manufacturing) | National Research Council. 2008. Desalination: A National Perspective. (https://nap.nationalacademies.org/resource/12184/desal_final.pdf) | U.S. Environmental Protection Agency. 2026. Water Reuse and Recycling / National Water Reuse Action Plan. (https://www.epa.gov/waterreuse)",Tier 1 preferred; Tier 2 supplemental,Low-Medium,"Scale-trigger language is often inferential and should be verified with TEA, deployment data, or agency roadmap sources.",Phrase scale triggers as hypotheses unless a direct source supports the causal threshold.
Technology / realistic pathway,"Wastewater-to-drinking-water systems: Membrane bioreactors, reverse osmosis, UV advanced oxidation, activated carbon, real-time monitoring, and public acceptance.",process-flow assumption + engineering inference,Wastewater-to-drinking-water systems,Carbon dioxide; Water; Lithium; Electrolytes; Graphite; Conductive inks; Membrane modules; Graphene; Growth media; Scaffolds; Electrolytes,Membrane separation; Filtration; Wastewater treatment,infrastructure gap; safety risk; regulatory barrier; public acceptance,"Technically proven, but social trust and monitoring standards determine adoption.","Direct sources for process route, materials, bottlenecks, readiness, economics, and safety/regulatory issues",Supported as starter-sourced framing,"National Research Council. 2012. Water Reuse: Potential for Expanding the Nation's Water Supply Through Reuse of Municipal Wastewater. (https://www.nationalacademies.org/read/13303) | U.S. Environmental Protection Agency. 2026. Water Reuse and Recycling / National Water Reuse Action Plan. (https://www.epa.gov/waterreuse) | Sholl, D. S.; Lively, R. P. 2016. Seven chemical separations to change the world. Nature 532, 435–437. DOI: 10.1038/532435a. (https://www.nature.com/articles/532435a) | National Research Council. 2008. Desalination: A National Perspective. (https://nap.nationalacademies.org/resource/12184/desal_final.pdf) | U.S. Environmental Protection Agency. 2024. Interim Guidance on the Destruction and Disposal of PFAS and Materials Containing PFAS. (https://www.epa.gov/system/files/documents/2024-04/2024-interim-guidance-on-pfas-destruction-and-disposal.pdf) | International Energy Agency. 2024. Carbon Capture, Utilisation and Storage. (https://www.iea.org/energy-system/carbon-capture-utilisation-and-storage)",Tier 1 preferred; Tier 2 supplemental,Medium,"Source set supports the process framing, but individual claims require direct verification.","Verify numbers, economics, timelines, and performance separately. Keep Wastewater-to-drinking-water systems wording qualified around economics, timelines, and performance unless claim-level evidence is added."
Technology / simplified PFD,Wastewater-to-drinking-water systems is represented with the simplified PFD sequence: Wastewater → Biological treatment → Membrane filtration → Advanced oxidation → Potable storage.,process-flow assumption,Wastewater-to-drinking-water systems,Carbon dioxide; Water; Lithium; Electrolytes; Graphite; Conductive inks; Membrane modules; Graphene; Growth media; Scaffolds; Electrolytes,Membrane separation; Filtration; Wastewater treatment,infrastructure gap; safety risk; regulatory barrier; public acceptance,"Technically proven, but social trust and monitoring standards determine adoption.",Process-route sources showing actual major unit operations or system blocks,Supported as starter-sourced framing,"National Research Council. 2012. Water Reuse: Potential for Expanding the Nation's Water Supply Through Reuse of Municipal Wastewater. (https://www.nationalacademies.org/read/13303) | U.S. Environmental Protection Agency. 2026. Water Reuse and Recycling / National Water Reuse Action Plan. (https://www.epa.gov/waterreuse) | Sholl, D. S.; Lively, R. P. 2016. Seven chemical separations to change the world. Nature 532, 435–437. DOI: 10.1038/532435a. (https://www.nature.com/articles/532435a) | National Research Council. 2008. Desalination: A National Perspective. (https://nap.nationalacademies.org/resource/12184/desal_final.pdf) | U.S. Environmental Protection Agency. 2024. Interim Guidance on the Destruction and Disposal of PFAS and Materials Containing PFAS. (https://www.epa.gov/system/files/documents/2024-04/2024-interim-guidance-on-pfas-destruction-and-disposal.pdf) | International Energy Agency. 2024. Carbon Capture, Utilisation and Storage. (https://www.iea.org/energy-system/carbon-capture-utilisation-and-storage)",Tier 1 preferred; Tier 2 supplemental,Medium,Mini-PFDs are simplified; exact process routes can vary by architecture/vendor/design.,Treat the mini-PFD as a teaching abstraction unless a source directly supports the sequence.
Technology / readiness gap,"Wastewater-to-drinking-water systems readiness gap: Technically proven, but social trust and monitoring standards determine adoption.",readiness/economics claim,Wastewater-to-drinking-water systems,Carbon dioxide; Water; Lithium; Electrolytes; Graphite; Conductive inks; Membrane modules; Graphene; Growth media; Scaffolds; Electrolytes,Membrane separation; Filtration; Wastewater treatment,infrastructure gap; safety risk; regulatory barrier; public acceptance,"Technically proven, but social trust and monitoring standards determine adoption.",TRL/MRL/IRL plus domain-specific demonstration/commercialization sources,Supported as starter-sourced framing,"National Research Council. 2012. Water Reuse: Potential for Expanding the Nation's Water Supply Through Reuse of Municipal Wastewater. (https://www.nationalacademies.org/read/13303) | U.S. Environmental Protection Agency. 2026. Water Reuse and Recycling / National Water Reuse Action Plan. (https://www.epa.gov/waterreuse) | Sholl, D. S.; Lively, R. P. 2016. Seven chemical separations to change the world. Nature 532, 435–437. DOI: 10.1038/532435a. (https://www.nature.com/articles/532435a) | National Research Council. 2008. Desalination: A National Perspective. (https://nap.nationalacademies.org/resource/12184/desal_final.pdf) | U.S. Environmental Protection Agency. 2024. Interim Guidance on the Destruction and Disposal of PFAS and Materials Containing PFAS. (https://www.epa.gov/system/files/documents/2024-04/2024-interim-guidance-on-pfas-destruction-and-disposal.pdf) | International Energy Agency. 2024. Carbon Capture, Utilisation and Storage. (https://www.iea.org/energy-system/carbon-capture-utilisation-and-storage)",Tier 1 preferred; Tier 2 supplemental,Medium,"Source set supports the process framing, but individual claims require direct verification.","Qualify readiness gaps with the specific maturity dimension: technical, manufacturing, integration, infrastructure, safety, or economics."
Technology / scale trigger,Wastewater-to-drinking-water systems scale trigger: Real-time QA must make failures visible and containable.,readiness/economics claim + engineering inference,Wastewater-to-drinking-water systems,Carbon dioxide; Water; Lithium; Electrolytes; Graphite; Conductive inks; Membrane modules; Graphene; Growth media; Scaffolds; Electrolytes,Membrane separation; Filtration; Wastewater treatment,infrastructure gap; safety risk; regulatory barrier; public acceptance,Real-time QA must make failures visible and containable.,"Techno-economic analysis, pilot data, manufacturing learning, reliability, regulatory/permitting evidence",Needs claim-level verification,"National Research Council. 2012. Water Reuse: Potential for Expanding the Nation's Water Supply Through Reuse of Municipal Wastewater. (https://www.nationalacademies.org/read/13303) | U.S. Environmental Protection Agency. 2026. Water Reuse and Recycling / National Water Reuse Action Plan. (https://www.epa.gov/waterreuse) | Sholl, D. S.; Lively, R. P. 2016. Seven chemical separations to change the world. Nature 532, 435–437. DOI: 10.1038/532435a. (https://www.nature.com/articles/532435a) | National Research Council. 2008. Desalination: A National Perspective. (https://nap.nationalacademies.org/resource/12184/desal_final.pdf) | U.S. Environmental Protection Agency. 2024. Interim Guidance on the Destruction and Disposal of PFAS and Materials Containing PFAS. (https://www.epa.gov/system/files/documents/2024-04/2024-interim-guidance-on-pfas-destruction-and-disposal.pdf) | International Energy Agency. 2024. Carbon Capture, Utilisation and Storage. (https://www.iea.org/energy-system/carbon-capture-utilisation-and-storage)",Tier 1 preferred; Tier 2 supplemental,Low-Medium,"Scale-trigger language is often inferential and should be verified with TEA, deployment data, or agency roadmap sources.",Phrase scale triggers as hypotheses unless a direct source supports the causal threshold.
Technology / realistic pathway,"City-scale nutrient recovery: Ammonia stripping, struvite precipitation, anaerobic digestion, biosolids treatment, and pathogen control.",process-flow assumption + engineering inference,City-scale nutrient recovery,Ammonia; Nitrogen; Water; Biomass-derived feedstocks,Wastewater treatment; Precipitation; Adsorption; Catalysis; Compression,fouling; separation cost; infrastructure gap; cost curve problem,"Recovery systems exist, but fertilizer markets demand consistent quality.","Direct sources for process route, materials, bottlenecks, readiness, economics, and safety/regulatory issues",Supported as starter-sourced framing,"U.S. Environmental Protection Agency. 2026. Water Reuse and Recycling / National Water Reuse Action Plan. (https://www.epa.gov/waterreuse) | National Research Council. 2012. Water Reuse: Potential for Expanding the Nation's Water Supply Through Reuse of Municipal Wastewater. (https://www.nationalacademies.org/read/13303) | International Energy Agency. 2021. Ammonia Technology Roadmap: Towards more sustainable nitrogen fertiliser production. (https://www.iea.org/reports/ammonia-technology-roadmap) | Sholl, D. S.; Lively, R. P. 2016. Seven chemical separations to change the world. Nature 532, 435–437. DOI: 10.1038/532435a. (https://www.nature.com/articles/532435a) | National Research Council. 2008. Desalination: A National Perspective. (https://nap.nationalacademies.org/resource/12184/desal_final.pdf) | U.S. Environmental Protection Agency. 2024. Interim Guidance on the Destruction and Disposal of PFAS and Materials Containing PFAS. (https://www.epa.gov/system/files/documents/2024-04/2024-interim-guidance-on-pfas-destruction-and-disposal.pdf)",Tier 1 preferred; Tier 2 supplemental,Medium,"Source set supports the process framing, but individual claims require direct verification.","Verify numbers, economics, timelines, and performance separately. Keep City-scale nutrient recovery wording qualified around economics, timelines, and performance unless claim-level evidence is added."
Technology / simplified PFD,City-scale nutrient recovery is represented with the simplified PFD sequence: Wastewater → Nutrient concentration → Precipitation/recovery → Purification → Fertilizer.,process-flow assumption,City-scale nutrient recovery,Ammonia; Nitrogen; Water; Biomass-derived feedstocks,Wastewater treatment; Precipitation; Adsorption; Catalysis; Compression,fouling; separation cost; infrastructure gap; cost curve problem,"Recovery systems exist, but fertilizer markets demand consistent quality.",Process-route sources showing actual major unit operations or system blocks,Supported as starter-sourced framing,"U.S. Environmental Protection Agency. 2026. Water Reuse and Recycling / National Water Reuse Action Plan. (https://www.epa.gov/waterreuse) | National Research Council. 2012. Water Reuse: Potential for Expanding the Nation's Water Supply Through Reuse of Municipal Wastewater. (https://www.nationalacademies.org/read/13303) | International Energy Agency. 2021. Ammonia Technology Roadmap: Towards more sustainable nitrogen fertiliser production. (https://www.iea.org/reports/ammonia-technology-roadmap) | Sholl, D. S.; Lively, R. P. 2016. Seven chemical separations to change the world. Nature 532, 435–437. DOI: 10.1038/532435a. (https://www.nature.com/articles/532435a) | National Research Council. 2008. Desalination: A National Perspective. (https://nap.nationalacademies.org/resource/12184/desal_final.pdf) | U.S. Environmental Protection Agency. 2024. Interim Guidance on the Destruction and Disposal of PFAS and Materials Containing PFAS. (https://www.epa.gov/system/files/documents/2024-04/2024-interim-guidance-on-pfas-destruction-and-disposal.pdf)",Tier 1 preferred; Tier 2 supplemental,Medium,Mini-PFDs are simplified; exact process routes can vary by architecture/vendor/design.,Treat the mini-PFD as a teaching abstraction unless a source directly supports the sequence.
Technology / readiness gap,"City-scale nutrient recovery readiness gap: Recovery systems exist, but fertilizer markets demand consistent quality.",readiness/economics claim,City-scale nutrient recovery,Ammonia; Nitrogen; Water; Biomass-derived feedstocks,Wastewater treatment; Precipitation; Adsorption; Catalysis; Compression,fouling; separation cost; infrastructure gap; cost curve problem,"Recovery systems exist, but fertilizer markets demand consistent quality.",TRL/MRL/IRL plus domain-specific demonstration/commercialization sources,Supported as starter-sourced framing,"U.S. Environmental Protection Agency. 2026. Water Reuse and Recycling / National Water Reuse Action Plan. (https://www.epa.gov/waterreuse) | National Research Council. 2012. Water Reuse: Potential for Expanding the Nation's Water Supply Through Reuse of Municipal Wastewater. (https://www.nationalacademies.org/read/13303) | International Energy Agency. 2021. Ammonia Technology Roadmap: Towards more sustainable nitrogen fertiliser production. (https://www.iea.org/reports/ammonia-technology-roadmap) | Sholl, D. S.; Lively, R. P. 2016. Seven chemical separations to change the world. Nature 532, 435–437. DOI: 10.1038/532435a. (https://www.nature.com/articles/532435a) | National Research Council. 2008. Desalination: A National Perspective. (https://nap.nationalacademies.org/resource/12184/desal_final.pdf) | U.S. Environmental Protection Agency. 2024. Interim Guidance on the Destruction and Disposal of PFAS and Materials Containing PFAS. (https://www.epa.gov/system/files/documents/2024-04/2024-interim-guidance-on-pfas-destruction-and-disposal.pdf)",Tier 1 preferred; Tier 2 supplemental,Medium,"Source set supports the process framing, but individual claims require direct verification.","Qualify readiness gaps with the specific maturity dimension: technical, manufacturing, integration, infrastructure, safety, or economics."
Technology / scale trigger,City-scale nutrient recovery scale trigger: Recovered products must meet agronomic and contaminant specifications.,readiness/economics claim + engineering inference,City-scale nutrient recovery,Ammonia; Nitrogen; Water; Biomass-derived feedstocks,Wastewater treatment; Precipitation; Adsorption; Catalysis; Compression,fouling; separation cost; infrastructure gap; cost curve problem,Recovered products must meet agronomic and contaminant specifications.,"Techno-economic analysis, pilot data, manufacturing learning, reliability, regulatory/permitting evidence",Needs claim-level verification,"U.S. Environmental Protection Agency. 2026. Water Reuse and Recycling / National Water Reuse Action Plan. (https://www.epa.gov/waterreuse) | National Research Council. 2012. Water Reuse: Potential for Expanding the Nation's Water Supply Through Reuse of Municipal Wastewater. (https://www.nationalacademies.org/read/13303) | International Energy Agency. 2021. Ammonia Technology Roadmap: Towards more sustainable nitrogen fertiliser production. (https://www.iea.org/reports/ammonia-technology-roadmap) | Sholl, D. S.; Lively, R. P. 2016. Seven chemical separations to change the world. Nature 532, 435–437. DOI: 10.1038/532435a. (https://www.nature.com/articles/532435a) | National Research Council. 2008. Desalination: A National Perspective. (https://nap.nationalacademies.org/resource/12184/desal_final.pdf) | U.S. Environmental Protection Agency. 2024. Interim Guidance on the Destruction and Disposal of PFAS and Materials Containing PFAS. (https://www.epa.gov/system/files/documents/2024-04/2024-interim-guidance-on-pfas-destruction-and-disposal.pdf)",Tier 1 preferred; Tier 2 supplemental,Low-Medium,"Scale-trigger language is often inferential and should be verified with TEA, deployment data, or agency roadmap sources.",Phrase scale triggers as hypotheses unless a direct source supports the causal threshold.
Technology / realistic pathway,"Smart stormwater infrastructure: Permeable surfaces, bioswales, retention tanks, sensors, predictive control, and green roofs.",process-flow assumption + engineering inference,Smart stormwater infrastructure,Water; Lithium; Electrolytes; Graphite; Sorbents; Membranes; Functional coatings; Binders; Electrolytes; Sorbents; Membranes,Filtration,infrastructure gap; reliability gap; maintenance burden; data/control problem,Components are mature; networked control and maintenance funding are uneven.,"Direct sources for process route, materials, bottlenecks, readiness, economics, and safety/regulatory issues",Supported as starter-sourced framing,"U.S. Environmental Protection Agency. 2026. Water Reuse and Recycling / National Water Reuse Action Plan. (https://www.epa.gov/waterreuse) | National Research Council. 2012. Water Reuse: Potential for Expanding the Nation's Water Supply Through Reuse of Municipal Wastewater. (https://www.nationalacademies.org/read/13303) | Sholl, D. S.; Lively, R. P. 2016. Seven chemical separations to change the world. Nature 532, 435–437. DOI: 10.1038/532435a. (https://www.nature.com/articles/532435a) | U.S. Geological Survey. 2019. Desalination. (https://www.usgs.gov/water-science-school/science/desalination) | National Research Council. 2008. Desalination: A National Perspective. (https://nap.nationalacademies.org/resource/12184/desal_final.pdf) | U.S. Environmental Protection Agency. 2024. Interim Guidance on the Destruction and Disposal of PFAS and Materials Containing PFAS. (https://www.epa.gov/system/files/documents/2024-04/2024-interim-guidance-on-pfas-destruction-and-disposal.pdf)",Tier 1 preferred; Tier 2 supplemental,Medium,"Source set supports the process framing, but individual claims require direct verification.","Verify numbers, economics, timelines, and performance separately. Keep Smart stormwater infrastructure wording qualified around economics, timelines, and performance unless claim-level evidence is added."
Technology / simplified PFD,Smart stormwater infrastructure is represented with the simplified PFD sequence: Rainfall → Distributed capture → Filtration/storage → Controlled release → Reuse or discharge.,process-flow assumption,Smart stormwater infrastructure,Water; Lithium; Electrolytes; Graphite; Sorbents; Membranes; Functional coatings; Binders; Electrolytes; Sorbents; Membranes,Filtration,infrastructure gap; reliability gap; maintenance burden; data/control problem,Components are mature; networked control and maintenance funding are uneven.,Process-route sources showing actual major unit operations or system blocks,Supported as starter-sourced framing,"U.S. Environmental Protection Agency. 2026. Water Reuse and Recycling / National Water Reuse Action Plan. (https://www.epa.gov/waterreuse) | National Research Council. 2012. Water Reuse: Potential for Expanding the Nation's Water Supply Through Reuse of Municipal Wastewater. (https://www.nationalacademies.org/read/13303) | Sholl, D. S.; Lively, R. P. 2016. Seven chemical separations to change the world. Nature 532, 435–437. DOI: 10.1038/532435a. (https://www.nature.com/articles/532435a) | U.S. Geological Survey. 2019. Desalination. (https://www.usgs.gov/water-science-school/science/desalination) | National Research Council. 2008. Desalination: A National Perspective. (https://nap.nationalacademies.org/resource/12184/desal_final.pdf) | U.S. Environmental Protection Agency. 2024. Interim Guidance on the Destruction and Disposal of PFAS and Materials Containing PFAS. (https://www.epa.gov/system/files/documents/2024-04/2024-interim-guidance-on-pfas-destruction-and-disposal.pdf)",Tier 1 preferred; Tier 2 supplemental,Medium,Mini-PFDs are simplified; exact process routes can vary by architecture/vendor/design.,Treat the mini-PFD as a teaching abstraction unless a source directly supports the sequence.
Technology / readiness gap,Smart stormwater infrastructure readiness gap: Components are mature; networked control and maintenance funding are uneven.,readiness/economics claim,Smart stormwater infrastructure,Water; Lithium; Electrolytes; Graphite; Sorbents; Membranes; Functional coatings; Binders; Electrolytes; Sorbents; Membranes,Filtration,infrastructure gap; reliability gap; maintenance burden; data/control problem,Components are mature; networked control and maintenance funding are uneven.,TRL/MRL/IRL plus domain-specific demonstration/commercialization sources,Supported as starter-sourced framing,"U.S. Environmental Protection Agency. 2026. Water Reuse and Recycling / National Water Reuse Action Plan. (https://www.epa.gov/waterreuse) | National Research Council. 2012. Water Reuse: Potential for Expanding the Nation's Water Supply Through Reuse of Municipal Wastewater. (https://www.nationalacademies.org/read/13303) | Sholl, D. S.; Lively, R. P. 2016. Seven chemical separations to change the world. Nature 532, 435–437. DOI: 10.1038/532435a. (https://www.nature.com/articles/532435a) | U.S. Geological Survey. 2019. Desalination. (https://www.usgs.gov/water-science-school/science/desalination) | National Research Council. 2008. Desalination: A National Perspective. (https://nap.nationalacademies.org/resource/12184/desal_final.pdf) | U.S. Environmental Protection Agency. 2024. Interim Guidance on the Destruction and Disposal of PFAS and Materials Containing PFAS. (https://www.epa.gov/system/files/documents/2024-04/2024-interim-guidance-on-pfas-destruction-and-disposal.pdf)",Tier 1 preferred; Tier 2 supplemental,Medium,"Source set supports the process framing, but individual claims require direct verification.","Qualify readiness gaps with the specific maturity dimension: technical, manufacturing, integration, infrastructure, safety, or economics."
Technology / scale trigger,Smart stormwater infrastructure scale trigger: Cities must operate stormwater assets as an active distributed system.,readiness/economics claim + engineering inference,Smart stormwater infrastructure,Water; Lithium; Electrolytes; Graphite; Sorbents; Membranes; Functional coatings; Binders; Electrolytes; Sorbents; Membranes,Filtration,infrastructure gap; reliability gap; maintenance burden; data/control problem,Cities must operate stormwater assets as an active distributed system.,"Techno-economic analysis, pilot data, manufacturing learning, reliability, regulatory/permitting evidence",Needs claim-level verification,"U.S. Environmental Protection Agency. 2026. Water Reuse and Recycling / National Water Reuse Action Plan. (https://www.epa.gov/waterreuse) | National Research Council. 2012. Water Reuse: Potential for Expanding the Nation's Water Supply Through Reuse of Municipal Wastewater. (https://www.nationalacademies.org/read/13303) | Sholl, D. S.; Lively, R. P. 2016. Seven chemical separations to change the world. Nature 532, 435–437. DOI: 10.1038/532435a. (https://www.nature.com/articles/532435a) | U.S. Geological Survey. 2019. Desalination. (https://www.usgs.gov/water-science-school/science/desalination) | National Research Council. 2008. Desalination: A National Perspective. (https://nap.nationalacademies.org/resource/12184/desal_final.pdf) | U.S. Environmental Protection Agency. 2024. Interim Guidance on the Destruction and Disposal of PFAS and Materials Containing PFAS. (https://www.epa.gov/system/files/documents/2024-04/2024-interim-guidance-on-pfas-destruction-and-disposal.pdf)",Tier 1 preferred; Tier 2 supplemental,Low-Medium,"Scale-trigger language is often inferential and should be verified with TEA, deployment data, or agency roadmap sources.",Phrase scale triggers as hypotheses unless a direct source supports the causal threshold.
Technology / realistic pathway,"Modular emergency water units: Containerized filtration, solar power, membrane modules, chemical dosing, and sensor-based quality assurance.",process-flow assumption + engineering inference,Modular emergency water units,Water; Silicon; Photoresists; Membranes; Membrane modules; Graphene; Functional coatings; Binders; Membranes,Membrane separation; Filtration; Wastewater treatment,energy penalty; infrastructure gap; reliability gap; maintenance burden,"Portable units exist, but disaster reliability depends on maintenance and consumables.","Direct sources for process route, materials, bottlenecks, readiness, economics, and safety/regulatory issues",Supported as starter-sourced framing,"U.S. Environmental Protection Agency. 2026. Water Reuse and Recycling / National Water Reuse Action Plan. (https://www.epa.gov/waterreuse) | National Research Council. 2012. Water Reuse: Potential for Expanding the Nation's Water Supply Through Reuse of Municipal Wastewater. (https://www.nationalacademies.org/read/13303) | National Research Council. 2008. Desalination: A National Perspective. (https://nap.nationalacademies.org/resource/12184/desal_final.pdf) | Sholl, D. S.; Lively, R. P. 2016. Seven chemical separations to change the world. Nature 532, 435–437. DOI: 10.1038/532435a. (https://www.nature.com/articles/532435a) | U.S. Environmental Protection Agency. 2024. Interim Guidance on the Destruction and Disposal of PFAS and Materials Containing PFAS. (https://www.epa.gov/system/files/documents/2024-04/2024-interim-guidance-on-pfas-destruction-and-disposal.pdf) | Ahrestani, Z., et al. 2023. An overview of atmospheric water harvesting methods. PMC / peer-reviewed review. (https://pmc.ncbi.nlm.nih.gov/articles/PMC10073925/)",Tier 1 preferred; Tier 2 supplemental,Medium,"Source set supports the process framing, but individual claims require direct verification.","Verify numbers, economics, timelines, and performance separately. Keep Modular emergency water units wording qualified around economics, timelines, and performance unless claim-level evidence is added."
Technology / simplified PFD,Modular emergency water units is represented with the simplified PFD sequence: Local source → Pretreatment → Membrane/UV treatment → Storage → Distribution.,process-flow assumption,Modular emergency water units,Water; Silicon; Photoresists; Membranes; Membrane modules; Graphene; Functional coatings; Binders; Membranes,Membrane separation; Filtration; Wastewater treatment,energy penalty; infrastructure gap; reliability gap; maintenance burden,"Portable units exist, but disaster reliability depends on maintenance and consumables.",Process-route sources showing actual major unit operations or system blocks,Supported as starter-sourced framing,"U.S. Environmental Protection Agency. 2026. Water Reuse and Recycling / National Water Reuse Action Plan. (https://www.epa.gov/waterreuse) | National Research Council. 2012. Water Reuse: Potential for Expanding the Nation's Water Supply Through Reuse of Municipal Wastewater. (https://www.nationalacademies.org/read/13303) | National Research Council. 2008. Desalination: A National Perspective. (https://nap.nationalacademies.org/resource/12184/desal_final.pdf) | Sholl, D. S.; Lively, R. P. 2016. Seven chemical separations to change the world. Nature 532, 435–437. DOI: 10.1038/532435a. (https://www.nature.com/articles/532435a) | U.S. Environmental Protection Agency. 2024. Interim Guidance on the Destruction and Disposal of PFAS and Materials Containing PFAS. (https://www.epa.gov/system/files/documents/2024-04/2024-interim-guidance-on-pfas-destruction-and-disposal.pdf) | Ahrestani, Z., et al. 2023. An overview of atmospheric water harvesting methods. PMC / peer-reviewed review. (https://pmc.ncbi.nlm.nih.gov/articles/PMC10073925/)",Tier 1 preferred; Tier 2 supplemental,Medium,Mini-PFDs are simplified; exact process routes can vary by architecture/vendor/design.,Treat the mini-PFD as a teaching abstraction unless a source directly supports the sequence.
Technology / readiness gap,"Modular emergency water units readiness gap: Portable units exist, but disaster reliability depends on maintenance and consumables.",readiness/economics claim,Modular emergency water units,Water; Silicon; Photoresists; Membranes; Membrane modules; Graphene; Functional coatings; Binders; Membranes,Membrane separation; Filtration; Wastewater treatment,energy penalty; infrastructure gap; reliability gap; maintenance burden,"Portable units exist, but disaster reliability depends on maintenance and consumables.",TRL/MRL/IRL plus domain-specific demonstration/commercialization sources,Supported as starter-sourced framing,"U.S. Environmental Protection Agency. 2026. Water Reuse and Recycling / National Water Reuse Action Plan. (https://www.epa.gov/waterreuse) | National Research Council. 2012. Water Reuse: Potential for Expanding the Nation's Water Supply Through Reuse of Municipal Wastewater. (https://www.nationalacademies.org/read/13303) | National Research Council. 2008. Desalination: A National Perspective. (https://nap.nationalacademies.org/resource/12184/desal_final.pdf) | Sholl, D. S.; Lively, R. P. 2016. Seven chemical separations to change the world. Nature 532, 435–437. DOI: 10.1038/532435a. (https://www.nature.com/articles/532435a) | U.S. Environmental Protection Agency. 2024. Interim Guidance on the Destruction and Disposal of PFAS and Materials Containing PFAS. (https://www.epa.gov/system/files/documents/2024-04/2024-interim-guidance-on-pfas-destruction-and-disposal.pdf) | Ahrestani, Z., et al. 2023. An overview of atmospheric water harvesting methods. PMC / peer-reviewed review. (https://pmc.ncbi.nlm.nih.gov/articles/PMC10073925/)",Tier 1 preferred; Tier 2 supplemental,Medium,"Source set supports the process framing, but individual claims require direct verification.","Qualify readiness gaps with the specific maturity dimension: technical, manufacturing, integration, infrastructure, safety, or economics."
Technology / scale trigger,Modular emergency water units scale trigger: Units must handle unknown water quality with simple QA signals.,readiness/economics claim + engineering inference,Modular emergency water units,Water; Silicon; Photoresists; Membranes; Membrane modules; Graphene; Functional coatings; Binders; Membranes,Membrane separation; Filtration; Wastewater treatment,energy penalty; infrastructure gap; reliability gap; maintenance burden,Units must handle unknown water quality with simple QA signals.,"Techno-economic analysis, pilot data, manufacturing learning, reliability, regulatory/permitting evidence",Needs claim-level verification,"U.S. Environmental Protection Agency. 2026. Water Reuse and Recycling / National Water Reuse Action Plan. (https://www.epa.gov/waterreuse) | National Research Council. 2012. Water Reuse: Potential for Expanding the Nation's Water Supply Through Reuse of Municipal Wastewater. (https://www.nationalacademies.org/read/13303) | National Research Council. 2008. Desalination: A National Perspective. (https://nap.nationalacademies.org/resource/12184/desal_final.pdf) | Sholl, D. S.; Lively, R. P. 2016. Seven chemical separations to change the world. Nature 532, 435–437. DOI: 10.1038/532435a. (https://www.nature.com/articles/532435a) | U.S. Environmental Protection Agency. 2024. Interim Guidance on the Destruction and Disposal of PFAS and Materials Containing PFAS. (https://www.epa.gov/system/files/documents/2024-04/2024-interim-guidance-on-pfas-destruction-and-disposal.pdf) | Ahrestani, Z., et al. 2023. An overview of atmospheric water harvesting methods. PMC / peer-reviewed review. (https://pmc.ncbi.nlm.nih.gov/articles/PMC10073925/)",Tier 1 preferred; Tier 2 supplemental,Low-Medium,"Scale-trigger language is often inferential and should be verified with TEA, deployment data, or agency roadmap sources.",Phrase scale triggers as hypotheses unless a direct source supports the causal threshold.
Technology / realistic pathway,"Closed-loop building water: Greywater separation, membrane filtration, UV disinfection, smart plumbing, and nonpotable reuse loops.",process-flow assumption + engineering inference,Closed-loop building water,Water; Conductive inks; Solvents; Membranes; Membrane modules; Graphene; Conductive inks; Membranes,Membrane separation; Filtration,separation cost; infrastructure gap; regulatory barrier; public acceptance,New buildings can integrate loops; existing buildings are harder to retrofit.,"Direct sources for process route, materials, bottlenecks, readiness, economics, and safety/regulatory issues",Supported as starter-sourced framing,"U.S. Environmental Protection Agency. 2026. Water Reuse and Recycling / National Water Reuse Action Plan. (https://www.epa.gov/waterreuse) | National Research Council. 2012. Water Reuse: Potential for Expanding the Nation's Water Supply Through Reuse of Municipal Wastewater. (https://www.nationalacademies.org/read/13303) | Sholl, D. S.; Lively, R. P. 2016. Seven chemical separations to change the world. Nature 532, 435–437. DOI: 10.1038/532435a. (https://www.nature.com/articles/532435a) | U.S. Geological Survey. 2019. Desalination. (https://www.usgs.gov/water-science-school/science/desalination) | National Research Council. 2008. Desalination: A National Perspective. (https://nap.nationalacademies.org/resource/12184/desal_final.pdf) | U.S. Environmental Protection Agency. 2024. Interim Guidance on the Destruction and Disposal of PFAS and Materials Containing PFAS. (https://www.epa.gov/system/files/documents/2024-04/2024-interim-guidance-on-pfas-destruction-and-disposal.pdf)",Tier 1 preferred; Tier 2 supplemental,Medium,"Source set supports the process framing, but individual claims require direct verification.","Verify numbers, economics, timelines, and performance separately. Keep Closed-loop building water wording qualified around economics, timelines, and performance unless claim-level evidence is added."
Technology / simplified PFD,Closed-loop building water is represented with the simplified PFD sequence: Sink/shower water → Filtration → Disinfection → Storage → Toilet or irrigation reuse.,process-flow assumption,Closed-loop building water,Water; Conductive inks; Solvents; Membranes; Membrane modules; Graphene; Conductive inks; Membranes,Membrane separation; Filtration,separation cost; infrastructure gap; regulatory barrier; public acceptance,New buildings can integrate loops; existing buildings are harder to retrofit.,Process-route sources showing actual major unit operations or system blocks,Supported as starter-sourced framing,"U.S. Environmental Protection Agency. 2026. Water Reuse and Recycling / National Water Reuse Action Plan. (https://www.epa.gov/waterreuse) | National Research Council. 2012. Water Reuse: Potential for Expanding the Nation's Water Supply Through Reuse of Municipal Wastewater. (https://www.nationalacademies.org/read/13303) | Sholl, D. S.; Lively, R. P. 2016. Seven chemical separations to change the world. Nature 532, 435–437. DOI: 10.1038/532435a. (https://www.nature.com/articles/532435a) | U.S. Geological Survey. 2019. Desalination. (https://www.usgs.gov/water-science-school/science/desalination) | National Research Council. 2008. Desalination: A National Perspective. (https://nap.nationalacademies.org/resource/12184/desal_final.pdf) | U.S. Environmental Protection Agency. 2024. Interim Guidance on the Destruction and Disposal of PFAS and Materials Containing PFAS. (https://www.epa.gov/system/files/documents/2024-04/2024-interim-guidance-on-pfas-destruction-and-disposal.pdf)",Tier 1 preferred; Tier 2 supplemental,Medium,Mini-PFDs are simplified; exact process routes can vary by architecture/vendor/design.,Treat the mini-PFD as a teaching abstraction unless a source directly supports the sequence.
Technology / readiness gap,Closed-loop building water readiness gap: New buildings can integrate loops; existing buildings are harder to retrofit.,readiness/economics claim,Closed-loop building water,Water; Conductive inks; Solvents; Membranes; Membrane modules; Graphene; Conductive inks; Membranes,Membrane separation; Filtration,separation cost; infrastructure gap; regulatory barrier; public acceptance,New buildings can integrate loops; existing buildings are harder to retrofit.,TRL/MRL/IRL plus domain-specific demonstration/commercialization sources,Supported as starter-sourced framing,"U.S. Environmental Protection Agency. 2026. Water Reuse and Recycling / National Water Reuse Action Plan. (https://www.epa.gov/waterreuse) | National Research Council. 2012. Water Reuse: Potential for Expanding the Nation's Water Supply Through Reuse of Municipal Wastewater. (https://www.nationalacademies.org/read/13303) | Sholl, D. S.; Lively, R. P. 2016. Seven chemical separations to change the world. Nature 532, 435–437. DOI: 10.1038/532435a. (https://www.nature.com/articles/532435a) | U.S. Geological Survey. 2019. Desalination. (https://www.usgs.gov/water-science-school/science/desalination) | National Research Council. 2008. Desalination: A National Perspective. (https://nap.nationalacademies.org/resource/12184/desal_final.pdf) | U.S. Environmental Protection Agency. 2024. Interim Guidance on the Destruction and Disposal of PFAS and Materials Containing PFAS. (https://www.epa.gov/system/files/documents/2024-04/2024-interim-guidance-on-pfas-destruction-and-disposal.pdf)",Tier 1 preferred; Tier 2 supplemental,Medium,"Source set supports the process framing, but individual claims require direct verification.","Qualify readiness gaps with the specific maturity dimension: technical, manufacturing, integration, infrastructure, safety, or economics."
Technology / scale trigger,Closed-loop building water scale trigger: Codes and plumbing standards must normalize nonpotable reuse.,readiness/economics claim + engineering inference,Closed-loop building water,Water; Conductive inks; Solvents; Membranes; Membrane modules; Graphene; Conductive inks; Membranes,Membrane separation; Filtration,separation cost; infrastructure gap; regulatory barrier; public acceptance,Codes and plumbing standards must normalize nonpotable reuse.,"Techno-economic analysis, pilot data, manufacturing learning, reliability, regulatory/permitting evidence",Needs claim-level verification,"U.S. Environmental Protection Agency. 2026. Water Reuse and Recycling / National Water Reuse Action Plan. (https://www.epa.gov/waterreuse) | National Research Council. 2012. Water Reuse: Potential for Expanding the Nation's Water Supply Through Reuse of Municipal Wastewater. (https://www.nationalacademies.org/read/13303) | Sholl, D. S.; Lively, R. P. 2016. Seven chemical separations to change the world. Nature 532, 435–437. DOI: 10.1038/532435a. (https://www.nature.com/articles/532435a) | U.S. Geological Survey. 2019. Desalination. (https://www.usgs.gov/water-science-school/science/desalination) | National Research Council. 2008. Desalination: A National Perspective. (https://nap.nationalacademies.org/resource/12184/desal_final.pdf) | U.S. Environmental Protection Agency. 2024. Interim Guidance on the Destruction and Disposal of PFAS and Materials Containing PFAS. (https://www.epa.gov/system/files/documents/2024-04/2024-interim-guidance-on-pfas-destruction-and-disposal.pdf)",Tier 1 preferred; Tier 2 supplemental,Low-Medium,"Scale-trigger language is often inferential and should be verified with TEA, deployment data, or agency roadmap sources.",Phrase scale triggers as hypotheses unless a direct source supports the causal threshold.
Technology / realistic pathway,"Smart glass buildings: Electrochromic coatings, transparent conductors, ion-conducting layers, sealing, cycling durability, and building controls.",process-flow assumption + engineering inference,Smart glass buildings,Copper; Water; Catalysts; Glass; Transparent conductors; Functional coatings; Binders; Catalysts,Coating; Curing; Filtration,material degradation; reliability gap; maintenance burden; cost curve problem,"Commercial products exist, but cost and large-area reliability limit broad adoption.","Direct sources for process route, materials, bottlenecks, readiness, economics, and safety/regulatory issues",Supported as starter-sourced framing,"U.S. Department of Energy Building Technologies Office. 2023. Better Windows, Better Outcomes: How Electrochromics Improve Health, Productivity, and Efficiency. (https://www.energy.gov/sites/default/files/2023-12/bto-electrochromic-window-report-121123.pdf) | National Academies of Sciences, Engineering, and Medicine. 2020. Deployment of Deep Decarbonization Technologies. (https://www.nationalacademies.org/read/25656/chapter/6) | National Institute of Standards and Technology. 2023. CHIPS Metrology Program. (https://www.nist.gov/chips/research-development-programs/metrology-program) | U.S. Department of Energy. 2015. Bandwidth Study on Energy Use and Potential Energy Saving Opportunities in U.S. Chemical Manufacturing. (https://www.energy.gov/cmei/ito/articles/bandwidth-study-us-chemical-manufacturing) | International Energy Agency. 2025. Global Critical Minerals Outlook 2025. (https://www.iea.org/reports/global-critical-minerals-outlook-2025) | U.S. Geological Survey. 2025. Mineral Commodity Summaries 2025. (https://pubs.usgs.gov/publication/mcs2025)",Tier 1 preferred; Tier 2 supplemental,Medium,"Source set supports the process framing, but individual claims require direct verification.","Verify numbers, economics, timelines, and performance separately. Keep Smart glass buildings wording qualified around economics, timelines, and performance unless claim-level evidence is added."
Technology / simplified PFD,Smart glass buildings is represented with the simplified PFD sequence: Glass prep → Conductive coating → Electrochromic deposition → Lamination/sealing → Module testing.,process-flow assumption,Smart glass buildings,Copper; Water; Catalysts; Glass; Transparent conductors; Functional coatings; Binders; Catalysts,Coating; Curing; Filtration,material degradation; reliability gap; maintenance burden; cost curve problem,"Commercial products exist, but cost and large-area reliability limit broad adoption.",Process-route sources showing actual major unit operations or system blocks,Supported as starter-sourced framing,"U.S. Department of Energy Building Technologies Office. 2023. Better Windows, Better Outcomes: How Electrochromics Improve Health, Productivity, and Efficiency. (https://www.energy.gov/sites/default/files/2023-12/bto-electrochromic-window-report-121123.pdf) | National Academies of Sciences, Engineering, and Medicine. 2020. Deployment of Deep Decarbonization Technologies. (https://www.nationalacademies.org/read/25656/chapter/6) | National Institute of Standards and Technology. 2023. CHIPS Metrology Program. (https://www.nist.gov/chips/research-development-programs/metrology-program) | U.S. Department of Energy. 2015. Bandwidth Study on Energy Use and Potential Energy Saving Opportunities in U.S. Chemical Manufacturing. (https://www.energy.gov/cmei/ito/articles/bandwidth-study-us-chemical-manufacturing) | International Energy Agency. 2025. Global Critical Minerals Outlook 2025. (https://www.iea.org/reports/global-critical-minerals-outlook-2025) | U.S. Geological Survey. 2025. Mineral Commodity Summaries 2025. (https://pubs.usgs.gov/publication/mcs2025)",Tier 1 preferred; Tier 2 supplemental,Medium,Mini-PFDs are simplified; exact process routes can vary by architecture/vendor/design.,Treat the mini-PFD as a teaching abstraction unless a source directly supports the sequence.
Technology / readiness gap,"Smart glass buildings readiness gap: Commercial products exist, but cost and large-area reliability limit broad adoption.",readiness/economics claim,Smart glass buildings,Copper; Water; Catalysts; Glass; Transparent conductors; Functional coatings; Binders; Catalysts,Coating; Curing; Filtration,material degradation; reliability gap; maintenance burden; cost curve problem,"Commercial products exist, but cost and large-area reliability limit broad adoption.",TRL/MRL/IRL plus domain-specific demonstration/commercialization sources,Supported as starter-sourced framing,"U.S. Department of Energy Building Technologies Office. 2023. Better Windows, Better Outcomes: How Electrochromics Improve Health, Productivity, and Efficiency. (https://www.energy.gov/sites/default/files/2023-12/bto-electrochromic-window-report-121123.pdf) | National Academies of Sciences, Engineering, and Medicine. 2020. Deployment of Deep Decarbonization Technologies. (https://www.nationalacademies.org/read/25656/chapter/6) | National Institute of Standards and Technology. 2023. CHIPS Metrology Program. (https://www.nist.gov/chips/research-development-programs/metrology-program) | U.S. Department of Energy. 2015. Bandwidth Study on Energy Use and Potential Energy Saving Opportunities in U.S. Chemical Manufacturing. (https://www.energy.gov/cmei/ito/articles/bandwidth-study-us-chemical-manufacturing) | International Energy Agency. 2025. Global Critical Minerals Outlook 2025. (https://www.iea.org/reports/global-critical-minerals-outlook-2025) | U.S. Geological Survey. 2025. Mineral Commodity Summaries 2025. (https://pubs.usgs.gov/publication/mcs2025)",Tier 1 preferred; Tier 2 supplemental,Medium,"Source set supports the process framing, but individual claims require direct verification.","Qualify readiness gaps with the specific maturity dimension: technical, manufacturing, integration, infrastructure, safety, or economics."
Technology / scale trigger,Smart glass buildings scale trigger: Large panels must hold optical performance through years of cycling.,readiness/economics claim + engineering inference,Smart glass buildings,Copper; Water; Catalysts; Glass; Transparent conductors; Functional coatings; Binders; Catalysts,Coating; Curing; Filtration,material degradation; reliability gap; maintenance burden; cost curve problem,Large panels must hold optical performance through years of cycling.,"Techno-economic analysis, pilot data, manufacturing learning, reliability, regulatory/permitting evidence",Needs claim-level verification,"U.S. Department of Energy Building Technologies Office. 2023. Better Windows, Better Outcomes: How Electrochromics Improve Health, Productivity, and Efficiency. (https://www.energy.gov/sites/default/files/2023-12/bto-electrochromic-window-report-121123.pdf) | National Academies of Sciences, Engineering, and Medicine. 2020. Deployment of Deep Decarbonization Technologies. (https://www.nationalacademies.org/read/25656/chapter/6) | National Institute of Standards and Technology. 2023. CHIPS Metrology Program. (https://www.nist.gov/chips/research-development-programs/metrology-program) | U.S. Department of Energy. 2015. Bandwidth Study on Energy Use and Potential Energy Saving Opportunities in U.S. Chemical Manufacturing. (https://www.energy.gov/cmei/ito/articles/bandwidth-study-us-chemical-manufacturing) | International Energy Agency. 2025. Global Critical Minerals Outlook 2025. (https://www.iea.org/reports/global-critical-minerals-outlook-2025) | U.S. Geological Survey. 2025. Mineral Commodity Summaries 2025. (https://pubs.usgs.gov/publication/mcs2025)",Tier 1 preferred; Tier 2 supplemental,Low-Medium,"Scale-trigger language is often inferential and should be verified with TEA, deployment data, or agency roadmap sources.",Phrase scale triggers as hypotheses unless a direct source supports the causal threshold.
Technology / realistic pathway,"Self-healing concrete: Encapsulated healing agents, bacteria-based mineralization, polymer networks, moisture-triggered chemistry, and durability testing.",process-flow assumption + engineering inference,Self-healing concrete,Carbon dioxide; Lithium; Electrolytes; Graphite; Cement/concrete chemistries; Polymers; Cementitious materials; Mineral aggregates; Electrolytes; Polymers,Coating; Curing; Filtration,material degradation; infrastructure gap; regulatory barrier; reliability gap,Lab and pilot materials are promising; infrastructure codes need field evidence.,"Direct sources for process route, materials, bottlenecks, readiness, economics, and safety/regulatory issues",Supported as starter-sourced framing,"International Energy Agency. 2024. Cement. (https://www.iea.org/energy-system/industry/cement) | International Energy Agency and Cement Sustainability Initiative. 2018. Technology Roadmap: Low-Carbon Transition in the Cement Industry. (https://www.iea.org/reports/technology-roadmap-low-carbon-transition-in-the-cement-industry) | Driver, J. G., et al. 2024. Global decarbonization potential of CO2 mineralization in concrete materials. Nature Communications / PMC. (https://pmc.ncbi.nlm.nih.gov/articles/PMC11260098/) | Wang, S., and M. W. Urban. 2020. Self-healing polymers. Nature Reviews Materials. (https://ui.adsabs.harvard.edu/abs/2020NatRM...5..562W/abstract) | International Energy Agency. 2025. Global Critical Minerals Outlook 2025. (https://www.iea.org/reports/global-critical-minerals-outlook-2025) | U.S. Geological Survey. 2025. Mineral Commodity Summaries 2025. (https://pubs.usgs.gov/publication/mcs2025)",Tier 1 preferred; Tier 2 supplemental,Medium,"Source set supports the process framing, but individual claims require direct verification.","Verify numbers, economics, timelines, and performance separately. Keep Self-healing concrete wording qualified around economics, timelines, and performance unless claim-level evidence is added."
Technology / simplified PFD,Self-healing concrete is represented with the simplified PFD sequence: Cement matrix → Healing additive integration → Casting → Crack activation → Repair reaction.,process-flow assumption,Self-healing concrete,Carbon dioxide; Lithium; Electrolytes; Graphite; Cement/concrete chemistries; Polymers; Cementitious materials; Mineral aggregates; Electrolytes; Polymers,Coating; Curing; Filtration,material degradation; infrastructure gap; regulatory barrier; reliability gap,Lab and pilot materials are promising; infrastructure codes need field evidence.,Process-route sources showing actual major unit operations or system blocks,Supported as starter-sourced framing,"International Energy Agency. 2024. Cement. (https://www.iea.org/energy-system/industry/cement) | International Energy Agency and Cement Sustainability Initiative. 2018. Technology Roadmap: Low-Carbon Transition in the Cement Industry. (https://www.iea.org/reports/technology-roadmap-low-carbon-transition-in-the-cement-industry) | Driver, J. G., et al. 2024. Global decarbonization potential of CO2 mineralization in concrete materials. Nature Communications / PMC. (https://pmc.ncbi.nlm.nih.gov/articles/PMC11260098/) | Wang, S., and M. W. Urban. 2020. Self-healing polymers. Nature Reviews Materials. (https://ui.adsabs.harvard.edu/abs/2020NatRM...5..562W/abstract) | International Energy Agency. 2025. Global Critical Minerals Outlook 2025. (https://www.iea.org/reports/global-critical-minerals-outlook-2025) | U.S. Geological Survey. 2025. Mineral Commodity Summaries 2025. (https://pubs.usgs.gov/publication/mcs2025)",Tier 1 preferred; Tier 2 supplemental,Medium,Mini-PFDs are simplified; exact process routes can vary by architecture/vendor/design.,Treat the mini-PFD as a teaching abstraction unless a source directly supports the sequence.
Technology / readiness gap,Self-healing concrete readiness gap: Lab and pilot materials are promising; infrastructure codes need field evidence.,readiness/economics claim,Self-healing concrete,Carbon dioxide; Lithium; Electrolytes; Graphite; Cement/concrete chemistries; Polymers; Cementitious materials; Mineral aggregates; Electrolytes; Polymers,Coating; Curing; Filtration,material degradation; infrastructure gap; regulatory barrier; reliability gap,Lab and pilot materials are promising; infrastructure codes need field evidence.,TRL/MRL/IRL plus domain-specific demonstration/commercialization sources,Supported as starter-sourced framing,"International Energy Agency. 2024. Cement. (https://www.iea.org/energy-system/industry/cement) | International Energy Agency and Cement Sustainability Initiative. 2018. Technology Roadmap: Low-Carbon Transition in the Cement Industry. (https://www.iea.org/reports/technology-roadmap-low-carbon-transition-in-the-cement-industry) | Driver, J. G., et al. 2024. Global decarbonization potential of CO2 mineralization in concrete materials. Nature Communications / PMC. (https://pmc.ncbi.nlm.nih.gov/articles/PMC11260098/) | Wang, S., and M. W. Urban. 2020. Self-healing polymers. Nature Reviews Materials. (https://ui.adsabs.harvard.edu/abs/2020NatRM...5..562W/abstract) | International Energy Agency. 2025. Global Critical Minerals Outlook 2025. (https://www.iea.org/reports/global-critical-minerals-outlook-2025) | U.S. Geological Survey. 2025. Mineral Commodity Summaries 2025. (https://pubs.usgs.gov/publication/mcs2025)",Tier 1 preferred; Tier 2 supplemental,Medium,"Source set supports the process framing, but individual claims require direct verification.","Qualify readiness gaps with the specific maturity dimension: technical, manufacturing, integration, infrastructure, safety, or economics."
Technology / scale trigger,"Self-healing concrete scale trigger: Healing must be predictable under real loads, climates, and maintenance cycles.",readiness/economics claim + engineering inference,Self-healing concrete,Carbon dioxide; Lithium; Electrolytes; Graphite; Cement/concrete chemistries; Polymers; Cementitious materials; Mineral aggregates; Electrolytes; Polymers,Coating; Curing; Filtration,material degradation; infrastructure gap; regulatory barrier; reliability gap,"Healing must be predictable under real loads, climates, and maintenance cycles.","Techno-economic analysis, pilot data, manufacturing learning, reliability, regulatory/permitting evidence",Needs claim-level verification,"International Energy Agency. 2024. Cement. (https://www.iea.org/energy-system/industry/cement) | International Energy Agency and Cement Sustainability Initiative. 2018. Technology Roadmap: Low-Carbon Transition in the Cement Industry. (https://www.iea.org/reports/technology-roadmap-low-carbon-transition-in-the-cement-industry) | Driver, J. G., et al. 2024. Global decarbonization potential of CO2 mineralization in concrete materials. Nature Communications / PMC. (https://pmc.ncbi.nlm.nih.gov/articles/PMC11260098/) | Wang, S., and M. W. Urban. 2020. Self-healing polymers. Nature Reviews Materials. (https://ui.adsabs.harvard.edu/abs/2020NatRM...5..562W/abstract) | International Energy Agency. 2025. Global Critical Minerals Outlook 2025. (https://www.iea.org/reports/global-critical-minerals-outlook-2025) | U.S. Geological Survey. 2025. Mineral Commodity Summaries 2025. (https://pubs.usgs.gov/publication/mcs2025)",Tier 1 preferred; Tier 2 supplemental,Low-Medium,"Scale-trigger language is often inferential and should be verified with TEA, deployment data, or agency roadmap sources.",Phrase scale triggers as hypotheses unless a direct source supports the causal threshold.
Technology / realistic pathway,"Adaptive building skins: Responsive materials, sensors, actuators, solar coatings, thermal storage layers, and control algorithms.",process-flow assumption + engineering inference,Adaptive building skins,Silicon; Photoresists; Functional coatings; Binders,Coating; Heat exchange,energy penalty; material degradation; heat management; regulatory barrier,"Architectural prototypes exist, but lifecycle reliability is a barrier.","Direct sources for process route, materials, bottlenecks, readiness, economics, and safety/regulatory issues",Supported as starter-sourced framing,"U.S. Department of Energy Building Technologies Office. 2023. Better Windows, Better Outcomes: How Electrochromics Improve Health, Productivity, and Efficiency. (https://www.energy.gov/sites/default/files/2023-12/bto-electrochromic-window-report-121123.pdf) | Huang, G., et al. 2024. Radiative cooling and indoor light management enabled by a transparent, haze-free metafilm. Nature Communications. (https://www.nature.com/articles/s41467-024-48150-2) | U.S. Department of Energy. 2022. Industrial Decarbonization Roadmap. (https://www.osti.gov/biblio/1961393) | U.S. Department of Energy. 2015. Bandwidth Study on Energy Use and Potential Energy Saving Opportunities in U.S. Chemical Manufacturing. (https://www.energy.gov/cmei/ito/articles/bandwidth-study-us-chemical-manufacturing) | International Energy Agency. 2025. Global Critical Minerals Outlook 2025. (https://www.iea.org/reports/global-critical-minerals-outlook-2025) | U.S. Geological Survey. 2025. Mineral Commodity Summaries 2025. (https://pubs.usgs.gov/publication/mcs2025)",Tier 1 preferred; Tier 2 supplemental,Medium,"Source set supports the process framing, but individual claims require direct verification.","Verify numbers, economics, timelines, and performance separately. Keep Adaptive building skins wording qualified around economics, timelines, and performance unless claim-level evidence is added."
Technology / simplified PFD,Adaptive building skins is represented with the simplified PFD sequence: Sensor input → Control system → Material or actuator response → Heat/light regulation → Performance feedback.,process-flow assumption,Adaptive building skins,Silicon; Photoresists; Functional coatings; Binders,Coating; Heat exchange,energy penalty; material degradation; heat management; regulatory barrier,"Architectural prototypes exist, but lifecycle reliability is a barrier.",Process-route sources showing actual major unit operations or system blocks,Supported as starter-sourced framing,"U.S. Department of Energy Building Technologies Office. 2023. Better Windows, Better Outcomes: How Electrochromics Improve Health, Productivity, and Efficiency. (https://www.energy.gov/sites/default/files/2023-12/bto-electrochromic-window-report-121123.pdf) | Huang, G., et al. 2024. Radiative cooling and indoor light management enabled by a transparent, haze-free metafilm. Nature Communications. (https://www.nature.com/articles/s41467-024-48150-2) | U.S. Department of Energy. 2022. Industrial Decarbonization Roadmap. (https://www.osti.gov/biblio/1961393) | U.S. Department of Energy. 2015. Bandwidth Study on Energy Use and Potential Energy Saving Opportunities in U.S. Chemical Manufacturing. (https://www.energy.gov/cmei/ito/articles/bandwidth-study-us-chemical-manufacturing) | International Energy Agency. 2025. Global Critical Minerals Outlook 2025. (https://www.iea.org/reports/global-critical-minerals-outlook-2025) | U.S. Geological Survey. 2025. Mineral Commodity Summaries 2025. (https://pubs.usgs.gov/publication/mcs2025)",Tier 1 preferred; Tier 2 supplemental,Medium,Mini-PFDs are simplified; exact process routes can vary by architecture/vendor/design.,Treat the mini-PFD as a teaching abstraction unless a source directly supports the sequence.
Technology / readiness gap,"Adaptive building skins readiness gap: Architectural prototypes exist, but lifecycle reliability is a barrier.",readiness/economics claim,Adaptive building skins,Silicon; Photoresists; Functional coatings; Binders,Coating; Heat exchange,energy penalty; material degradation; heat management; regulatory barrier,"Architectural prototypes exist, but lifecycle reliability is a barrier.",TRL/MRL/IRL plus domain-specific demonstration/commercialization sources,Supported as starter-sourced framing,"U.S. Department of Energy Building Technologies Office. 2023. Better Windows, Better Outcomes: How Electrochromics Improve Health, Productivity, and Efficiency. (https://www.energy.gov/sites/default/files/2023-12/bto-electrochromic-window-report-121123.pdf) | Huang, G., et al. 2024. Radiative cooling and indoor light management enabled by a transparent, haze-free metafilm. Nature Communications. (https://www.nature.com/articles/s41467-024-48150-2) | U.S. Department of Energy. 2022. Industrial Decarbonization Roadmap. (https://www.osti.gov/biblio/1961393) | U.S. Department of Energy. 2015. Bandwidth Study on Energy Use and Potential Energy Saving Opportunities in U.S. Chemical Manufacturing. (https://www.energy.gov/cmei/ito/articles/bandwidth-study-us-chemical-manufacturing) | International Energy Agency. 2025. Global Critical Minerals Outlook 2025. (https://www.iea.org/reports/global-critical-minerals-outlook-2025) | U.S. Geological Survey. 2025. Mineral Commodity Summaries 2025. (https://pubs.usgs.gov/publication/mcs2025)",Tier 1 preferred; Tier 2 supplemental,Medium,"Source set supports the process framing, but individual claims require direct verification.","Qualify readiness gaps with the specific maturity dimension: technical, manufacturing, integration, infrastructure, safety, or economics."
Technology / scale trigger,Adaptive building skins scale trigger: Facade modules must be serviceable and energy-positive over their lifetime.,readiness/economics claim + engineering inference,Adaptive building skins,Silicon; Photoresists; Functional coatings; Binders,Coating; Heat exchange,energy penalty; material degradation; heat management; regulatory barrier,Facade modules must be serviceable and energy-positive over their lifetime.,"Techno-economic analysis, pilot data, manufacturing learning, reliability, regulatory/permitting evidence",Needs claim-level verification,"U.S. Department of Energy Building Technologies Office. 2023. Better Windows, Better Outcomes: How Electrochromics Improve Health, Productivity, and Efficiency. (https://www.energy.gov/sites/default/files/2023-12/bto-electrochromic-window-report-121123.pdf) | Huang, G., et al. 2024. Radiative cooling and indoor light management enabled by a transparent, haze-free metafilm. Nature Communications. (https://www.nature.com/articles/s41467-024-48150-2) | U.S. Department of Energy. 2022. Industrial Decarbonization Roadmap. (https://www.osti.gov/biblio/1961393) | U.S. Department of Energy. 2015. Bandwidth Study on Energy Use and Potential Energy Saving Opportunities in U.S. Chemical Manufacturing. (https://www.energy.gov/cmei/ito/articles/bandwidth-study-us-chemical-manufacturing) | International Energy Agency. 2025. Global Critical Minerals Outlook 2025. (https://www.iea.org/reports/global-critical-minerals-outlook-2025) | U.S. Geological Survey. 2025. Mineral Commodity Summaries 2025. (https://pubs.usgs.gov/publication/mcs2025)",Tier 1 preferred; Tier 2 supplemental,Low-Medium,"Scale-trigger language is often inferential and should be verified with TEA, deployment data, or agency roadmap sources.",Phrase scale triggers as hypotheses unless a direct source supports the causal threshold.
Technology / realistic pathway,"Radiative cooling materials: Photonic coatings, polymer films, selective infrared emission, weather-resistant layers, and roof or wall integration.",process-flow assumption + engineering inference,Radiative cooling materials,Cement/concrete chemistries; Polymers; Functional coatings; Binders; Polymers,Coating; Curing; Adsorption; Catalysis; Compression,energy penalty; material degradation; infrastructure gap; cost curve problem,Materials work in trials; real urban exposure decides energy savings.,"Direct sources for process route, materials, bottlenecks, readiness, economics, and safety/regulatory issues",Supported as starter-sourced framing,"Huang, G., et al. 2024. Radiative cooling and indoor light management enabled by a transparent, haze-free metafilm. Nature Communications. (https://www.nature.com/articles/s41467-024-48150-2) | Lu, L., et al. 2024. A state-of-the-art review of novel aerogel insulation materials for building applications. Energy Sources, Part A. (https://www.tandfonline.com/doi/full/10.1080/15567036.2024.2424915) | U.S. Department of Energy Building Technologies Office. 2023. Better Windows, Better Outcomes: How Electrochromics Improve Health, Productivity, and Efficiency. (https://www.energy.gov/sites/default/files/2023-12/bto-electrochromic-window-report-121123.pdf) | National Academies of Sciences, Engineering, and Medicine. 2020. Deployment of Deep Decarbonization Technologies. (https://www.nationalacademies.org/read/25656/chapter/6) | International Energy Agency. 2025. Global Critical Minerals Outlook 2025. (https://www.iea.org/reports/global-critical-minerals-outlook-2025) | U.S. Geological Survey. 2025. Mineral Commodity Summaries 2025. (https://pubs.usgs.gov/publication/mcs2025)",Tier 1 preferred; Tier 2 supplemental,Medium,"Source set supports the process framing, but individual claims require direct verification.","Verify numbers, economics, timelines, and performance separately. Keep Radiative cooling materials wording qualified around economics, timelines, and performance unless claim-level evidence is added."
Technology / simplified PFD,Radiative cooling materials is represented with the simplified PFD sequence: Coating formulation → Film deposition → Curing → Installation → Cooling performance.,process-flow assumption,Radiative cooling materials,Cement/concrete chemistries; Polymers; Functional coatings; Binders; Polymers,Coating; Curing; Adsorption; Catalysis; Compression,energy penalty; material degradation; infrastructure gap; cost curve problem,Materials work in trials; real urban exposure decides energy savings.,Process-route sources showing actual major unit operations or system blocks,Supported as starter-sourced framing,"Huang, G., et al. 2024. Radiative cooling and indoor light management enabled by a transparent, haze-free metafilm. Nature Communications. (https://www.nature.com/articles/s41467-024-48150-2) | Lu, L., et al. 2024. A state-of-the-art review of novel aerogel insulation materials for building applications. Energy Sources, Part A. (https://www.tandfonline.com/doi/full/10.1080/15567036.2024.2424915) | U.S. Department of Energy Building Technologies Office. 2023. Better Windows, Better Outcomes: How Electrochromics Improve Health, Productivity, and Efficiency. (https://www.energy.gov/sites/default/files/2023-12/bto-electrochromic-window-report-121123.pdf) | National Academies of Sciences, Engineering, and Medicine. 2020. Deployment of Deep Decarbonization Technologies. (https://www.nationalacademies.org/read/25656/chapter/6) | International Energy Agency. 2025. Global Critical Minerals Outlook 2025. (https://www.iea.org/reports/global-critical-minerals-outlook-2025) | U.S. Geological Survey. 2025. Mineral Commodity Summaries 2025. (https://pubs.usgs.gov/publication/mcs2025)",Tier 1 preferred; Tier 2 supplemental,Medium,Mini-PFDs are simplified; exact process routes can vary by architecture/vendor/design.,Treat the mini-PFD as a teaching abstraction unless a source directly supports the sequence.
Technology / readiness gap,Radiative cooling materials readiness gap: Materials work in trials; real urban exposure decides energy savings.,readiness/economics claim,Radiative cooling materials,Cement/concrete chemistries; Polymers; Functional coatings; Binders; Polymers,Coating; Curing; Adsorption; Catalysis; Compression,energy penalty; material degradation; infrastructure gap; cost curve problem,Materials work in trials; real urban exposure decides energy savings.,TRL/MRL/IRL plus domain-specific demonstration/commercialization sources,Supported as starter-sourced framing,"Huang, G., et al. 2024. Radiative cooling and indoor light management enabled by a transparent, haze-free metafilm. Nature Communications. (https://www.nature.com/articles/s41467-024-48150-2) | Lu, L., et al. 2024. A state-of-the-art review of novel aerogel insulation materials for building applications. Energy Sources, Part A. (https://www.tandfonline.com/doi/full/10.1080/15567036.2024.2424915) | U.S. Department of Energy Building Technologies Office. 2023. Better Windows, Better Outcomes: How Electrochromics Improve Health, Productivity, and Efficiency. (https://www.energy.gov/sites/default/files/2023-12/bto-electrochromic-window-report-121123.pdf) | National Academies of Sciences, Engineering, and Medicine. 2020. Deployment of Deep Decarbonization Technologies. (https://www.nationalacademies.org/read/25656/chapter/6) | International Energy Agency. 2025. Global Critical Minerals Outlook 2025. (https://www.iea.org/reports/global-critical-minerals-outlook-2025) | U.S. Geological Survey. 2025. Mineral Commodity Summaries 2025. (https://pubs.usgs.gov/publication/mcs2025)",Tier 1 preferred; Tier 2 supplemental,Medium,"Source set supports the process framing, but individual claims require direct verification.","Qualify readiness gaps with the specific maturity dimension: technical, manufacturing, integration, infrastructure, safety, or economics."
Technology / scale trigger,Radiative cooling materials scale trigger: Coatings must stay reflective and emissive after years outdoors.,readiness/economics claim + engineering inference,Radiative cooling materials,Cement/concrete chemistries; Polymers; Functional coatings; Binders; Polymers,Coating; Curing; Adsorption; Catalysis; Compression,energy penalty; material degradation; infrastructure gap; cost curve problem,Coatings must stay reflective and emissive after years outdoors.,"Techno-economic analysis, pilot data, manufacturing learning, reliability, regulatory/permitting evidence",Needs claim-level verification,"Huang, G., et al. 2024. Radiative cooling and indoor light management enabled by a transparent, haze-free metafilm. Nature Communications. (https://www.nature.com/articles/s41467-024-48150-2) | Lu, L., et al. 2024. A state-of-the-art review of novel aerogel insulation materials for building applications. Energy Sources, Part A. (https://www.tandfonline.com/doi/full/10.1080/15567036.2024.2424915) | U.S. Department of Energy Building Technologies Office. 2023. Better Windows, Better Outcomes: How Electrochromics Improve Health, Productivity, and Efficiency. (https://www.energy.gov/sites/default/files/2023-12/bto-electrochromic-window-report-121123.pdf) | National Academies of Sciences, Engineering, and Medicine. 2020. Deployment of Deep Decarbonization Technologies. (https://www.nationalacademies.org/read/25656/chapter/6) | International Energy Agency. 2025. Global Critical Minerals Outlook 2025. (https://www.iea.org/reports/global-critical-minerals-outlook-2025) | U.S. Geological Survey. 2025. Mineral Commodity Summaries 2025. (https://pubs.usgs.gov/publication/mcs2025)",Tier 1 preferred; Tier 2 supplemental,Low-Medium,"Scale-trigger language is often inferential and should be verified with TEA, deployment data, or agency roadmap sources.",Phrase scale triggers as hypotheses unless a direct source supports the causal threshold.
Technology / realistic pathway,"Transparent solar windows: Transparent photovoltaics, spectral-selective absorbers, conductive coatings, module wiring, and building integration.",process-flow assumption + engineering inference,Transparent solar windows,Silicon; Photoresists; Copper; Glass; Transparent conductors; Functional coatings; Binders,Coating; Electrolysis; Heat exchange; Compression,energy penalty; material degradation; infrastructure gap; scale-up uncertainty,"Prototypes exist, but power density is low versus conventional panels.","Direct sources for process route, materials, bottlenecks, readiness, economics, and safety/regulatory issues",Partially supported / roadmap-stage,"U.S. Department of Energy Building Technologies Office. 2023. Better Windows, Better Outcomes: How Electrochromics Improve Health, Productivity, and Efficiency. (https://www.energy.gov/sites/default/files/2023-12/bto-electrochromic-window-report-121123.pdf) | National Institute of Standards and Technology. 2023. CHIPS Metrology Program. (https://www.nist.gov/chips/research-development-programs/metrology-program) | U.S. Geological Survey. 2025. Mineral Commodity Summaries 2025. (https://pubs.usgs.gov/publication/mcs2025) | International Energy Agency. 2025. Global Critical Minerals Outlook 2025. (https://www.iea.org/reports/global-critical-minerals-outlook-2025) | National Academies of Sciences, Engineering, and Medicine. 2020. Deployment of Deep Decarbonization Technologies. (https://www.nationalacademies.org/read/25656/chapter/6) | International Energy Agency. 2024. Global Hydrogen Review 2024. (https://www.iea.org/reports/global-hydrogen-review-2024)",Tier 1 preferred; Tier 2 supplemental,Medium,"Sources support active research, demonstrations, or roadmaps; scale/cost/reliability are unresolved.","Frame as roadmap-stage or early-stage. Keep Transparent solar windows wording qualified around economics, timelines, and performance unless claim-level evidence is added."
Technology / simplified PFD,Transparent solar windows is represented with the simplified PFD sequence: Glass substrate → Transparent PV coating → Encapsulation → Wiring → Building power interface.,process-flow assumption,Transparent solar windows,Silicon; Photoresists; Copper; Glass; Transparent conductors; Functional coatings; Binders,Coating; Electrolysis; Heat exchange; Compression,energy penalty; material degradation; infrastructure gap; scale-up uncertainty,"Prototypes exist, but power density is low versus conventional panels.",Process-route sources showing actual major unit operations or system blocks,Partially supported / roadmap-stage,"U.S. Department of Energy Building Technologies Office. 2023. Better Windows, Better Outcomes: How Electrochromics Improve Health, Productivity, and Efficiency. (https://www.energy.gov/sites/default/files/2023-12/bto-electrochromic-window-report-121123.pdf) | National Institute of Standards and Technology. 2023. CHIPS Metrology Program. (https://www.nist.gov/chips/research-development-programs/metrology-program) | U.S. Geological Survey. 2025. Mineral Commodity Summaries 2025. (https://pubs.usgs.gov/publication/mcs2025) | International Energy Agency. 2025. Global Critical Minerals Outlook 2025. (https://www.iea.org/reports/global-critical-minerals-outlook-2025) | National Academies of Sciences, Engineering, and Medicine. 2020. Deployment of Deep Decarbonization Technologies. (https://www.nationalacademies.org/read/25656/chapter/6) | International Energy Agency. 2024. Global Hydrogen Review 2024. (https://www.iea.org/reports/global-hydrogen-review-2024)",Tier 1 preferred; Tier 2 supplemental,Medium,Mini-PFDs are simplified; exact process routes can vary by architecture/vendor/design.,Treat the mini-PFD as a teaching abstraction unless a source directly supports the sequence.
Technology / readiness gap,"Transparent solar windows readiness gap: Prototypes exist, but power density is low versus conventional panels.",readiness/economics claim,Transparent solar windows,Silicon; Photoresists; Copper; Glass; Transparent conductors; Functional coatings; Binders,Coating; Electrolysis; Heat exchange; Compression,energy penalty; material degradation; infrastructure gap; scale-up uncertainty,"Prototypes exist, but power density is low versus conventional panels.",TRL/MRL/IRL plus domain-specific demonstration/commercialization sources,Partially supported / roadmap-stage,"U.S. Department of Energy Building Technologies Office. 2023. Better Windows, Better Outcomes: How Electrochromics Improve Health, Productivity, and Efficiency. (https://www.energy.gov/sites/default/files/2023-12/bto-electrochromic-window-report-121123.pdf) | National Institute of Standards and Technology. 2023. CHIPS Metrology Program. (https://www.nist.gov/chips/research-development-programs/metrology-program) | U.S. Geological Survey. 2025. Mineral Commodity Summaries 2025. (https://pubs.usgs.gov/publication/mcs2025) | International Energy Agency. 2025. Global Critical Minerals Outlook 2025. (https://www.iea.org/reports/global-critical-minerals-outlook-2025) | National Academies of Sciences, Engineering, and Medicine. 2020. Deployment of Deep Decarbonization Technologies. (https://www.nationalacademies.org/read/25656/chapter/6) | International Energy Agency. 2024. Global Hydrogen Review 2024. (https://www.iea.org/reports/global-hydrogen-review-2024)",Tier 1 preferred; Tier 2 supplemental,Medium,"Sources support active research, demonstrations, or roadmaps; scale/cost/reliability are unresolved.","Qualify readiness gaps with the specific maturity dimension: technical, manufacturing, integration, infrastructure, safety, or economics."
Technology / scale trigger,Transparent solar windows scale trigger: Windows must deliver useful energy without compromising daylight or facade life.,readiness/economics claim + engineering inference,Transparent solar windows,Silicon; Photoresists; Copper; Glass; Transparent conductors; Functional coatings; Binders,Coating; Electrolysis; Heat exchange; Compression,energy penalty; material degradation; infrastructure gap; scale-up uncertainty,Windows must deliver useful energy without compromising daylight or facade life.,"Techno-economic analysis, pilot data, manufacturing learning, reliability, regulatory/permitting evidence",Partially supported / roadmap-stage,"U.S. Department of Energy Building Technologies Office. 2023. Better Windows, Better Outcomes: How Electrochromics Improve Health, Productivity, and Efficiency. (https://www.energy.gov/sites/default/files/2023-12/bto-electrochromic-window-report-121123.pdf) | National Institute of Standards and Technology. 2023. CHIPS Metrology Program. (https://www.nist.gov/chips/research-development-programs/metrology-program) | U.S. Geological Survey. 2025. Mineral Commodity Summaries 2025. (https://pubs.usgs.gov/publication/mcs2025) | International Energy Agency. 2025. Global Critical Minerals Outlook 2025. (https://www.iea.org/reports/global-critical-minerals-outlook-2025) | National Academies of Sciences, Engineering, and Medicine. 2020. Deployment of Deep Decarbonization Technologies. (https://www.nationalacademies.org/read/25656/chapter/6) | International Energy Agency. 2024. Global Hydrogen Review 2024. (https://www.iea.org/reports/global-hydrogen-review-2024)",Tier 1 preferred; Tier 2 supplemental,Medium,"Scale-trigger language is often inferential and should be verified with TEA, deployment data, or agency roadmap sources.",Phrase scale triggers as hypotheses unless a direct source supports the causal threshold.
Technology / realistic pathway,"3D-printed buildings: Printable cementitious materials, robotic gantries, rheology control, reinforcement integration, codes, and QA.",process-flow assumption + engineering inference,3D-printed buildings,Cement/concrete chemistries; Water; Catalysts; Cementitious materials; Mineral aggregates; Catalysts,Curing; Coating; Drying,regulatory barrier; reliability gap; maintenance burden; public acceptance,"Printed structures exist, but mainstream construction needs repeatable QA and code pathways.","Direct sources for process route, materials, bottlenecks, readiness, economics, and safety/regulatory issues",Supported as starter-sourced framing,"International Energy Agency. 2024. Cement. (https://www.iea.org/energy-system/industry/cement) | Driver, J. G., et al. 2024. Global decarbonization potential of CO2 mineralization in concrete materials. Nature Communications / PMC. (https://pmc.ncbi.nlm.nih.gov/articles/PMC11260098/) | U.S. Department of Energy. 2022. Industrial Decarbonization Roadmap. (https://www.osti.gov/biblio/1961393) | National Academies of Sciences, Engineering, and Medicine. 2024. Options for a National Plan for Smart Manufacturing. (https://www.nationalacademies.org/publications/27260) | National Institute of Standards and Technology. 2024. Smart Manufacturing. (https://www.nist.gov/smart-manufacturing) | Helu, M. M., et al. 2020. Connecting, Deploying, and Using the Smart Manufacturing Systems Test Bed. NIST. (https://www.nist.gov/publications/connecting-deploying-and-using-smart-manufacturing-systems-test-bed)",Tier 1 preferred; Tier 2 supplemental,Medium,"Source set supports the process framing, but individual claims require direct verification.","Verify numbers, economics, timelines, and performance separately. Keep 3D-printed buildings wording qualified around economics, timelines, and performance unless claim-level evidence is added."
Technology / simplified PFD,3D-printed buildings is represented with the simplified PFD sequence: Mix formulation → Pumping → Robotic deposition → Curing → Reinforcement/finishing.,process-flow assumption,3D-printed buildings,Cement/concrete chemistries; Water; Catalysts; Cementitious materials; Mineral aggregates; Catalysts,Curing; Coating; Drying,regulatory barrier; reliability gap; maintenance burden; public acceptance,"Printed structures exist, but mainstream construction needs repeatable QA and code pathways.",Process-route sources showing actual major unit operations or system blocks,Supported as starter-sourced framing,"International Energy Agency. 2024. Cement. (https://www.iea.org/energy-system/industry/cement) | Driver, J. G., et al. 2024. Global decarbonization potential of CO2 mineralization in concrete materials. Nature Communications / PMC. (https://pmc.ncbi.nlm.nih.gov/articles/PMC11260098/) | U.S. Department of Energy. 2022. Industrial Decarbonization Roadmap. (https://www.osti.gov/biblio/1961393) | National Academies of Sciences, Engineering, and Medicine. 2024. Options for a National Plan for Smart Manufacturing. (https://www.nationalacademies.org/publications/27260) | National Institute of Standards and Technology. 2024. Smart Manufacturing. (https://www.nist.gov/smart-manufacturing) | Helu, M. M., et al. 2020. Connecting, Deploying, and Using the Smart Manufacturing Systems Test Bed. NIST. (https://www.nist.gov/publications/connecting-deploying-and-using-smart-manufacturing-systems-test-bed)",Tier 1 preferred; Tier 2 supplemental,Medium,Mini-PFDs are simplified; exact process routes can vary by architecture/vendor/design.,Treat the mini-PFD as a teaching abstraction unless a source directly supports the sequence.
Technology / readiness gap,"3D-printed buildings readiness gap: Printed structures exist, but mainstream construction needs repeatable QA and code pathways.",readiness/economics claim,3D-printed buildings,Cement/concrete chemistries; Water; Catalysts; Cementitious materials; Mineral aggregates; Catalysts,Curing; Coating; Drying,regulatory barrier; reliability gap; maintenance burden; public acceptance,"Printed structures exist, but mainstream construction needs repeatable QA and code pathways.",TRL/MRL/IRL plus domain-specific demonstration/commercialization sources,Supported as starter-sourced framing,"International Energy Agency. 2024. Cement. (https://www.iea.org/energy-system/industry/cement) | Driver, J. G., et al. 2024. Global decarbonization potential of CO2 mineralization in concrete materials. Nature Communications / PMC. (https://pmc.ncbi.nlm.nih.gov/articles/PMC11260098/) | U.S. Department of Energy. 2022. Industrial Decarbonization Roadmap. (https://www.osti.gov/biblio/1961393) | National Academies of Sciences, Engineering, and Medicine. 2024. Options for a National Plan for Smart Manufacturing. (https://www.nationalacademies.org/publications/27260) | National Institute of Standards and Technology. 2024. Smart Manufacturing. (https://www.nist.gov/smart-manufacturing) | Helu, M. M., et al. 2020. Connecting, Deploying, and Using the Smart Manufacturing Systems Test Bed. NIST. (https://www.nist.gov/publications/connecting-deploying-and-using-smart-manufacturing-systems-test-bed)",Tier 1 preferred; Tier 2 supplemental,Medium,"Source set supports the process framing, but individual claims require direct verification.","Qualify readiness gaps with the specific maturity dimension: technical, manufacturing, integration, infrastructure, safety, or economics."
Technology / scale trigger,3D-printed buildings scale trigger: Printed walls must meet conventional structural and insurance standards.,readiness/economics claim + engineering inference,3D-printed buildings,Cement/concrete chemistries; Water; Catalysts; Cementitious materials; Mineral aggregates; Catalysts,Curing; Coating; Drying,regulatory barrier; reliability gap; maintenance burden; public acceptance,Printed walls must meet conventional structural and insurance standards.,"Techno-economic analysis, pilot data, manufacturing learning, reliability, regulatory/permitting evidence",Needs claim-level verification,"International Energy Agency. 2024. Cement. (https://www.iea.org/energy-system/industry/cement) | Driver, J. G., et al. 2024. Global decarbonization potential of CO2 mineralization in concrete materials. Nature Communications / PMC. (https://pmc.ncbi.nlm.nih.gov/articles/PMC11260098/) | U.S. Department of Energy. 2022. Industrial Decarbonization Roadmap. (https://www.osti.gov/biblio/1961393) | National Academies of Sciences, Engineering, and Medicine. 2024. Options for a National Plan for Smart Manufacturing. (https://www.nationalacademies.org/publications/27260) | National Institute of Standards and Technology. 2024. Smart Manufacturing. (https://www.nist.gov/smart-manufacturing) | Helu, M. M., et al. 2020. Connecting, Deploying, and Using the Smart Manufacturing Systems Test Bed. NIST. (https://www.nist.gov/publications/connecting-deploying-and-using-smart-manufacturing-systems-test-bed)",Tier 1 preferred; Tier 2 supplemental,Low-Medium,"Scale-trigger language is often inferential and should be verified with TEA, deployment data, or agency roadmap sources.",Phrase scale triggers as hypotheses unless a direct source supports the causal threshold.
Technology / realistic pathway,"Living buildings: Algae facades, biofilms, controlled growth media, water and nutrient loops, containment, and maintenance protocols.",process-flow assumption + engineering inference,Living buildings,Carbon dioxide; Oxygen; Water; Sorbents; Biomass-derived feedstocks; Sorbents,Fermentation; Filtration; Sterilization,fouling; reliability gap; maintenance burden; data/control problem,Demonstrations are visually compelling but operationally fragile.,"Direct sources for process route, materials, bottlenecks, readiness, economics, and safety/regulatory issues",Supported as starter-sourced framing,"Dohlman, E., C. Weber, and Y. Lee. 2024. Trends, Insights, and Future Prospects for Production in Controlled Environment Agriculture and Agrivoltaics. USDA ERS. (https://ers.usda.gov/sites/default/files/_laserfiche/publications/108221/EIB-264.pdf) | U.S. Environmental Protection Agency. 2026. Water Reuse and Recycling / National Water Reuse Action Plan. (https://www.epa.gov/waterreuse) | National Research Council. 2012. Water Reuse: Potential for Expanding the Nation's Water Supply Through Reuse of Municipal Wastewater. (https://www.nationalacademies.org/read/13303) | U.S. Department of Energy Building Technologies Office. 2023. Better Windows, Better Outcomes: How Electrochromics Improve Health, Productivity, and Efficiency. (https://www.energy.gov/sites/default/files/2023-12/bto-electrochromic-window-report-121123.pdf) | National Academies of Sciences, Engineering, and Medicine. 2020. Deployment of Deep Decarbonization Technologies. (https://www.nationalacademies.org/read/25656/chapter/6) | National Academies of Sciences, Engineering, and Medicine. 2023. Foundational Research Gaps and Future Directions for Digital Twins. (https://www.nationalacademies.org/projects/DEPS-BMSA-21-03/publication/26894)",Tier 1 preferred; Tier 2 supplemental,Medium,"Source set supports the process framing, but individual claims require direct verification.","Verify numbers, economics, timelines, and performance separately. Keep Living buildings wording qualified around economics, timelines, and performance unless claim-level evidence is added."
Technology / simplified PFD,Living buildings is represented with the simplified PFD sequence: Nutrient/water loop → Biological growth module → Light/CO2 exchange → Biomass harvesting → Loop control.,process-flow assumption,Living buildings,Carbon dioxide; Oxygen; Water; Sorbents; Biomass-derived feedstocks; Sorbents,Fermentation; Filtration; Sterilization,fouling; reliability gap; maintenance burden; data/control problem,Demonstrations are visually compelling but operationally fragile.,Process-route sources showing actual major unit operations or system blocks,Supported as starter-sourced framing,"Dohlman, E., C. Weber, and Y. Lee. 2024. Trends, Insights, and Future Prospects for Production in Controlled Environment Agriculture and Agrivoltaics. USDA ERS. (https://ers.usda.gov/sites/default/files/_laserfiche/publications/108221/EIB-264.pdf) | U.S. Environmental Protection Agency. 2026. Water Reuse and Recycling / National Water Reuse Action Plan. (https://www.epa.gov/waterreuse) | National Research Council. 2012. Water Reuse: Potential for Expanding the Nation's Water Supply Through Reuse of Municipal Wastewater. (https://www.nationalacademies.org/read/13303) | U.S. Department of Energy Building Technologies Office. 2023. Better Windows, Better Outcomes: How Electrochromics Improve Health, Productivity, and Efficiency. (https://www.energy.gov/sites/default/files/2023-12/bto-electrochromic-window-report-121123.pdf) | National Academies of Sciences, Engineering, and Medicine. 2020. Deployment of Deep Decarbonization Technologies. (https://www.nationalacademies.org/read/25656/chapter/6) | National Academies of Sciences, Engineering, and Medicine. 2023. Foundational Research Gaps and Future Directions for Digital Twins. (https://www.nationalacademies.org/projects/DEPS-BMSA-21-03/publication/26894)",Tier 1 preferred; Tier 2 supplemental,Medium,Mini-PFDs are simplified; exact process routes can vary by architecture/vendor/design.,Treat the mini-PFD as a teaching abstraction unless a source directly supports the sequence.
Technology / readiness gap,Living buildings readiness gap: Demonstrations are visually compelling but operationally fragile.,readiness/economics claim,Living buildings,Carbon dioxide; Oxygen; Water; Sorbents; Biomass-derived feedstocks; Sorbents,Fermentation; Filtration; Sterilization,fouling; reliability gap; maintenance burden; data/control problem,Demonstrations are visually compelling but operationally fragile.,TRL/MRL/IRL plus domain-specific demonstration/commercialization sources,Supported as starter-sourced framing,"Dohlman, E., C. Weber, and Y. Lee. 2024. Trends, Insights, and Future Prospects for Production in Controlled Environment Agriculture and Agrivoltaics. USDA ERS. (https://ers.usda.gov/sites/default/files/_laserfiche/publications/108221/EIB-264.pdf) | U.S. Environmental Protection Agency. 2026. Water Reuse and Recycling / National Water Reuse Action Plan. (https://www.epa.gov/waterreuse) | National Research Council. 2012. Water Reuse: Potential for Expanding the Nation's Water Supply Through Reuse of Municipal Wastewater. (https://www.nationalacademies.org/read/13303) | U.S. Department of Energy Building Technologies Office. 2023. Better Windows, Better Outcomes: How Electrochromics Improve Health, Productivity, and Efficiency. (https://www.energy.gov/sites/default/files/2023-12/bto-electrochromic-window-report-121123.pdf) | National Academies of Sciences, Engineering, and Medicine. 2020. Deployment of Deep Decarbonization Technologies. (https://www.nationalacademies.org/read/25656/chapter/6) | National Academies of Sciences, Engineering, and Medicine. 2023. Foundational Research Gaps and Future Directions for Digital Twins. (https://www.nationalacademies.org/projects/DEPS-BMSA-21-03/publication/26894)",Tier 1 preferred; Tier 2 supplemental,Medium,"Source set supports the process framing, but individual claims require direct verification.","Qualify readiness gaps with the specific maturity dimension: technical, manufacturing, integration, infrastructure, safety, or economics."
Technology / scale trigger,Living buildings scale trigger: Biological modules must be maintainable like building equipment.,readiness/economics claim + engineering inference,Living buildings,Carbon dioxide; Oxygen; Water; Sorbents; Biomass-derived feedstocks; Sorbents,Fermentation; Filtration; Sterilization,fouling; reliability gap; maintenance burden; data/control problem,Biological modules must be maintainable like building equipment.,"Techno-economic analysis, pilot data, manufacturing learning, reliability, regulatory/permitting evidence",Needs claim-level verification,"Dohlman, E., C. Weber, and Y. Lee. 2024. Trends, Insights, and Future Prospects for Production in Controlled Environment Agriculture and Agrivoltaics. USDA ERS. (https://ers.usda.gov/sites/default/files/_laserfiche/publications/108221/EIB-264.pdf) | U.S. Environmental Protection Agency. 2026. Water Reuse and Recycling / National Water Reuse Action Plan. (https://www.epa.gov/waterreuse) | National Research Council. 2012. Water Reuse: Potential for Expanding the Nation's Water Supply Through Reuse of Municipal Wastewater. (https://www.nationalacademies.org/read/13303) | U.S. Department of Energy Building Technologies Office. 2023. Better Windows, Better Outcomes: How Electrochromics Improve Health, Productivity, and Efficiency. (https://www.energy.gov/sites/default/files/2023-12/bto-electrochromic-window-report-121123.pdf) | National Academies of Sciences, Engineering, and Medicine. 2020. Deployment of Deep Decarbonization Technologies. (https://www.nationalacademies.org/read/25656/chapter/6) | National Academies of Sciences, Engineering, and Medicine. 2023. Foundational Research Gaps and Future Directions for Digital Twins. (https://www.nationalacademies.org/projects/DEPS-BMSA-21-03/publication/26894)",Tier 1 preferred; Tier 2 supplemental,Low-Medium,"Scale-trigger language is often inferential and should be verified with TEA, deployment data, or agency roadmap sources.",Phrase scale triggers as hypotheses unless a direct source supports the causal threshold.
Technology / realistic pathway,"Urban vertical farms: LED lighting, hydroponics or aeroponics, nutrient recycling, climate control, automation, and crop genetics.",process-flow assumption + engineering inference,Urban vertical farms,Water; Catalysts; Catalysts,,energy penalty; infrastructure gap; cost curve problem; data/control problem,Leafy greens work best; staple crops are far harder economically.,"Direct sources for process route, materials, bottlenecks, readiness, economics, and safety/regulatory issues",Supported as starter-sourced framing,"Dohlman, E., C. Weber, and Y. Lee. 2024. Trends, Insights, and Future Prospects for Production in Controlled Environment Agriculture and Agrivoltaics. USDA ERS. (https://ers.usda.gov/sites/default/files/_laserfiche/publications/108221/EIB-264.pdf) | U.S. Department of Agriculture Agricultural Research Service. 2025. Vertical Farming — No Longer a Futuristic Concept. (https://www.ars.usda.gov/oc/utm/vertical-farming-no-longer-a-futuristic-concept/) | Engler, N. and Krarti, M. 2021. Review of energy efficiency in controlled environment agriculture. Renewable and Sustainable Energy Reviews. (https://www.sciencedirect.com/science/article/abs/pii/S1364032121000812) | Mills, E., et al. 2025. The emergence of indoor agriculture as a driver of global energy demand. Nature Food. (https://www.nature.com/articles/s44264-025-00091-z) | National Academies of Sciences, Engineering, and Medicine. 2020. Deployment of Deep Decarbonization Technologies. (https://www.nationalacademies.org/read/25656/chapter/6) | U.S. Department of Energy Building Technologies Office. 2023. Better Windows, Better Outcomes: How Electrochromics Improve Health, Productivity, and Efficiency. (https://www.energy.gov/sites/default/files/2023-12/bto-electrochromic-window-report-121123.pdf)",Tier 1 preferred; Tier 2 supplemental,Medium,"Source set supports the process framing, but individual claims require direct verification.","Verify numbers, economics, timelines, and performance separately. Keep Urban vertical farms wording qualified around economics, timelines, and performance unless claim-level evidence is added."
Technology / simplified PFD,Urban vertical farms is represented with the simplified PFD sequence: Water/nutrients → Controlled growth → Monitoring → Harvest → Packaging and nutrient recycle.,process-flow assumption,Urban vertical farms,Water; Catalysts; Catalysts,,energy penalty; infrastructure gap; cost curve problem; data/control problem,Leafy greens work best; staple crops are far harder economically.,Process-route sources showing actual major unit operations or system blocks,Supported as starter-sourced framing,"Dohlman, E., C. Weber, and Y. Lee. 2024. Trends, Insights, and Future Prospects for Production in Controlled Environment Agriculture and Agrivoltaics. USDA ERS. (https://ers.usda.gov/sites/default/files/_laserfiche/publications/108221/EIB-264.pdf) | U.S. Department of Agriculture Agricultural Research Service. 2025. Vertical Farming — No Longer a Futuristic Concept. (https://www.ars.usda.gov/oc/utm/vertical-farming-no-longer-a-futuristic-concept/) | Engler, N. and Krarti, M. 2021. Review of energy efficiency in controlled environment agriculture. Renewable and Sustainable Energy Reviews. (https://www.sciencedirect.com/science/article/abs/pii/S1364032121000812) | Mills, E., et al. 2025. The emergence of indoor agriculture as a driver of global energy demand. Nature Food. (https://www.nature.com/articles/s44264-025-00091-z) | National Academies of Sciences, Engineering, and Medicine. 2020. Deployment of Deep Decarbonization Technologies. (https://www.nationalacademies.org/read/25656/chapter/6) | U.S. Department of Energy Building Technologies Office. 2023. Better Windows, Better Outcomes: How Electrochromics Improve Health, Productivity, and Efficiency. (https://www.energy.gov/sites/default/files/2023-12/bto-electrochromic-window-report-121123.pdf)",Tier 1 preferred; Tier 2 supplemental,Medium,Mini-PFDs are simplified; exact process routes can vary by architecture/vendor/design.,Treat the mini-PFD as a teaching abstraction unless a source directly supports the sequence.
Technology / readiness gap,Urban vertical farms readiness gap: Leafy greens work best; staple crops are far harder economically.,readiness/economics claim,Urban vertical farms,Water; Catalysts; Catalysts,,energy penalty; infrastructure gap; cost curve problem; data/control problem,Leafy greens work best; staple crops are far harder economically.,TRL/MRL/IRL plus domain-specific demonstration/commercialization sources,Supported as starter-sourced framing,"Dohlman, E., C. Weber, and Y. Lee. 2024. Trends, Insights, and Future Prospects for Production in Controlled Environment Agriculture and Agrivoltaics. USDA ERS. (https://ers.usda.gov/sites/default/files/_laserfiche/publications/108221/EIB-264.pdf) | U.S. Department of Agriculture Agricultural Research Service. 2025. Vertical Farming — No Longer a Futuristic Concept. (https://www.ars.usda.gov/oc/utm/vertical-farming-no-longer-a-futuristic-concept/) | Engler, N. and Krarti, M. 2021. Review of energy efficiency in controlled environment agriculture. Renewable and Sustainable Energy Reviews. (https://www.sciencedirect.com/science/article/abs/pii/S1364032121000812) | Mills, E., et al. 2025. The emergence of indoor agriculture as a driver of global energy demand. Nature Food. (https://www.nature.com/articles/s44264-025-00091-z) | National Academies of Sciences, Engineering, and Medicine. 2020. Deployment of Deep Decarbonization Technologies. (https://www.nationalacademies.org/read/25656/chapter/6) | U.S. Department of Energy Building Technologies Office. 2023. Better Windows, Better Outcomes: How Electrochromics Improve Health, Productivity, and Efficiency. (https://www.energy.gov/sites/default/files/2023-12/bto-electrochromic-window-report-121123.pdf)",Tier 1 preferred; Tier 2 supplemental,Medium,"Source set supports the process framing, but individual claims require direct verification.","Qualify readiness gaps with the specific maturity dimension: technical, manufacturing, integration, infrastructure, safety, or economics."
Technology / scale trigger,Urban vertical farms scale trigger: Energy and labor costs must fall for broader crop categories.,readiness/economics claim + engineering inference,Urban vertical farms,Water; Catalysts; Catalysts,,energy penalty; infrastructure gap; cost curve problem; data/control problem,Energy and labor costs must fall for broader crop categories.,"Techno-economic analysis, pilot data, manufacturing learning, reliability, regulatory/permitting evidence",Needs claim-level verification,"Dohlman, E., C. Weber, and Y. Lee. 2024. Trends, Insights, and Future Prospects for Production in Controlled Environment Agriculture and Agrivoltaics. USDA ERS. (https://ers.usda.gov/sites/default/files/_laserfiche/publications/108221/EIB-264.pdf) | U.S. Department of Agriculture Agricultural Research Service. 2025. Vertical Farming — No Longer a Futuristic Concept. (https://www.ars.usda.gov/oc/utm/vertical-farming-no-longer-a-futuristic-concept/) | Engler, N. and Krarti, M. 2021. Review of energy efficiency in controlled environment agriculture. Renewable and Sustainable Energy Reviews. (https://www.sciencedirect.com/science/article/abs/pii/S1364032121000812) | Mills, E., et al. 2025. The emergence of indoor agriculture as a driver of global energy demand. Nature Food. (https://www.nature.com/articles/s44264-025-00091-z) | National Academies of Sciences, Engineering, and Medicine. 2020. Deployment of Deep Decarbonization Technologies. (https://www.nationalacademies.org/read/25656/chapter/6) | U.S. Department of Energy Building Technologies Office. 2023. Better Windows, Better Outcomes: How Electrochromics Improve Health, Productivity, and Efficiency. (https://www.energy.gov/sites/default/files/2023-12/bto-electrochromic-window-report-121123.pdf)",Tier 1 preferred; Tier 2 supplemental,Low-Medium,"Scale-trigger language is often inferential and should be verified with TEA, deployment data, or agency roadmap sources.",Phrase scale triggers as hypotheses unless a direct source supports the causal threshold.
Technology / realistic pathway,"Autonomous waste sorting facilities: Machine vision, robotics, density separation, shredding, washing, polymer identification, and recycling markets.",process-flow assumption + engineering inference,Autonomous waste sorting facilities,Water; Polymers; Polymers,,poor selectivity; purity requirement; fouling; separation cost,"Robotic sorting is growing, but feed variability limits purity and economics.","Direct sources for process route, materials, bottlenecks, readiness, economics, and safety/regulatory issues",Supported as starter-sourced framing,"National Academies of Sciences, Engineering, and Medicine. 2024. Options for a National Plan for Smart Manufacturing. (https://www.nationalacademies.org/publications/27260) | National Institute of Standards and Technology. 2024. Smart Manufacturing. (https://www.nist.gov/smart-manufacturing) | Helu, M. M., et al. 2020. Connecting, Deploying, and Using the Smart Manufacturing Systems Test Bed. NIST. (https://www.nist.gov/publications/connecting-deploying-and-using-smart-manufacturing-systems-test-bed) | White House / National Science and Technology Council. 2022. National Strategy for Advanced Manufacturing. (https://www.energy.gov/sites/default/files/2024-03/National-Strategy-for-Advanced-Manufacturing-10072022.pdf) | National Institute of Standards and Technology. 2024. Digital Twins for Advanced Manufacturing. (https://www.nist.gov/programs-projects/digital-twins-advanced-manufacturing) | Ahrestani, Z., et al. 2023. An overview of atmospheric water harvesting methods. PMC / peer-reviewed review. (https://pmc.ncbi.nlm.nih.gov/articles/PMC10073925/)",Tier 1 preferred; Tier 2 supplemental,Medium,"Source set supports the process framing, but individual claims require direct verification.","Verify numbers, economics, timelines, and performance separately. Keep Autonomous waste sorting facilities wording qualified around economics, timelines, and performance unless claim-level evidence is added."
Technology / simplified PFD,Autonomous waste sorting facilities is represented with the simplified PFD sequence: Mixed waste → Sorting → Cleaning → Separation → Reprocessing.,process-flow assumption,Autonomous waste sorting facilities,Water; Polymers; Polymers,,poor selectivity; purity requirement; fouling; separation cost,"Robotic sorting is growing, but feed variability limits purity and economics.",Process-route sources showing actual major unit operations or system blocks,Supported as starter-sourced framing,"National Academies of Sciences, Engineering, and Medicine. 2024. Options for a National Plan for Smart Manufacturing. (https://www.nationalacademies.org/publications/27260) | National Institute of Standards and Technology. 2024. Smart Manufacturing. (https://www.nist.gov/smart-manufacturing) | Helu, M. M., et al. 2020. Connecting, Deploying, and Using the Smart Manufacturing Systems Test Bed. NIST. (https://www.nist.gov/publications/connecting-deploying-and-using-smart-manufacturing-systems-test-bed) | White House / National Science and Technology Council. 2022. National Strategy for Advanced Manufacturing. (https://www.energy.gov/sites/default/files/2024-03/National-Strategy-for-Advanced-Manufacturing-10072022.pdf) | National Institute of Standards and Technology. 2024. Digital Twins for Advanced Manufacturing. (https://www.nist.gov/programs-projects/digital-twins-advanced-manufacturing) | Ahrestani, Z., et al. 2023. An overview of atmospheric water harvesting methods. PMC / peer-reviewed review. (https://pmc.ncbi.nlm.nih.gov/articles/PMC10073925/)",Tier 1 preferred; Tier 2 supplemental,Medium,Mini-PFDs are simplified; exact process routes can vary by architecture/vendor/design.,Treat the mini-PFD as a teaching abstraction unless a source directly supports the sequence.
Technology / readiness gap,"Autonomous waste sorting facilities readiness gap: Robotic sorting is growing, but feed variability limits purity and economics.",readiness/economics claim,Autonomous waste sorting facilities,Water; Polymers; Polymers,,poor selectivity; purity requirement; fouling; separation cost,"Robotic sorting is growing, but feed variability limits purity and economics.",TRL/MRL/IRL plus domain-specific demonstration/commercialization sources,Supported as starter-sourced framing,"National Academies of Sciences, Engineering, and Medicine. 2024. Options for a National Plan for Smart Manufacturing. (https://www.nationalacademies.org/publications/27260) | National Institute of Standards and Technology. 2024. Smart Manufacturing. (https://www.nist.gov/smart-manufacturing) | Helu, M. M., et al. 2020. Connecting, Deploying, and Using the Smart Manufacturing Systems Test Bed. NIST. (https://www.nist.gov/publications/connecting-deploying-and-using-smart-manufacturing-systems-test-bed) | White House / National Science and Technology Council. 2022. National Strategy for Advanced Manufacturing. (https://www.energy.gov/sites/default/files/2024-03/National-Strategy-for-Advanced-Manufacturing-10072022.pdf) | National Institute of Standards and Technology. 2024. Digital Twins for Advanced Manufacturing. (https://www.nist.gov/programs-projects/digital-twins-advanced-manufacturing) | Ahrestani, Z., et al. 2023. An overview of atmospheric water harvesting methods. PMC / peer-reviewed review. (https://pmc.ncbi.nlm.nih.gov/articles/PMC10073925/)",Tier 1 preferred; Tier 2 supplemental,Medium,"Source set supports the process framing, but individual claims require direct verification.","Qualify readiness gaps with the specific maturity dimension: technical, manufacturing, integration, infrastructure, safety, or economics."
Technology / scale trigger,Autonomous waste sorting facilities scale trigger: Recovered streams must meet buyer specifications at high throughput.,readiness/economics claim + engineering inference,Autonomous waste sorting facilities,Water; Polymers; Polymers,,poor selectivity; purity requirement; fouling; separation cost,Recovered streams must meet buyer specifications at high throughput.,"Techno-economic analysis, pilot data, manufacturing learning, reliability, regulatory/permitting evidence",Needs claim-level verification,"National Academies of Sciences, Engineering, and Medicine. 2024. Options for a National Plan for Smart Manufacturing. (https://www.nationalacademies.org/publications/27260) | National Institute of Standards and Technology. 2024. Smart Manufacturing. (https://www.nist.gov/smart-manufacturing) | Helu, M. M., et al. 2020. Connecting, Deploying, and Using the Smart Manufacturing Systems Test Bed. NIST. (https://www.nist.gov/publications/connecting-deploying-and-using-smart-manufacturing-systems-test-bed) | White House / National Science and Technology Council. 2022. National Strategy for Advanced Manufacturing. (https://www.energy.gov/sites/default/files/2024-03/National-Strategy-for-Advanced-Manufacturing-10072022.pdf) | National Institute of Standards and Technology. 2024. Digital Twins for Advanced Manufacturing. (https://www.nist.gov/programs-projects/digital-twins-advanced-manufacturing) | Ahrestani, Z., et al. 2023. An overview of atmospheric water harvesting methods. PMC / peer-reviewed review. (https://pmc.ncbi.nlm.nih.gov/articles/PMC10073925/)",Tier 1 preferred; Tier 2 supplemental,Low-Medium,"Scale-trigger language is often inferential and should be verified with TEA, deployment data, or agency roadmap sources.",Phrase scale triggers as hypotheses unless a direct source supports the causal threshold.
Technology / realistic pathway,"Pneumatic waste networks: Underground vacuum tubes, centralized sorting, odor control, maintenance access, and district-scale deployment.",process-flow assumption + engineering inference,Pneumatic waste networks,Water; Catalysts; Catalysts,Membrane separation; Filtration; Wastewater treatment,energy penalty; infrastructure gap; reliability gap; maintenance burden,"District systems exist, but retrofitting dense cities is capital-intensive.","Direct sources for process route, materials, bottlenecks, readiness, economics, and safety/regulatory issues",Supported as starter-sourced framing,"Farré, J. A. 2023. Pneumatic Urban Waste Collection Systems: A Review. Applied Sciences 13(2), 877. (https://www.mdpi.com/2076-3417/13/2/877) | Nakou, D., Benardos, A., and Kaliampakos, D. 2014. Assessing the financial and environmental performance of underground automated vacuum waste collection systems. Tunnelling and Underground Space Technology. (https://www.sciencedirect.com/science/article/abs/pii/S0886779813002101) | U.S. Environmental Protection Agency. Sustainable Materials Management. (https://www.epa.gov/smm) | National Academies of Sciences, Engineering, and Medicine. 2024. Options for a National Plan for Smart Manufacturing. (https://www.nationalacademies.org/publications/27260) | National Academies of Sciences, Engineering, and Medicine. 2020. Deployment of Deep Decarbonization Technologies. (https://www.nationalacademies.org/read/25656/chapter/6) | U.S. Department of Energy Building Technologies Office. 2023. Better Windows, Better Outcomes: How Electrochromics Improve Health, Productivity, and Efficiency. (https://www.energy.gov/sites/default/files/2023-12/bto-electrochromic-window-report-121123.pdf)",Tier 1 preferred; Tier 2 supplemental,Medium,"Source set supports the process framing, but individual claims require direct verification.","Verify numbers, economics, timelines, and performance separately. Keep Pneumatic waste networks wording qualified around economics, timelines, and performance unless claim-level evidence is added."
Technology / simplified PFD,Pneumatic waste networks is represented with the simplified PFD sequence: Building waste inlet → Vacuum transport → Central collection → Sorting → Recycling/disposal.,process-flow assumption,Pneumatic waste networks,Water; Catalysts; Catalysts,Membrane separation; Filtration; Wastewater treatment,energy penalty; infrastructure gap; reliability gap; maintenance burden,"District systems exist, but retrofitting dense cities is capital-intensive.",Process-route sources showing actual major unit operations or system blocks,Supported as starter-sourced framing,"Farré, J. A. 2023. Pneumatic Urban Waste Collection Systems: A Review. Applied Sciences 13(2), 877. (https://www.mdpi.com/2076-3417/13/2/877) | Nakou, D., Benardos, A., and Kaliampakos, D. 2014. Assessing the financial and environmental performance of underground automated vacuum waste collection systems. Tunnelling and Underground Space Technology. (https://www.sciencedirect.com/science/article/abs/pii/S0886779813002101) | U.S. Environmental Protection Agency. Sustainable Materials Management. (https://www.epa.gov/smm) | National Academies of Sciences, Engineering, and Medicine. 2024. Options for a National Plan for Smart Manufacturing. (https://www.nationalacademies.org/publications/27260) | National Academies of Sciences, Engineering, and Medicine. 2020. Deployment of Deep Decarbonization Technologies. (https://www.nationalacademies.org/read/25656/chapter/6) | U.S. Department of Energy Building Technologies Office. 2023. Better Windows, Better Outcomes: How Electrochromics Improve Health, Productivity, and Efficiency. (https://www.energy.gov/sites/default/files/2023-12/bto-electrochromic-window-report-121123.pdf)",Tier 1 preferred; Tier 2 supplemental,Medium,Mini-PFDs are simplified; exact process routes can vary by architecture/vendor/design.,Treat the mini-PFD as a teaching abstraction unless a source directly supports the sequence.
Technology / readiness gap,"Pneumatic waste networks readiness gap: District systems exist, but retrofitting dense cities is capital-intensive.",readiness/economics claim,Pneumatic waste networks,Water; Catalysts; Catalysts,Membrane separation; Filtration; Wastewater treatment,energy penalty; infrastructure gap; reliability gap; maintenance burden,"District systems exist, but retrofitting dense cities is capital-intensive.",TRL/MRL/IRL plus domain-specific demonstration/commercialization sources,Supported as starter-sourced framing,"Farré, J. A. 2023. Pneumatic Urban Waste Collection Systems: A Review. Applied Sciences 13(2), 877. (https://www.mdpi.com/2076-3417/13/2/877) | Nakou, D., Benardos, A., and Kaliampakos, D. 2014. Assessing the financial and environmental performance of underground automated vacuum waste collection systems. Tunnelling and Underground Space Technology. (https://www.sciencedirect.com/science/article/abs/pii/S0886779813002101) | U.S. Environmental Protection Agency. Sustainable Materials Management. (https://www.epa.gov/smm) | National Academies of Sciences, Engineering, and Medicine. 2024. Options for a National Plan for Smart Manufacturing. (https://www.nationalacademies.org/publications/27260) | National Academies of Sciences, Engineering, and Medicine. 2020. Deployment of Deep Decarbonization Technologies. (https://www.nationalacademies.org/read/25656/chapter/6) | U.S. Department of Energy Building Technologies Office. 2023. Better Windows, Better Outcomes: How Electrochromics Improve Health, Productivity, and Efficiency. (https://www.energy.gov/sites/default/files/2023-12/bto-electrochromic-window-report-121123.pdf)",Tier 1 preferred; Tier 2 supplemental,Medium,"Source set supports the process framing, but individual claims require direct verification.","Qualify readiness gaps with the specific maturity dimension: technical, manufacturing, integration, infrastructure, safety, or economics."
Technology / scale trigger,"Pneumatic waste networks scale trigger: Networks must be designed with buildings, streets, and sorting facilities together.",readiness/economics claim + engineering inference,Pneumatic waste networks,Water; Catalysts; Catalysts,Membrane separation; Filtration; Wastewater treatment,energy penalty; infrastructure gap; reliability gap; maintenance burden,"Networks must be designed with buildings, streets, and sorting facilities together.","Techno-economic analysis, pilot data, manufacturing learning, reliability, regulatory/permitting evidence",Needs claim-level verification,"Farré, J. A. 2023. Pneumatic Urban Waste Collection Systems: A Review. Applied Sciences 13(2), 877. (https://www.mdpi.com/2076-3417/13/2/877) | Nakou, D., Benardos, A., and Kaliampakos, D. 2014. Assessing the financial and environmental performance of underground automated vacuum waste collection systems. Tunnelling and Underground Space Technology. (https://www.sciencedirect.com/science/article/abs/pii/S0886779813002101) | U.S. Environmental Protection Agency. Sustainable Materials Management. (https://www.epa.gov/smm) | National Academies of Sciences, Engineering, and Medicine. 2024. Options for a National Plan for Smart Manufacturing. (https://www.nationalacademies.org/publications/27260) | National Academies of Sciences, Engineering, and Medicine. 2020. Deployment of Deep Decarbonization Technologies. (https://www.nationalacademies.org/read/25656/chapter/6) | U.S. Department of Energy Building Technologies Office. 2023. Better Windows, Better Outcomes: How Electrochromics Improve Health, Productivity, and Efficiency. (https://www.energy.gov/sites/default/files/2023-12/bto-electrochromic-window-report-121123.pdf)",Tier 1 preferred; Tier 2 supplemental,Low-Medium,"Scale-trigger language is often inferential and should be verified with TEA, deployment data, or agency roadmap sources.",Phrase scale triggers as hypotheses unless a direct source supports the causal threshold.
Technology / realistic pathway,"Underground logistics networks: Autonomous carts, tunnels, routing algorithms, distribution hubs, and maintenance systems.",process-flow assumption + engineering inference,Underground logistics networks,Water; Catalysts; Functional coatings; Binders; Catalysts,Membrane separation; Filtration; Wastewater treatment,infrastructure gap; reliability gap; maintenance burden; cost curve problem,Automation is feasible; civil works and network rights are the hard part.,"Direct sources for process route, materials, bottlenecks, readiness, economics, and safety/regulatory issues",Supported as starter-sourced framing,"Hu, W., et al. 2025. A state-of-the-art review of underground logistics systems. Tunnelling and Underground Space Technology. (https://www.sciencedirect.com/science/article/abs/pii/S0886779825002792) | Milinković, L., and Pantelić, J. 2015. Underground Systems in Service of City Logistics. LOGIC. (https://logic.sf.bg.ac.rs/wp-content/uploads/LOGIC_2015_ID_52.pdf) | Soumaya, F., et al. 2026. Smart Urban Logistics and Tube-Based Freight Systems. Smart Cities 9(3), 52. (https://www.mdpi.com/2624-6511/9/3/52) | National Academies of Sciences, Engineering, and Medicine. 2024. Options for a National Plan for Smart Manufacturing. (https://www.nationalacademies.org/publications/27260) | National Academies of Sciences, Engineering, and Medicine. 2020. Deployment of Deep Decarbonization Technologies. (https://www.nationalacademies.org/read/25656/chapter/6) | U.S. Department of Energy Building Technologies Office. 2023. Better Windows, Better Outcomes: How Electrochromics Improve Health, Productivity, and Efficiency. (https://www.energy.gov/sites/default/files/2023-12/bto-electrochromic-window-report-121123.pdf)",Tier 1 preferred; Tier 2 supplemental,Medium,"Source set supports the process framing, but individual claims require direct verification.","Verify numbers, economics, timelines, and performance separately. Keep Underground logistics networks wording qualified around economics, timelines, and performance unless claim-level evidence is added."
Technology / simplified PFD,Underground logistics networks is represented with the simplified PFD sequence: Package intake → Routing hub → Underground transport → Local delivery node → Customer handoff.,process-flow assumption,Underground logistics networks,Water; Catalysts; Functional coatings; Binders; Catalysts,Membrane separation; Filtration; Wastewater treatment,infrastructure gap; reliability gap; maintenance burden; cost curve problem,Automation is feasible; civil works and network rights are the hard part.,Process-route sources showing actual major unit operations or system blocks,Supported as starter-sourced framing,"Hu, W., et al. 2025. A state-of-the-art review of underground logistics systems. Tunnelling and Underground Space Technology. (https://www.sciencedirect.com/science/article/abs/pii/S0886779825002792) | Milinković, L., and Pantelić, J. 2015. Underground Systems in Service of City Logistics. LOGIC. (https://logic.sf.bg.ac.rs/wp-content/uploads/LOGIC_2015_ID_52.pdf) | Soumaya, F., et al. 2026. Smart Urban Logistics and Tube-Based Freight Systems. Smart Cities 9(3), 52. (https://www.mdpi.com/2624-6511/9/3/52) | National Academies of Sciences, Engineering, and Medicine. 2024. Options for a National Plan for Smart Manufacturing. (https://www.nationalacademies.org/publications/27260) | National Academies of Sciences, Engineering, and Medicine. 2020. Deployment of Deep Decarbonization Technologies. (https://www.nationalacademies.org/read/25656/chapter/6) | U.S. Department of Energy Building Technologies Office. 2023. Better Windows, Better Outcomes: How Electrochromics Improve Health, Productivity, and Efficiency. (https://www.energy.gov/sites/default/files/2023-12/bto-electrochromic-window-report-121123.pdf)",Tier 1 preferred; Tier 2 supplemental,Medium,Mini-PFDs are simplified; exact process routes can vary by architecture/vendor/design.,Treat the mini-PFD as a teaching abstraction unless a source directly supports the sequence.
Technology / readiness gap,Underground logistics networks readiness gap: Automation is feasible; civil works and network rights are the hard part.,readiness/economics claim,Underground logistics networks,Water; Catalysts; Functional coatings; Binders; Catalysts,Membrane separation; Filtration; Wastewater treatment,infrastructure gap; reliability gap; maintenance burden; cost curve problem,Automation is feasible; civil works and network rights are the hard part.,TRL/MRL/IRL plus domain-specific demonstration/commercialization sources,Supported as starter-sourced framing,"Hu, W., et al. 2025. A state-of-the-art review of underground logistics systems. Tunnelling and Underground Space Technology. (https://www.sciencedirect.com/science/article/abs/pii/S0886779825002792) | Milinković, L., and Pantelić, J. 2015. Underground Systems in Service of City Logistics. LOGIC. (https://logic.sf.bg.ac.rs/wp-content/uploads/LOGIC_2015_ID_52.pdf) | Soumaya, F., et al. 2026. Smart Urban Logistics and Tube-Based Freight Systems. Smart Cities 9(3), 52. (https://www.mdpi.com/2624-6511/9/3/52) | National Academies of Sciences, Engineering, and Medicine. 2024. Options for a National Plan for Smart Manufacturing. (https://www.nationalacademies.org/publications/27260) | National Academies of Sciences, Engineering, and Medicine. 2020. Deployment of Deep Decarbonization Technologies. (https://www.nationalacademies.org/read/25656/chapter/6) | U.S. Department of Energy Building Technologies Office. 2023. Better Windows, Better Outcomes: How Electrochromics Improve Health, Productivity, and Efficiency. (https://www.energy.gov/sites/default/files/2023-12/bto-electrochromic-window-report-121123.pdf)",Tier 1 preferred; Tier 2 supplemental,Medium,"Source set supports the process framing, but individual claims require direct verification.","Qualify readiness gaps with the specific maturity dimension: technical, manufacturing, integration, infrastructure, safety, or economics."
Technology / scale trigger,Underground logistics networks scale trigger: Tunnel deployment must cost less than surface logistics congestion.,readiness/economics claim + engineering inference,Underground logistics networks,Water; Catalysts; Functional coatings; Binders; Catalysts,Membrane separation; Filtration; Wastewater treatment,infrastructure gap; reliability gap; maintenance burden; cost curve problem,Tunnel deployment must cost less than surface logistics congestion.,"Techno-economic analysis, pilot data, manufacturing learning, reliability, regulatory/permitting evidence",Needs claim-level verification,"Hu, W., et al. 2025. A state-of-the-art review of underground logistics systems. Tunnelling and Underground Space Technology. (https://www.sciencedirect.com/science/article/abs/pii/S0886779825002792) | Milinković, L., and Pantelić, J. 2015. Underground Systems in Service of City Logistics. LOGIC. (https://logic.sf.bg.ac.rs/wp-content/uploads/LOGIC_2015_ID_52.pdf) | Soumaya, F., et al. 2026. Smart Urban Logistics and Tube-Based Freight Systems. Smart Cities 9(3), 52. (https://www.mdpi.com/2624-6511/9/3/52) | National Academies of Sciences, Engineering, and Medicine. 2024. Options for a National Plan for Smart Manufacturing. (https://www.nationalacademies.org/publications/27260) | National Academies of Sciences, Engineering, and Medicine. 2020. Deployment of Deep Decarbonization Technologies. (https://www.nationalacademies.org/read/25656/chapter/6) | U.S. Department of Energy Building Technologies Office. 2023. Better Windows, Better Outcomes: How Electrochromics Improve Health, Productivity, and Efficiency. (https://www.energy.gov/sites/default/files/2023-12/bto-electrochromic-window-report-121123.pdf)",Tier 1 preferred; Tier 2 supplemental,Low-Medium,"Scale-trigger language is often inferential and should be verified with TEA, deployment data, or agency roadmap sources.",Phrase scale triggers as hypotheses unless a direct source supports the causal threshold.
Technology / realistic pathway,"Modular megastructure cities: Prefabricated modules, standardized utility interfaces, structural connectors, logistics, and codes.",process-flow assumption + engineering inference,Modular megastructure cities,Water; Catalysts; Catalysts,,infrastructure gap; regulatory barrier; scale-up uncertainty,Modular construction exists; city-scale plug-and-play standards do not.,"Direct sources for process route, materials, bottlenecks, readiness, economics, and safety/regulatory issues",Supported as starter-sourced framing,"National Institute of Building Sciences / WBDG. Off-Site and Modular Construction Explained. (https://www.wbdg.org/resources/site-and-modular-construction-explained) | American Institute of Architects and National Institute of Building Sciences. Modular and Off-Site Construction Guide. (https://nibs.org/wp-content/uploads/2025/04/NIBS_OSCC_AIA_Modular-and-Off-Site-Construction-Guide.pdf) | Zohourian, M., et al. 2025. Modular Construction: A Comprehensive Review. Buildings 15(12), 2020. (https://www.mdpi.com/2075-5309/15/12/2020) | Li, M., et al. 2023. Investigation of the Severity of Modular Construction Barriers. Journal of Construction Engineering and Management context. (https://www.sciencedirect.com/org/science/article/pii/S1526149223004228) | National Academies of Sciences, Engineering, and Medicine. 2020. Deployment of Deep Decarbonization Technologies. (https://www.nationalacademies.org/read/25656/chapter/6) | U.S. Department of Energy Building Technologies Office. 2023. Better Windows, Better Outcomes: How Electrochromics Improve Health, Productivity, and Efficiency. (https://www.energy.gov/sites/default/files/2023-12/bto-electrochromic-window-report-121123.pdf)",Tier 1 preferred; Tier 2 supplemental,Medium,"Source set supports the process framing, but individual claims require direct verification.","Verify numbers, economics, timelines, and performance separately. Keep Modular megastructure cities wording qualified around economics, timelines, and performance unless claim-level evidence is added."
Technology / simplified PFD,Modular megastructure cities is represented with the simplified PFD sequence: Module fabrication → Transport → Utility connection → Structural assembly → Commissioning.,process-flow assumption,Modular megastructure cities,Water; Catalysts; Catalysts,,infrastructure gap; regulatory barrier; scale-up uncertainty,Modular construction exists; city-scale plug-and-play standards do not.,Process-route sources showing actual major unit operations or system blocks,Supported as starter-sourced framing,"National Institute of Building Sciences / WBDG. Off-Site and Modular Construction Explained. (https://www.wbdg.org/resources/site-and-modular-construction-explained) | American Institute of Architects and National Institute of Building Sciences. Modular and Off-Site Construction Guide. (https://nibs.org/wp-content/uploads/2025/04/NIBS_OSCC_AIA_Modular-and-Off-Site-Construction-Guide.pdf) | Zohourian, M., et al. 2025. Modular Construction: A Comprehensive Review. Buildings 15(12), 2020. (https://www.mdpi.com/2075-5309/15/12/2020) | Li, M., et al. 2023. Investigation of the Severity of Modular Construction Barriers. Journal of Construction Engineering and Management context. (https://www.sciencedirect.com/org/science/article/pii/S1526149223004228) | National Academies of Sciences, Engineering, and Medicine. 2020. Deployment of Deep Decarbonization Technologies. (https://www.nationalacademies.org/read/25656/chapter/6) | U.S. Department of Energy Building Technologies Office. 2023. Better Windows, Better Outcomes: How Electrochromics Improve Health, Productivity, and Efficiency. (https://www.energy.gov/sites/default/files/2023-12/bto-electrochromic-window-report-121123.pdf)",Tier 1 preferred; Tier 2 supplemental,Medium,Mini-PFDs are simplified; exact process routes can vary by architecture/vendor/design.,Treat the mini-PFD as a teaching abstraction unless a source directly supports the sequence.
Technology / readiness gap,Modular megastructure cities readiness gap: Modular construction exists; city-scale plug-and-play standards do not.,readiness/economics claim,Modular megastructure cities,Water; Catalysts; Catalysts,,infrastructure gap; regulatory barrier; scale-up uncertainty,Modular construction exists; city-scale plug-and-play standards do not.,TRL/MRL/IRL plus domain-specific demonstration/commercialization sources,Supported as starter-sourced framing,"National Institute of Building Sciences / WBDG. Off-Site and Modular Construction Explained. (https://www.wbdg.org/resources/site-and-modular-construction-explained) | American Institute of Architects and National Institute of Building Sciences. Modular and Off-Site Construction Guide. (https://nibs.org/wp-content/uploads/2025/04/NIBS_OSCC_AIA_Modular-and-Off-Site-Construction-Guide.pdf) | Zohourian, M., et al. 2025. Modular Construction: A Comprehensive Review. Buildings 15(12), 2020. (https://www.mdpi.com/2075-5309/15/12/2020) | Li, M., et al. 2023. Investigation of the Severity of Modular Construction Barriers. Journal of Construction Engineering and Management context. (https://www.sciencedirect.com/org/science/article/pii/S1526149223004228) | National Academies of Sciences, Engineering, and Medicine. 2020. Deployment of Deep Decarbonization Technologies. (https://www.nationalacademies.org/read/25656/chapter/6) | U.S. Department of Energy Building Technologies Office. 2023. Better Windows, Better Outcomes: How Electrochromics Improve Health, Productivity, and Efficiency. (https://www.energy.gov/sites/default/files/2023-12/bto-electrochromic-window-report-121123.pdf)",Tier 1 preferred; Tier 2 supplemental,Medium,"Source set supports the process framing, but individual claims require direct verification.","Qualify readiness gaps with the specific maturity dimension: technical, manufacturing, integration, infrastructure, safety, or economics."
Technology / scale trigger,Modular megastructure cities scale trigger: Interfaces must become as standardized as shipping containers.,readiness/economics claim + engineering inference,Modular megastructure cities,Water; Catalysts; Catalysts,,infrastructure gap; regulatory barrier; scale-up uncertainty,Interfaces must become as standardized as shipping containers.,"Techno-economic analysis, pilot data, manufacturing learning, reliability, regulatory/permitting evidence",Needs claim-level verification,"National Institute of Building Sciences / WBDG. Off-Site and Modular Construction Explained. (https://www.wbdg.org/resources/site-and-modular-construction-explained) | American Institute of Architects and National Institute of Building Sciences. Modular and Off-Site Construction Guide. (https://nibs.org/wp-content/uploads/2025/04/NIBS_OSCC_AIA_Modular-and-Off-Site-Construction-Guide.pdf) | Zohourian, M., et al. 2025. Modular Construction: A Comprehensive Review. Buildings 15(12), 2020. (https://www.mdpi.com/2075-5309/15/12/2020) | Li, M., et al. 2023. Investigation of the Severity of Modular Construction Barriers. Journal of Construction Engineering and Management context. (https://www.sciencedirect.com/org/science/article/pii/S1526149223004228) | National Academies of Sciences, Engineering, and Medicine. 2020. Deployment of Deep Decarbonization Technologies. (https://www.nationalacademies.org/read/25656/chapter/6) | U.S. Department of Energy Building Technologies Office. 2023. Better Windows, Better Outcomes: How Electrochromics Improve Health, Productivity, and Efficiency. (https://www.energy.gov/sites/default/files/2023-12/bto-electrochromic-window-report-121123.pdf)",Tier 1 preferred; Tier 2 supplemental,Low-Medium,"Scale-trigger language is often inferential and should be verified with TEA, deployment data, or agency roadmap sources.",Phrase scale triggers as hypotheses unless a direct source supports the causal threshold.
Technology / realistic pathway,"Climate-controlled pedestrian corridors: District energy, passive design, shading, evaporative cooling, air filtration, and modular canopy systems.",process-flow assumption + engineering inference,Climate-controlled pedestrian corridors,Lithium; Electrolytes; Graphite; Membranes; Electrolytes; Membranes,Filtration,energy penalty; heat management; reliability gap; maintenance burden,Elements are proven; continuous public-space systems need civic funding.,"Direct sources for process route, materials, bottlenecks, readiness, economics, and safety/regulatory issues",Supported as starter-sourced framing,"Litman, T. 2025. Cool Walkability Planning: Providing Pedestrian Thermal Comfort in Hot Climate Cities. Victoria Transport Policy Institute. (https://www.vtpi.org/cwi.pdf) | Iroz-Elardo, N., et al. 2024. Assessing Cool Corridor Heat Resilience Strategies for Human-Scale Transportation. (https://rosap.ntl.bts.gov/view/dot/73298/dot_73298_DS1.pdf) | Negev, M., et al. 2020. City design for health and resilience in hot and dry climates. BMJ / PMC. (https://pmc.ncbi.nlm.nih.gov/articles/PMC7667523/) | Melnikov, V. R., et al. 2022. Behavioural thermal regulation explains pedestrian path choice in a hot urban environment. Scientific Reports. (https://pmc.ncbi.nlm.nih.gov/articles/PMC8844002/) | National Academies of Sciences, Engineering, and Medicine. 2020. Deployment of Deep Decarbonization Technologies. (https://www.nationalacademies.org/read/25656/chapter/6) | U.S. Department of Energy Building Technologies Office. 2023. Better Windows, Better Outcomes: How Electrochromics Improve Health, Productivity, and Efficiency. (https://www.energy.gov/sites/default/files/2023-12/bto-electrochromic-window-report-121123.pdf)",Tier 1 preferred; Tier 2 supplemental,Medium,"Source set supports the process framing, but individual claims require direct verification.","Verify numbers, economics, timelines, and performance separately. Keep Climate-controlled pedestrian corridors wording qualified around economics, timelines, and performance unless claim-level evidence is added."
Technology / simplified PFD,Climate-controlled pedestrian corridors is represented with the simplified PFD sequence: Outdoor corridor → Shade/air handling → Cooling/filtration → Sensor control → Pedestrian environment.,process-flow assumption,Climate-controlled pedestrian corridors,Lithium; Electrolytes; Graphite; Membranes; Electrolytes; Membranes,Filtration,energy penalty; heat management; reliability gap; maintenance burden,Elements are proven; continuous public-space systems need civic funding.,Process-route sources showing actual major unit operations or system blocks,Supported as starter-sourced framing,"Litman, T. 2025. Cool Walkability Planning: Providing Pedestrian Thermal Comfort in Hot Climate Cities. Victoria Transport Policy Institute. (https://www.vtpi.org/cwi.pdf) | Iroz-Elardo, N., et al. 2024. Assessing Cool Corridor Heat Resilience Strategies for Human-Scale Transportation. (https://rosap.ntl.bts.gov/view/dot/73298/dot_73298_DS1.pdf) | Negev, M., et al. 2020. City design for health and resilience in hot and dry climates. BMJ / PMC. (https://pmc.ncbi.nlm.nih.gov/articles/PMC7667523/) | Melnikov, V. R., et al. 2022. Behavioural thermal regulation explains pedestrian path choice in a hot urban environment. Scientific Reports. (https://pmc.ncbi.nlm.nih.gov/articles/PMC8844002/) | National Academies of Sciences, Engineering, and Medicine. 2020. Deployment of Deep Decarbonization Technologies. (https://www.nationalacademies.org/read/25656/chapter/6) | U.S. Department of Energy Building Technologies Office. 2023. Better Windows, Better Outcomes: How Electrochromics Improve Health, Productivity, and Efficiency. (https://www.energy.gov/sites/default/files/2023-12/bto-electrochromic-window-report-121123.pdf)",Tier 1 preferred; Tier 2 supplemental,Medium,Mini-PFDs are simplified; exact process routes can vary by architecture/vendor/design.,Treat the mini-PFD as a teaching abstraction unless a source directly supports the sequence.
Technology / readiness gap,Climate-controlled pedestrian corridors readiness gap: Elements are proven; continuous public-space systems need civic funding.,readiness/economics claim,Climate-controlled pedestrian corridors,Lithium; Electrolytes; Graphite; Membranes; Electrolytes; Membranes,Filtration,energy penalty; heat management; reliability gap; maintenance burden,Elements are proven; continuous public-space systems need civic funding.,TRL/MRL/IRL plus domain-specific demonstration/commercialization sources,Supported as starter-sourced framing,"Litman, T. 2025. Cool Walkability Planning: Providing Pedestrian Thermal Comfort in Hot Climate Cities. Victoria Transport Policy Institute. (https://www.vtpi.org/cwi.pdf) | Iroz-Elardo, N., et al. 2024. Assessing Cool Corridor Heat Resilience Strategies for Human-Scale Transportation. (https://rosap.ntl.bts.gov/view/dot/73298/dot_73298_DS1.pdf) | Negev, M., et al. 2020. City design for health and resilience in hot and dry climates. BMJ / PMC. (https://pmc.ncbi.nlm.nih.gov/articles/PMC7667523/) | Melnikov, V. R., et al. 2022. Behavioural thermal regulation explains pedestrian path choice in a hot urban environment. Scientific Reports. (https://pmc.ncbi.nlm.nih.gov/articles/PMC8844002/) | National Academies of Sciences, Engineering, and Medicine. 2020. Deployment of Deep Decarbonization Technologies. (https://www.nationalacademies.org/read/25656/chapter/6) | U.S. Department of Energy Building Technologies Office. 2023. Better Windows, Better Outcomes: How Electrochromics Improve Health, Productivity, and Efficiency. (https://www.energy.gov/sites/default/files/2023-12/bto-electrochromic-window-report-121123.pdf)",Tier 1 preferred; Tier 2 supplemental,Medium,"Source set supports the process framing, but individual claims require direct verification.","Qualify readiness gaps with the specific maturity dimension: technical, manufacturing, integration, infrastructure, safety, or economics."
Technology / scale trigger,Climate-controlled pedestrian corridors scale trigger: Corridors must improve mobility enough to justify operating cost.,readiness/economics claim + engineering inference,Climate-controlled pedestrian corridors,Lithium; Electrolytes; Graphite; Membranes; Electrolytes; Membranes,Filtration,energy penalty; heat management; reliability gap; maintenance burden,Corridors must improve mobility enough to justify operating cost.,"Techno-economic analysis, pilot data, manufacturing learning, reliability, regulatory/permitting evidence",Needs claim-level verification,"Litman, T. 2025. Cool Walkability Planning: Providing Pedestrian Thermal Comfort in Hot Climate Cities. Victoria Transport Policy Institute. (https://www.vtpi.org/cwi.pdf) | Iroz-Elardo, N., et al. 2024. Assessing Cool Corridor Heat Resilience Strategies for Human-Scale Transportation. (https://rosap.ntl.bts.gov/view/dot/73298/dot_73298_DS1.pdf) | Negev, M., et al. 2020. City design for health and resilience in hot and dry climates. BMJ / PMC. (https://pmc.ncbi.nlm.nih.gov/articles/PMC7667523/) | Melnikov, V. R., et al. 2022. Behavioural thermal regulation explains pedestrian path choice in a hot urban environment. Scientific Reports. (https://pmc.ncbi.nlm.nih.gov/articles/PMC8844002/) | National Academies of Sciences, Engineering, and Medicine. 2020. Deployment of Deep Decarbonization Technologies. (https://www.nationalacademies.org/read/25656/chapter/6) | U.S. Department of Energy Building Technologies Office. 2023. Better Windows, Better Outcomes: How Electrochromics Improve Health, Productivity, and Efficiency. (https://www.energy.gov/sites/default/files/2023-12/bto-electrochromic-window-report-121123.pdf)",Tier 1 preferred; Tier 2 supplemental,Low-Medium,"Scale-trigger language is often inferential and should be verified with TEA, deployment data, or agency roadmap sources.",Phrase scale triggers as hypotheses unless a direct source supports the causal threshold.
Technology / realistic pathway,"City-scale digital twins: Sensor networks, GIS, building data, traffic models, utility data, simulation platforms, and governance.",process-flow assumption + engineering inference,City-scale digital twins,Water; Catalysts; Catalysts,,infrastructure gap; regulatory barrier; public acceptance; data/control problem,Digital twins exist in fragments; whole-city governance remains immature.,"Direct sources for process route, materials, bottlenecks, readiness, economics, and safety/regulatory issues",Supported as starter-sourced framing,"National Academies of Sciences, Engineering, and Medicine. 2023. Foundational Research Gaps and Future Directions for Digital Twins. (https://www.nationalacademies.org/projects/DEPS-BMSA-21-03/publication/26894) | National Institute of Standards and Technology. 2024. Digital Twins for Advanced Manufacturing. (https://www.nist.gov/programs-projects/digital-twins-advanced-manufacturing) | National Academies of Sciences, Engineering, and Medicine. 2024. Options for a National Plan for Smart Manufacturing. (https://www.nationalacademies.org/publications/27260) | International Energy Agency. 2023. Data Centres and Data Transmission Networks. (https://www.iea.org/energy-system/buildings/data-centres-and-data-transmission-networks) | National Institute of Standards and Technology. 2023. CHIPS Metrology Program. (https://www.nist.gov/chips/research-development-programs/metrology-program) | National Institute of Standards and Technology. 2023. Metrology Gaps in the Semiconductor Ecosystem. (https://www.nist.gov/system/files/documents/2023/06/05/CHIPS_Metrology-Gaps-in-the-Semi-Ecosystem_0.pdf)",Tier 1 preferred; Tier 2 supplemental,Medium,"Source set supports the process framing, but individual claims require direct verification.","Verify numbers, economics, timelines, and performance separately. Keep City-scale digital twins wording qualified around economics, timelines, and performance unless claim-level evidence is added."
Technology / simplified PFD,City-scale digital twins is represented with the simplified PFD sequence: Sensors/data → Integration platform → Simulation model → Decision support → Operations.,process-flow assumption,City-scale digital twins,Water; Catalysts; Catalysts,,infrastructure gap; regulatory barrier; public acceptance; data/control problem,Digital twins exist in fragments; whole-city governance remains immature.,Process-route sources showing actual major unit operations or system blocks,Supported as starter-sourced framing,"National Academies of Sciences, Engineering, and Medicine. 2023. Foundational Research Gaps and Future Directions for Digital Twins. (https://www.nationalacademies.org/projects/DEPS-BMSA-21-03/publication/26894) | National Institute of Standards and Technology. 2024. Digital Twins for Advanced Manufacturing. (https://www.nist.gov/programs-projects/digital-twins-advanced-manufacturing) | National Academies of Sciences, Engineering, and Medicine. 2024. Options for a National Plan for Smart Manufacturing. (https://www.nationalacademies.org/publications/27260) | International Energy Agency. 2023. Data Centres and Data Transmission Networks. (https://www.iea.org/energy-system/buildings/data-centres-and-data-transmission-networks) | National Institute of Standards and Technology. 2023. CHIPS Metrology Program. (https://www.nist.gov/chips/research-development-programs/metrology-program) | National Institute of Standards and Technology. 2023. Metrology Gaps in the Semiconductor Ecosystem. (https://www.nist.gov/system/files/documents/2023/06/05/CHIPS_Metrology-Gaps-in-the-Semi-Ecosystem_0.pdf)",Tier 1 preferred; Tier 2 supplemental,Medium,Mini-PFDs are simplified; exact process routes can vary by architecture/vendor/design.,Treat the mini-PFD as a teaching abstraction unless a source directly supports the sequence.
Technology / readiness gap,City-scale digital twins readiness gap: Digital twins exist in fragments; whole-city governance remains immature.,readiness/economics claim,City-scale digital twins,Water; Catalysts; Catalysts,,infrastructure gap; regulatory barrier; public acceptance; data/control problem,Digital twins exist in fragments; whole-city governance remains immature.,TRL/MRL/IRL plus domain-specific demonstration/commercialization sources,Supported as starter-sourced framing,"National Academies of Sciences, Engineering, and Medicine. 2023. Foundational Research Gaps and Future Directions for Digital Twins. (https://www.nationalacademies.org/projects/DEPS-BMSA-21-03/publication/26894) | National Institute of Standards and Technology. 2024. Digital Twins for Advanced Manufacturing. (https://www.nist.gov/programs-projects/digital-twins-advanced-manufacturing) | National Academies of Sciences, Engineering, and Medicine. 2024. Options for a National Plan for Smart Manufacturing. (https://www.nationalacademies.org/publications/27260) | International Energy Agency. 2023. Data Centres and Data Transmission Networks. (https://www.iea.org/energy-system/buildings/data-centres-and-data-transmission-networks) | National Institute of Standards and Technology. 2023. CHIPS Metrology Program. (https://www.nist.gov/chips/research-development-programs/metrology-program) | National Institute of Standards and Technology. 2023. Metrology Gaps in the Semiconductor Ecosystem. (https://www.nist.gov/system/files/documents/2023/06/05/CHIPS_Metrology-Gaps-in-the-Semi-Ecosystem_0.pdf)",Tier 1 preferred; Tier 2 supplemental,Medium,"Source set supports the process framing, but individual claims require direct verification.","Qualify readiness gaps with the specific maturity dimension: technical, manufacturing, integration, infrastructure, safety, or economics."
Technology / scale trigger,City-scale digital twins scale trigger: Data standards and privacy rules must support cross-agency operations.,readiness/economics claim + engineering inference,City-scale digital twins,Water; Catalysts; Catalysts,,infrastructure gap; regulatory barrier; public acceptance; data/control problem,Data standards and privacy rules must support cross-agency operations.,"Techno-economic analysis, pilot data, manufacturing learning, reliability, regulatory/permitting evidence",Needs claim-level verification,"National Academies of Sciences, Engineering, and Medicine. 2023. Foundational Research Gaps and Future Directions for Digital Twins. (https://www.nationalacademies.org/projects/DEPS-BMSA-21-03/publication/26894) | National Institute of Standards and Technology. 2024. Digital Twins for Advanced Manufacturing. (https://www.nist.gov/programs-projects/digital-twins-advanced-manufacturing) | National Academies of Sciences, Engineering, and Medicine. 2024. Options for a National Plan for Smart Manufacturing. (https://www.nationalacademies.org/publications/27260) | International Energy Agency. 2023. Data Centres and Data Transmission Networks. (https://www.iea.org/energy-system/buildings/data-centres-and-data-transmission-networks) | National Institute of Standards and Technology. 2023. CHIPS Metrology Program. (https://www.nist.gov/chips/research-development-programs/metrology-program) | National Institute of Standards and Technology. 2023. Metrology Gaps in the Semiconductor Ecosystem. (https://www.nist.gov/system/files/documents/2023/06/05/CHIPS_Metrology-Gaps-in-the-Semi-Ecosystem_0.pdf)",Tier 1 preferred; Tier 2 supplemental,Low-Medium,"Scale-trigger language is often inferential and should be verified with TEA, deployment data, or agency roadmap sources.",Phrase scale triggers as hypotheses unless a direct source supports the causal threshold.
Technology / realistic pathway,"Urban heat-island reversal systems: Reflective materials, tree canopy, water features, cool pavements, district cooling, and thermal mapping.",process-flow assumption + engineering inference,Urban heat-island reversal systems,Water; Lithium; Electrolytes; Graphite; Functional coatings; Binders; Electrolytes,Heat exchange; Adsorption; Catalysis; Compression,energy penalty; heat management; reliability gap; maintenance burden,Known interventions need coordinated deployment at neighborhood scale.,"Direct sources for process route, materials, bottlenecks, readiness, economics, and safety/regulatory issues",Supported as starter-sourced framing,"Huang, G., et al. 2024. Radiative cooling and indoor light management enabled by a transparent, haze-free metafilm. Nature Communications. (https://www.nature.com/articles/s41467-024-48150-2) | U.S. Department of Energy Building Technologies Office. 2023. Better Windows, Better Outcomes: How Electrochromics Improve Health, Productivity, and Efficiency. (https://www.energy.gov/sites/default/files/2023-12/bto-electrochromic-window-report-121123.pdf) | National Academies of Sciences, Engineering, and Medicine. 2020. Deployment of Deep Decarbonization Technologies. (https://www.nationalacademies.org/read/25656/chapter/6) | Dohlman, E., C. Weber, and Y. Lee. 2024. Trends, Insights, and Future Prospects for Production in Controlled Environment Agriculture and Agrivoltaics. USDA ERS. (https://ers.usda.gov/sites/default/files/_laserfiche/publications/108221/EIB-264.pdf) | U.S. Environmental Protection Agency. 2026. Water Reuse and Recycling / National Water Reuse Action Plan. (https://www.epa.gov/waterreuse) | National Academies of Sciences, Engineering, and Medicine. 2023. Foundational Research Gaps and Future Directions for Digital Twins. (https://www.nationalacademies.org/projects/DEPS-BMSA-21-03/publication/26894)",Tier 1 preferred; Tier 2 supplemental,Medium,"Source set supports the process framing, but individual claims require direct verification.","Verify numbers, economics, timelines, and performance separately. Keep Urban heat-island reversal systems wording qualified around economics, timelines, and performance unless claim-level evidence is added."
Technology / simplified PFD,Urban heat-island reversal systems is represented with the simplified PFD sequence: Thermal mapping → Surface/material intervention → Cooling deployment → Monitoring → Adjustment.,process-flow assumption,Urban heat-island reversal systems,Water; Lithium; Electrolytes; Graphite; Functional coatings; Binders; Electrolytes,Heat exchange; Adsorption; Catalysis; Compression,energy penalty; heat management; reliability gap; maintenance burden,Known interventions need coordinated deployment at neighborhood scale.,Process-route sources showing actual major unit operations or system blocks,Supported as starter-sourced framing,"Huang, G., et al. 2024. Radiative cooling and indoor light management enabled by a transparent, haze-free metafilm. Nature Communications. (https://www.nature.com/articles/s41467-024-48150-2) | U.S. Department of Energy Building Technologies Office. 2023. Better Windows, Better Outcomes: How Electrochromics Improve Health, Productivity, and Efficiency. (https://www.energy.gov/sites/default/files/2023-12/bto-electrochromic-window-report-121123.pdf) | National Academies of Sciences, Engineering, and Medicine. 2020. Deployment of Deep Decarbonization Technologies. (https://www.nationalacademies.org/read/25656/chapter/6) | Dohlman, E., C. Weber, and Y. Lee. 2024. Trends, Insights, and Future Prospects for Production in Controlled Environment Agriculture and Agrivoltaics. USDA ERS. (https://ers.usda.gov/sites/default/files/_laserfiche/publications/108221/EIB-264.pdf) | U.S. Environmental Protection Agency. 2026. Water Reuse and Recycling / National Water Reuse Action Plan. (https://www.epa.gov/waterreuse) | National Academies of Sciences, Engineering, and Medicine. 2023. Foundational Research Gaps and Future Directions for Digital Twins. (https://www.nationalacademies.org/projects/DEPS-BMSA-21-03/publication/26894)",Tier 1 preferred; Tier 2 supplemental,Medium,Mini-PFDs are simplified; exact process routes can vary by architecture/vendor/design.,Treat the mini-PFD as a teaching abstraction unless a source directly supports the sequence.
Technology / readiness gap,Urban heat-island reversal systems readiness gap: Known interventions need coordinated deployment at neighborhood scale.,readiness/economics claim,Urban heat-island reversal systems,Water; Lithium; Electrolytes; Graphite; Functional coatings; Binders; Electrolytes,Heat exchange; Adsorption; Catalysis; Compression,energy penalty; heat management; reliability gap; maintenance burden,Known interventions need coordinated deployment at neighborhood scale.,TRL/MRL/IRL plus domain-specific demonstration/commercialization sources,Supported as starter-sourced framing,"Huang, G., et al. 2024. Radiative cooling and indoor light management enabled by a transparent, haze-free metafilm. Nature Communications. (https://www.nature.com/articles/s41467-024-48150-2) | U.S. Department of Energy Building Technologies Office. 2023. Better Windows, Better Outcomes: How Electrochromics Improve Health, Productivity, and Efficiency. (https://www.energy.gov/sites/default/files/2023-12/bto-electrochromic-window-report-121123.pdf) | National Academies of Sciences, Engineering, and Medicine. 2020. Deployment of Deep Decarbonization Technologies. (https://www.nationalacademies.org/read/25656/chapter/6) | Dohlman, E., C. Weber, and Y. Lee. 2024. Trends, Insights, and Future Prospects for Production in Controlled Environment Agriculture and Agrivoltaics. USDA ERS. (https://ers.usda.gov/sites/default/files/_laserfiche/publications/108221/EIB-264.pdf) | U.S. Environmental Protection Agency. 2026. Water Reuse and Recycling / National Water Reuse Action Plan. (https://www.epa.gov/waterreuse) | National Academies of Sciences, Engineering, and Medicine. 2023. Foundational Research Gaps and Future Directions for Digital Twins. (https://www.nationalacademies.org/projects/DEPS-BMSA-21-03/publication/26894)",Tier 1 preferred; Tier 2 supplemental,Medium,"Source set supports the process framing, but individual claims require direct verification.","Qualify readiness gaps with the specific maturity dimension: technical, manufacturing, integration, infrastructure, safety, or economics."
Technology / scale trigger,"Urban heat-island reversal systems scale trigger: Cooling measures must be measured, maintained, and equitably distributed.",readiness/economics claim + engineering inference,Urban heat-island reversal systems,Water; Lithium; Electrolytes; Graphite; Functional coatings; Binders; Electrolytes,Heat exchange; Adsorption; Catalysis; Compression,energy penalty; heat management; reliability gap; maintenance burden,"Cooling measures must be measured, maintained, and equitably distributed.","Techno-economic analysis, pilot data, manufacturing learning, reliability, regulatory/permitting evidence",Needs claim-level verification,"Huang, G., et al. 2024. Radiative cooling and indoor light management enabled by a transparent, haze-free metafilm. Nature Communications. (https://www.nature.com/articles/s41467-024-48150-2) | U.S. Department of Energy Building Technologies Office. 2023. Better Windows, Better Outcomes: How Electrochromics Improve Health, Productivity, and Efficiency. (https://www.energy.gov/sites/default/files/2023-12/bto-electrochromic-window-report-121123.pdf) | National Academies of Sciences, Engineering, and Medicine. 2020. Deployment of Deep Decarbonization Technologies. (https://www.nationalacademies.org/read/25656/chapter/6) | Dohlman, E., C. Weber, and Y. Lee. 2024. Trends, Insights, and Future Prospects for Production in Controlled Environment Agriculture and Agrivoltaics. USDA ERS. (https://ers.usda.gov/sites/default/files/_laserfiche/publications/108221/EIB-264.pdf) | U.S. Environmental Protection Agency. 2026. Water Reuse and Recycling / National Water Reuse Action Plan. (https://www.epa.gov/waterreuse) | National Academies of Sciences, Engineering, and Medicine. 2023. Foundational Research Gaps and Future Directions for Digital Twins. (https://www.nationalacademies.org/projects/DEPS-BMSA-21-03/publication/26894)",Tier 1 preferred; Tier 2 supplemental,Low-Medium,"Scale-trigger language is often inferential and should be verified with TEA, deployment data, or agency roadmap sources.",Phrase scale triggers as hypotheses unless a direct source supports the causal threshold.
Technology / realistic pathway,"Flying cars / eVTOL air taxis: High-density batteries, distributed electric propulsion, autonomous avionics, vertiports, air traffic management, and noise reduction.",process-flow assumption + engineering inference,Flying cars / eVTOL air taxis,Lithium; Electrolytes; Graphite; Copper; Aluminum; Electrodes; Electrolytes; Metals and alloys,,energy penalty; infrastructure gap; safety risk; regulatory barrier,"Aircraft are nearing certification, but network operations remain unproven.","Direct sources for process route, materials, bottlenecks, readiness, economics, and safety/regulatory issues",Supported as starter-sourced framing,"Federal Aviation Administration. 2023. Advanced Air Mobility Implementation Plan: Innovate28. (https://www.faa.gov/sites/faa.gov/files/AAM-I28-Implementation-Plan.pdf) | NASA. 2026. Advanced Air Mobility Mission. (https://www.nasa.gov/mission/advanced-air-mobility/) | National Academies of Sciences, Engineering, and Medicine. 2020. Advancing Aerial Mobility: A National Blueprint, chapter 2. (https://www.nationalacademies.org/read/25646/chapter/4) | U.S. Department of Transportation. 2025. Advanced Air Mobility National Strategy. (https://www.transportation.gov/sites/dot.gov/files/2025-12/AAM%20National%20Strategy%202025.pdf) | NASA Office of Inspector General. 2023. NASA's Electrified Aircraft Propulsion Research and Development Efforts. (https://oig.nasa.gov/wp-content/uploads/2023/12/ig-23-014.pdf) | NASA. 2026. Electrified Aircraft Propulsion. (https://www.nasa.gov/mission/eap/)",Tier 1 preferred; Tier 2 supplemental,Medium,"Source set supports the process framing, but individual claims require direct verification.","Verify numbers, economics, timelines, and performance separately. Keep Flying cars / eVTOL air taxis wording qualified around economics, timelines, and performance unless claim-level evidence is added."
Technology / simplified PFD,Flying cars / eVTOL air taxis is represented with the simplified PFD sequence: Battery charging → Flight control → Electric propulsion → Vertiport operations → Maintenance.,process-flow assumption,Flying cars / eVTOL air taxis,Lithium; Electrolytes; Graphite; Copper; Aluminum; Electrodes; Electrolytes; Metals and alloys,,energy penalty; infrastructure gap; safety risk; regulatory barrier,"Aircraft are nearing certification, but network operations remain unproven.",Process-route sources showing actual major unit operations or system blocks,Supported as starter-sourced framing,"Federal Aviation Administration. 2023. Advanced Air Mobility Implementation Plan: Innovate28. (https://www.faa.gov/sites/faa.gov/files/AAM-I28-Implementation-Plan.pdf) | NASA. 2026. Advanced Air Mobility Mission. (https://www.nasa.gov/mission/advanced-air-mobility/) | National Academies of Sciences, Engineering, and Medicine. 2020. Advancing Aerial Mobility: A National Blueprint, chapter 2. (https://www.nationalacademies.org/read/25646/chapter/4) | U.S. Department of Transportation. 2025. Advanced Air Mobility National Strategy. (https://www.transportation.gov/sites/dot.gov/files/2025-12/AAM%20National%20Strategy%202025.pdf) | NASA Office of Inspector General. 2023. NASA's Electrified Aircraft Propulsion Research and Development Efforts. (https://oig.nasa.gov/wp-content/uploads/2023/12/ig-23-014.pdf) | NASA. 2026. Electrified Aircraft Propulsion. (https://www.nasa.gov/mission/eap/)",Tier 1 preferred; Tier 2 supplemental,Medium,Mini-PFDs are simplified; exact process routes can vary by architecture/vendor/design.,Treat the mini-PFD as a teaching abstraction unless a source directly supports the sequence.
Technology / readiness gap,"Flying cars / eVTOL air taxis readiness gap: Aircraft are nearing certification, but network operations remain unproven.",readiness/economics claim,Flying cars / eVTOL air taxis,Lithium; Electrolytes; Graphite; Copper; Aluminum; Electrodes; Electrolytes; Metals and alloys,,energy penalty; infrastructure gap; safety risk; regulatory barrier,"Aircraft are nearing certification, but network operations remain unproven.",TRL/MRL/IRL plus domain-specific demonstration/commercialization sources,Supported as starter-sourced framing,"Federal Aviation Administration. 2023. Advanced Air Mobility Implementation Plan: Innovate28. (https://www.faa.gov/sites/faa.gov/files/AAM-I28-Implementation-Plan.pdf) | NASA. 2026. Advanced Air Mobility Mission. (https://www.nasa.gov/mission/advanced-air-mobility/) | National Academies of Sciences, Engineering, and Medicine. 2020. Advancing Aerial Mobility: A National Blueprint, chapter 2. (https://www.nationalacademies.org/read/25646/chapter/4) | U.S. Department of Transportation. 2025. Advanced Air Mobility National Strategy. (https://www.transportation.gov/sites/dot.gov/files/2025-12/AAM%20National%20Strategy%202025.pdf) | NASA Office of Inspector General. 2023. NASA's Electrified Aircraft Propulsion Research and Development Efforts. (https://oig.nasa.gov/wp-content/uploads/2023/12/ig-23-014.pdf) | NASA. 2026. Electrified Aircraft Propulsion. (https://www.nasa.gov/mission/eap/)",Tier 1 preferred; Tier 2 supplemental,Medium,"Source set supports the process framing, but individual claims require direct verification.","Qualify readiness gaps with the specific maturity dimension: technical, manufacturing, integration, infrastructure, safety, or economics."
Technology / scale trigger,"Flying cars / eVTOL air taxis scale trigger: Vehicles, vertiports, and traffic control must reach airline-grade reliability.",readiness/economics claim + engineering inference,Flying cars / eVTOL air taxis,Lithium; Electrolytes; Graphite; Copper; Aluminum; Electrodes; Electrolytes; Metals and alloys,,energy penalty; infrastructure gap; safety risk; regulatory barrier,"Vehicles, vertiports, and traffic control must reach airline-grade reliability.","Techno-economic analysis, pilot data, manufacturing learning, reliability, regulatory/permitting evidence",Needs claim-level verification,"Federal Aviation Administration. 2023. Advanced Air Mobility Implementation Plan: Innovate28. (https://www.faa.gov/sites/faa.gov/files/AAM-I28-Implementation-Plan.pdf) | NASA. 2026. Advanced Air Mobility Mission. (https://www.nasa.gov/mission/advanced-air-mobility/) | National Academies of Sciences, Engineering, and Medicine. 2020. Advancing Aerial Mobility: A National Blueprint, chapter 2. (https://www.nationalacademies.org/read/25646/chapter/4) | U.S. Department of Transportation. 2025. Advanced Air Mobility National Strategy. (https://www.transportation.gov/sites/dot.gov/files/2025-12/AAM%20National%20Strategy%202025.pdf) | NASA Office of Inspector General. 2023. NASA's Electrified Aircraft Propulsion Research and Development Efforts. (https://oig.nasa.gov/wp-content/uploads/2023/12/ig-23-014.pdf) | NASA. 2026. Electrified Aircraft Propulsion. (https://www.nasa.gov/mission/eap/)",Tier 1 preferred; Tier 2 supplemental,Low-Medium,"Scale-trigger language is often inferential and should be verified with TEA, deployment data, or agency roadmap sources.",Phrase scale triggers as hypotheses unless a direct source supports the causal threshold.
Technology / realistic pathway,"Hyperloop-style transport: Low-pressure tubes, magnetic levitation, linear motors, vacuum pumps, safety systems, and thermal expansion control.",process-flow assumption + engineering inference,Hyperloop-style transport,Lithium; Electrolytes; Graphite; Rare earth elements; Electrolytes,Heat exchange,energy penalty; heat management; infrastructure gap; safety risk,Subsystem demos exist; full corridor safety and economics are unresolved.,"Direct sources for process route, materials, bottlenecks, readiness, economics, and safety/regulatory issues",Partially supported / roadmap-stage,"Hyde, D. J. 2016. Hyperloop Commercial Feasibility Analysis. U.S. Department of Transportation / Volpe National Transportation Systems Center. (https://rosap.ntl.bts.gov/view/dot/12308/dot_12308_DS1.pdf) | Mid-Ohio Regional Planning Commission. 2020. Hyperloop Feasibility Study. (https://www.morpc.org/wp-content/uploads/2023/03/HYPERLOOP-FEASIBILITY-STUDY.pdf) | U.S. Government Accountability Office. 2020. Technology Readiness Assessment Guide, GAO-20-48G. (https://www.gao.gov/assets/gao-20-48g.pdf) | NASA. 2023. Technology Readiness Levels. (https://www.nasa.gov/directorates/somd/space-communications-navigation-program/technology-readiness-levels/) | Federal Aviation Administration. 2023. Advanced Air Mobility Implementation Plan: Innovate28. (https://www.faa.gov/sites/faa.gov/files/AAM-I28-Implementation-Plan.pdf) | NASA. 2026. Advanced Air Mobility Mission. (https://www.nasa.gov/mission/advanced-air-mobility/)",Tier 1 preferred; Tier 2 supplemental,Medium,"Sources support active research, demonstrations, or roadmaps; scale/cost/reliability are unresolved.","Frame as roadmap-stage or early-stage. Keep Hyperloop-style transport wording qualified around economics, timelines, and performance unless claim-level evidence is added."
Technology / simplified PFD,Hyperloop-style transport is represented with the simplified PFD sequence: Pod loading → Evacuated tube → Propulsion/levitation → Braking → Station handling.,process-flow assumption,Hyperloop-style transport,Lithium; Electrolytes; Graphite; Rare earth elements; Electrolytes,Heat exchange,energy penalty; heat management; infrastructure gap; safety risk,Subsystem demos exist; full corridor safety and economics are unresolved.,Process-route sources showing actual major unit operations or system blocks,Partially supported / roadmap-stage,"Hyde, D. J. 2016. Hyperloop Commercial Feasibility Analysis. U.S. Department of Transportation / Volpe National Transportation Systems Center. (https://rosap.ntl.bts.gov/view/dot/12308/dot_12308_DS1.pdf) | Mid-Ohio Regional Planning Commission. 2020. Hyperloop Feasibility Study. (https://www.morpc.org/wp-content/uploads/2023/03/HYPERLOOP-FEASIBILITY-STUDY.pdf) | U.S. Government Accountability Office. 2020. Technology Readiness Assessment Guide, GAO-20-48G. (https://www.gao.gov/assets/gao-20-48g.pdf) | NASA. 2023. Technology Readiness Levels. (https://www.nasa.gov/directorates/somd/space-communications-navigation-program/technology-readiness-levels/) | Federal Aviation Administration. 2023. Advanced Air Mobility Implementation Plan: Innovate28. (https://www.faa.gov/sites/faa.gov/files/AAM-I28-Implementation-Plan.pdf) | NASA. 2026. Advanced Air Mobility Mission. (https://www.nasa.gov/mission/advanced-air-mobility/)",Tier 1 preferred; Tier 2 supplemental,Medium,Mini-PFDs are simplified; exact process routes can vary by architecture/vendor/design.,Treat the mini-PFD as a teaching abstraction unless a source directly supports the sequence.
Technology / readiness gap,Hyperloop-style transport readiness gap: Subsystem demos exist; full corridor safety and economics are unresolved.,readiness/economics claim,Hyperloop-style transport,Lithium; Electrolytes; Graphite; Rare earth elements; Electrolytes,Heat exchange,energy penalty; heat management; infrastructure gap; safety risk,Subsystem demos exist; full corridor safety and economics are unresolved.,TRL/MRL/IRL plus domain-specific demonstration/commercialization sources,Partially supported / roadmap-stage,"Hyde, D. J. 2016. Hyperloop Commercial Feasibility Analysis. U.S. Department of Transportation / Volpe National Transportation Systems Center. (https://rosap.ntl.bts.gov/view/dot/12308/dot_12308_DS1.pdf) | Mid-Ohio Regional Planning Commission. 2020. Hyperloop Feasibility Study. (https://www.morpc.org/wp-content/uploads/2023/03/HYPERLOOP-FEASIBILITY-STUDY.pdf) | U.S. Government Accountability Office. 2020. Technology Readiness Assessment Guide, GAO-20-48G. (https://www.gao.gov/assets/gao-20-48g.pdf) | NASA. 2023. Technology Readiness Levels. (https://www.nasa.gov/directorates/somd/space-communications-navigation-program/technology-readiness-levels/) | Federal Aviation Administration. 2023. Advanced Air Mobility Implementation Plan: Innovate28. (https://www.faa.gov/sites/faa.gov/files/AAM-I28-Implementation-Plan.pdf) | NASA. 2026. Advanced Air Mobility Mission. (https://www.nasa.gov/mission/advanced-air-mobility/)",Tier 1 preferred; Tier 2 supplemental,Medium,"Sources support active research, demonstrations, or roadmaps; scale/cost/reliability are unresolved.","Qualify readiness gaps with the specific maturity dimension: technical, manufacturing, integration, infrastructure, safety, or economics."
Technology / scale trigger,Hyperloop-style transport scale trigger: Tube construction and emergency procedures must beat existing rail or air options.,readiness/economics claim + engineering inference,Hyperloop-style transport,Lithium; Electrolytes; Graphite; Rare earth elements; Electrolytes,Heat exchange,energy penalty; heat management; infrastructure gap; safety risk,Tube construction and emergency procedures must beat existing rail or air options.,"Techno-economic analysis, pilot data, manufacturing learning, reliability, regulatory/permitting evidence",Partially supported / roadmap-stage,"Hyde, D. J. 2016. Hyperloop Commercial Feasibility Analysis. U.S. Department of Transportation / Volpe National Transportation Systems Center. (https://rosap.ntl.bts.gov/view/dot/12308/dot_12308_DS1.pdf) | Mid-Ohio Regional Planning Commission. 2020. Hyperloop Feasibility Study. (https://www.morpc.org/wp-content/uploads/2023/03/HYPERLOOP-FEASIBILITY-STUDY.pdf) | U.S. Government Accountability Office. 2020. Technology Readiness Assessment Guide, GAO-20-48G. (https://www.gao.gov/assets/gao-20-48g.pdf) | NASA. 2023. Technology Readiness Levels. (https://www.nasa.gov/directorates/somd/space-communications-navigation-program/technology-readiness-levels/) | Federal Aviation Administration. 2023. Advanced Air Mobility Implementation Plan: Innovate28. (https://www.faa.gov/sites/faa.gov/files/AAM-I28-Implementation-Plan.pdf) | NASA. 2026. Advanced Air Mobility Mission. (https://www.nasa.gov/mission/advanced-air-mobility/)",Tier 1 preferred; Tier 2 supplemental,Medium,"Scale-trigger language is often inferential and should be verified with TEA, deployment data, or agency roadmap sources.",Phrase scale triggers as hypotheses unless a direct source supports the causal threshold.
Technology / realistic pathway,"Autonomous electric transit pods: Batteries, charging networks, autonomy stacks, route optimization, fleet management, and maintenance hubs.",process-flow assumption + engineering inference,Autonomous electric transit pods,Lithium; Electrolytes; Graphite; Copper; Electrolytes,,reliability gap; maintenance burden; cost curve problem; public acceptance,Shuttles operate in limited domains; mixed urban traffic is harder.,"Direct sources for process route, materials, bottlenecks, readiness, economics, and safety/regulatory issues",Supported as starter-sourced framing,"Federal Transit Administration. 2025. Strategic Transit Automation Research Plan 2.0: 2023–2028. (https://www.transit.dot.gov/sites/fta.dot.gov/files/2025-02/FTA-Report-0264-STAR2.0.pdf) | Iclodean, C., et al. 2020. Autonomous Shuttle Bus for Public Transportation: A Review. Energies 13(11), 2917. (https://www.mdpi.com/1996-1073/13/11/2917) | Cregger, J., et al. 2018. Low-Speed Automated Shuttles: State of the Practice. U.S. DOT / Volpe. (https://rosap.ntl.bts.gov/view/dot/37060/dot_37060_DS1.pdf) | National Academies of Sciences, Engineering, and Medicine. 2024. Connected and Autonomous Vehicle Technology: Determining the Impact on State DOT Maintenance Programs. NCHRP Research Report 1084. (https://www.nationalacademies.org/read/27625) | Federal Aviation Administration. 2023. Advanced Air Mobility Implementation Plan: Innovate28. (https://www.faa.gov/sites/faa.gov/files/AAM-I28-Implementation-Plan.pdf) | NASA. 2026. Advanced Air Mobility Mission. (https://www.nasa.gov/mission/advanced-air-mobility/)",Tier 1 preferred; Tier 2 supplemental,Medium,"Source set supports the process framing, but individual claims require direct verification.","Verify numbers, economics, timelines, and performance separately. Keep Autonomous electric transit pods wording qualified around economics, timelines, and performance unless claim-level evidence is added."
Technology / simplified PFD,Autonomous electric transit pods is represented with the simplified PFD sequence: Passenger request → Fleet routing → Vehicle dispatch → Charging/maintenance → Data feedback.,process-flow assumption,Autonomous electric transit pods,Lithium; Electrolytes; Graphite; Copper; Electrolytes,,reliability gap; maintenance burden; cost curve problem; public acceptance,Shuttles operate in limited domains; mixed urban traffic is harder.,Process-route sources showing actual major unit operations or system blocks,Supported as starter-sourced framing,"Federal Transit Administration. 2025. Strategic Transit Automation Research Plan 2.0: 2023–2028. (https://www.transit.dot.gov/sites/fta.dot.gov/files/2025-02/FTA-Report-0264-STAR2.0.pdf) | Iclodean, C., et al. 2020. Autonomous Shuttle Bus for Public Transportation: A Review. Energies 13(11), 2917. (https://www.mdpi.com/1996-1073/13/11/2917) | Cregger, J., et al. 2018. Low-Speed Automated Shuttles: State of the Practice. U.S. DOT / Volpe. (https://rosap.ntl.bts.gov/view/dot/37060/dot_37060_DS1.pdf) | National Academies of Sciences, Engineering, and Medicine. 2024. Connected and Autonomous Vehicle Technology: Determining the Impact on State DOT Maintenance Programs. NCHRP Research Report 1084. (https://www.nationalacademies.org/read/27625) | Federal Aviation Administration. 2023. Advanced Air Mobility Implementation Plan: Innovate28. (https://www.faa.gov/sites/faa.gov/files/AAM-I28-Implementation-Plan.pdf) | NASA. 2026. Advanced Air Mobility Mission. (https://www.nasa.gov/mission/advanced-air-mobility/)",Tier 1 preferred; Tier 2 supplemental,Medium,Mini-PFDs are simplified; exact process routes can vary by architecture/vendor/design.,Treat the mini-PFD as a teaching abstraction unless a source directly supports the sequence.
Technology / readiness gap,Autonomous electric transit pods readiness gap: Shuttles operate in limited domains; mixed urban traffic is harder.,readiness/economics claim,Autonomous electric transit pods,Lithium; Electrolytes; Graphite; Copper; Electrolytes,,reliability gap; maintenance burden; cost curve problem; public acceptance,Shuttles operate in limited domains; mixed urban traffic is harder.,TRL/MRL/IRL plus domain-specific demonstration/commercialization sources,Supported as starter-sourced framing,"Federal Transit Administration. 2025. Strategic Transit Automation Research Plan 2.0: 2023–2028. (https://www.transit.dot.gov/sites/fta.dot.gov/files/2025-02/FTA-Report-0264-STAR2.0.pdf) | Iclodean, C., et al. 2020. Autonomous Shuttle Bus for Public Transportation: A Review. Energies 13(11), 2917. (https://www.mdpi.com/1996-1073/13/11/2917) | Cregger, J., et al. 2018. Low-Speed Automated Shuttles: State of the Practice. U.S. DOT / Volpe. (https://rosap.ntl.bts.gov/view/dot/37060/dot_37060_DS1.pdf) | National Academies of Sciences, Engineering, and Medicine. 2024. Connected and Autonomous Vehicle Technology: Determining the Impact on State DOT Maintenance Programs. NCHRP Research Report 1084. (https://www.nationalacademies.org/read/27625) | Federal Aviation Administration. 2023. Advanced Air Mobility Implementation Plan: Innovate28. (https://www.faa.gov/sites/faa.gov/files/AAM-I28-Implementation-Plan.pdf) | NASA. 2026. Advanced Air Mobility Mission. (https://www.nasa.gov/mission/advanced-air-mobility/)",Tier 1 preferred; Tier 2 supplemental,Medium,"Source set supports the process framing, but individual claims require direct verification.","Qualify readiness gaps with the specific maturity dimension: technical, manufacturing, integration, infrastructure, safety, or economics."
Technology / scale trigger,Autonomous electric transit pods scale trigger: Autonomy must handle edge cases while fleet economics remain favorable.,readiness/economics claim + engineering inference,Autonomous electric transit pods,Lithium; Electrolytes; Graphite; Copper; Electrolytes,,reliability gap; maintenance burden; cost curve problem; public acceptance,Autonomy must handle edge cases while fleet economics remain favorable.,"Techno-economic analysis, pilot data, manufacturing learning, reliability, regulatory/permitting evidence",Needs claim-level verification,"Federal Transit Administration. 2025. Strategic Transit Automation Research Plan 2.0: 2023–2028. (https://www.transit.dot.gov/sites/fta.dot.gov/files/2025-02/FTA-Report-0264-STAR2.0.pdf) | Iclodean, C., et al. 2020. Autonomous Shuttle Bus for Public Transportation: A Review. Energies 13(11), 2917. (https://www.mdpi.com/1996-1073/13/11/2917) | Cregger, J., et al. 2018. Low-Speed Automated Shuttles: State of the Practice. U.S. DOT / Volpe. (https://rosap.ntl.bts.gov/view/dot/37060/dot_37060_DS1.pdf) | National Academies of Sciences, Engineering, and Medicine. 2024. Connected and Autonomous Vehicle Technology: Determining the Impact on State DOT Maintenance Programs. NCHRP Research Report 1084. (https://www.nationalacademies.org/read/27625) | Federal Aviation Administration. 2023. Advanced Air Mobility Implementation Plan: Innovate28. (https://www.faa.gov/sites/faa.gov/files/AAM-I28-Implementation-Plan.pdf) | NASA. 2026. Advanced Air Mobility Mission. (https://www.nasa.gov/mission/advanced-air-mobility/)",Tier 1 preferred; Tier 2 supplemental,Low-Medium,"Scale-trigger language is often inferential and should be verified with TEA, deployment data, or agency roadmap sources.",Phrase scale triggers as hypotheses unless a direct source supports the causal threshold.
Technology / realistic pathway,"Hydrogen aircraft: Liquid hydrogen storage, cryogenic tanks, fuel cells or turbines, airport fueling systems, and safety certification.",process-flow assumption + engineering inference,Hydrogen aircraft,Hydrogen; Carbon dioxide; Water; Aluminum; Metals and alloys; Growth media; Scaffolds,Liquefaction,energy penalty; infrastructure gap; safety risk; regulatory barrier,"Components exist, but aircraft design and airport fuel systems must change together.","Direct sources for process route, materials, bottlenecks, readiness, economics, and safety/regulatory issues",Partially supported / roadmap-stage,"NASA Office of Inspector General. 2023. NASA's Electrified Aircraft Propulsion Research and Development Efforts. (https://oig.nasa.gov/wp-content/uploads/2023/12/ig-23-014.pdf) | NASA. 2026. Electrified Aircraft Propulsion. (https://www.nasa.gov/mission/eap/) | International Energy Agency. 2024. Global Hydrogen Review 2024. (https://www.iea.org/reports/global-hydrogen-review-2024) | Calderon, O. R., et al. 2024. Sustainable Aviation Fuel State-of-Industry Report. NREL. (https://docs.nrel.gov/docs/fy24osti/87802.pdf) | Federal Aviation Administration. 2023. Advanced Air Mobility Implementation Plan: Innovate28. (https://www.faa.gov/sites/faa.gov/files/AAM-I28-Implementation-Plan.pdf) | NASA. 2026. Advanced Air Mobility Mission. (https://www.nasa.gov/mission/advanced-air-mobility/)",Tier 1 preferred; Tier 2 supplemental,Medium,"Sources support active research, demonstrations, or roadmaps; scale/cost/reliability are unresolved.","Frame as roadmap-stage or early-stage. Keep Hydrogen aircraft wording qualified around economics, timelines, and performance unless claim-level evidence is added."
Technology / simplified PFD,Hydrogen aircraft is represented with the simplified PFD sequence: Hydrogen production → Liquefaction → Airport storage → Aircraft fueling → Propulsion.,process-flow assumption,Hydrogen aircraft,Hydrogen; Carbon dioxide; Water; Aluminum; Metals and alloys; Growth media; Scaffolds,Liquefaction,energy penalty; infrastructure gap; safety risk; regulatory barrier,"Components exist, but aircraft design and airport fuel systems must change together.",Process-route sources showing actual major unit operations or system blocks,Partially supported / roadmap-stage,"NASA Office of Inspector General. 2023. NASA's Electrified Aircraft Propulsion Research and Development Efforts. (https://oig.nasa.gov/wp-content/uploads/2023/12/ig-23-014.pdf) | NASA. 2026. Electrified Aircraft Propulsion. (https://www.nasa.gov/mission/eap/) | International Energy Agency. 2024. Global Hydrogen Review 2024. (https://www.iea.org/reports/global-hydrogen-review-2024) | Calderon, O. R., et al. 2024. Sustainable Aviation Fuel State-of-Industry Report. NREL. (https://docs.nrel.gov/docs/fy24osti/87802.pdf) | Federal Aviation Administration. 2023. Advanced Air Mobility Implementation Plan: Innovate28. (https://www.faa.gov/sites/faa.gov/files/AAM-I28-Implementation-Plan.pdf) | NASA. 2026. Advanced Air Mobility Mission. (https://www.nasa.gov/mission/advanced-air-mobility/)",Tier 1 preferred; Tier 2 supplemental,Medium,Mini-PFDs are simplified; exact process routes can vary by architecture/vendor/design.,Treat the mini-PFD as a teaching abstraction unless a source directly supports the sequence.
Technology / readiness gap,"Hydrogen aircraft readiness gap: Components exist, but aircraft design and airport fuel systems must change together.",readiness/economics claim,Hydrogen aircraft,Hydrogen; Carbon dioxide; Water; Aluminum; Metals and alloys; Growth media; Scaffolds,Liquefaction,energy penalty; infrastructure gap; safety risk; regulatory barrier,"Components exist, but aircraft design and airport fuel systems must change together.",TRL/MRL/IRL plus domain-specific demonstration/commercialization sources,Partially supported / roadmap-stage,"NASA Office of Inspector General. 2023. NASA's Electrified Aircraft Propulsion Research and Development Efforts. (https://oig.nasa.gov/wp-content/uploads/2023/12/ig-23-014.pdf) | NASA. 2026. Electrified Aircraft Propulsion. (https://www.nasa.gov/mission/eap/) | International Energy Agency. 2024. Global Hydrogen Review 2024. (https://www.iea.org/reports/global-hydrogen-review-2024) | Calderon, O. R., et al. 2024. Sustainable Aviation Fuel State-of-Industry Report. NREL. (https://docs.nrel.gov/docs/fy24osti/87802.pdf) | Federal Aviation Administration. 2023. Advanced Air Mobility Implementation Plan: Innovate28. (https://www.faa.gov/sites/faa.gov/files/AAM-I28-Implementation-Plan.pdf) | NASA. 2026. Advanced Air Mobility Mission. (https://www.nasa.gov/mission/advanced-air-mobility/)",Tier 1 preferred; Tier 2 supplemental,Medium,"Sources support active research, demonstrations, or roadmaps; scale/cost/reliability are unresolved.","Qualify readiness gaps with the specific maturity dimension: technical, manufacturing, integration, infrastructure, safety, or economics."
Technology / scale trigger,"Hydrogen aircraft scale trigger: Cryogenic fueling must become routine, safe, and fast at airports.",readiness/economics claim + engineering inference,Hydrogen aircraft,Hydrogen; Carbon dioxide; Water; Aluminum; Metals and alloys; Growth media; Scaffolds,Liquefaction,energy penalty; infrastructure gap; safety risk; regulatory barrier,"Cryogenic fueling must become routine, safe, and fast at airports.","Techno-economic analysis, pilot data, manufacturing learning, reliability, regulatory/permitting evidence",Partially supported / roadmap-stage,"NASA Office of Inspector General. 2023. NASA's Electrified Aircraft Propulsion Research and Development Efforts. (https://oig.nasa.gov/wp-content/uploads/2023/12/ig-23-014.pdf) | NASA. 2026. Electrified Aircraft Propulsion. (https://www.nasa.gov/mission/eap/) | International Energy Agency. 2024. Global Hydrogen Review 2024. (https://www.iea.org/reports/global-hydrogen-review-2024) | Calderon, O. R., et al. 2024. Sustainable Aviation Fuel State-of-Industry Report. NREL. (https://docs.nrel.gov/docs/fy24osti/87802.pdf) | Federal Aviation Administration. 2023. Advanced Air Mobility Implementation Plan: Innovate28. (https://www.faa.gov/sites/faa.gov/files/AAM-I28-Implementation-Plan.pdf) | NASA. 2026. Advanced Air Mobility Mission. (https://www.nasa.gov/mission/advanced-air-mobility/)",Tier 1 preferred; Tier 2 supplemental,Medium,"Scale-trigger language is often inferential and should be verified with TEA, deployment data, or agency roadmap sources.",Phrase scale triggers as hypotheses unless a direct source supports the causal threshold.
Technology / realistic pathway,"Electric aviation: High-energy batteries, lightweight structures, thermal management, fast charging, and short-haul route design.",process-flow assumption + engineering inference,Electric aviation,Lithium; Electrolytes; Graphite; Copper; Aluminum; Electrodes; Electrolytes; Metals and alloys,Heat exchange,energy penalty; heat management; infrastructure gap; safety risk,Small aircraft are feasible; larger regional missions need better batteries.,"Direct sources for process route, materials, bottlenecks, readiness, economics, and safety/regulatory issues",Supported as starter-sourced framing,"NASA Office of Inspector General. 2023. NASA's Electrified Aircraft Propulsion Research and Development Efforts. (https://oig.nasa.gov/wp-content/uploads/2023/12/ig-23-014.pdf) | NASA. 2026. Electrified Aircraft Propulsion. (https://www.nasa.gov/mission/eap/) | Federal Aviation Administration. 2023. Advanced Air Mobility Implementation Plan: Innovate28. (https://www.faa.gov/sites/faa.gov/files/AAM-I28-Implementation-Plan.pdf) | National Academies of Sciences, Engineering, and Medicine. 2020. Advancing Aerial Mobility: A National Blueprint, chapter 2. (https://www.nationalacademies.org/read/25646/chapter/4) | NASA. 2026. Advanced Air Mobility Mission. (https://www.nasa.gov/mission/advanced-air-mobility/) | International Energy Agency. 2025. Global Critical Minerals Outlook 2025. (https://www.iea.org/reports/global-critical-minerals-outlook-2025)",Tier 1 preferred; Tier 2 supplemental,Medium,"Source set supports the process framing, but individual claims require direct verification.","Verify numbers, economics, timelines, and performance separately. Keep Electric aviation wording qualified around economics, timelines, and performance unless claim-level evidence is added."
Technology / simplified PFD,Electric aviation is represented with the simplified PFD sequence: Grid power → Fast charging → Battery storage → Electric propulsion → Thermal management.,process-flow assumption,Electric aviation,Lithium; Electrolytes; Graphite; Copper; Aluminum; Electrodes; Electrolytes; Metals and alloys,Heat exchange,energy penalty; heat management; infrastructure gap; safety risk,Small aircraft are feasible; larger regional missions need better batteries.,Process-route sources showing actual major unit operations or system blocks,Supported as starter-sourced framing,"NASA Office of Inspector General. 2023. NASA's Electrified Aircraft Propulsion Research and Development Efforts. (https://oig.nasa.gov/wp-content/uploads/2023/12/ig-23-014.pdf) | NASA. 2026. Electrified Aircraft Propulsion. (https://www.nasa.gov/mission/eap/) | Federal Aviation Administration. 2023. Advanced Air Mobility Implementation Plan: Innovate28. (https://www.faa.gov/sites/faa.gov/files/AAM-I28-Implementation-Plan.pdf) | National Academies of Sciences, Engineering, and Medicine. 2020. Advancing Aerial Mobility: A National Blueprint, chapter 2. (https://www.nationalacademies.org/read/25646/chapter/4) | NASA. 2026. Advanced Air Mobility Mission. (https://www.nasa.gov/mission/advanced-air-mobility/) | International Energy Agency. 2025. Global Critical Minerals Outlook 2025. (https://www.iea.org/reports/global-critical-minerals-outlook-2025)",Tier 1 preferred; Tier 2 supplemental,Medium,Mini-PFDs are simplified; exact process routes can vary by architecture/vendor/design.,Treat the mini-PFD as a teaching abstraction unless a source directly supports the sequence.
Technology / readiness gap,Electric aviation readiness gap: Small aircraft are feasible; larger regional missions need better batteries.,readiness/economics claim,Electric aviation,Lithium; Electrolytes; Graphite; Copper; Aluminum; Electrodes; Electrolytes; Metals and alloys,Heat exchange,energy penalty; heat management; infrastructure gap; safety risk,Small aircraft are feasible; larger regional missions need better batteries.,TRL/MRL/IRL plus domain-specific demonstration/commercialization sources,Supported as starter-sourced framing,"NASA Office of Inspector General. 2023. NASA's Electrified Aircraft Propulsion Research and Development Efforts. (https://oig.nasa.gov/wp-content/uploads/2023/12/ig-23-014.pdf) | NASA. 2026. Electrified Aircraft Propulsion. (https://www.nasa.gov/mission/eap/) | Federal Aviation Administration. 2023. Advanced Air Mobility Implementation Plan: Innovate28. (https://www.faa.gov/sites/faa.gov/files/AAM-I28-Implementation-Plan.pdf) | National Academies of Sciences, Engineering, and Medicine. 2020. Advancing Aerial Mobility: A National Blueprint, chapter 2. (https://www.nationalacademies.org/read/25646/chapter/4) | NASA. 2026. Advanced Air Mobility Mission. (https://www.nasa.gov/mission/advanced-air-mobility/) | International Energy Agency. 2025. Global Critical Minerals Outlook 2025. (https://www.iea.org/reports/global-critical-minerals-outlook-2025)",Tier 1 preferred; Tier 2 supplemental,Medium,"Source set supports the process framing, but individual claims require direct verification.","Qualify readiness gaps with the specific maturity dimension: technical, manufacturing, integration, infrastructure, safety, or economics."
Technology / scale trigger,Electric aviation scale trigger: Battery packs must improve without compromising cycle life and safety.,readiness/economics claim + engineering inference,Electric aviation,Lithium; Electrolytes; Graphite; Copper; Aluminum; Electrodes; Electrolytes; Metals and alloys,Heat exchange,energy penalty; heat management; infrastructure gap; safety risk,Battery packs must improve without compromising cycle life and safety.,"Techno-economic analysis, pilot data, manufacturing learning, reliability, regulatory/permitting evidence",Needs claim-level verification,"NASA Office of Inspector General. 2023. NASA's Electrified Aircraft Propulsion Research and Development Efforts. (https://oig.nasa.gov/wp-content/uploads/2023/12/ig-23-014.pdf) | NASA. 2026. Electrified Aircraft Propulsion. (https://www.nasa.gov/mission/eap/) | Federal Aviation Administration. 2023. Advanced Air Mobility Implementation Plan: Innovate28. (https://www.faa.gov/sites/faa.gov/files/AAM-I28-Implementation-Plan.pdf) | National Academies of Sciences, Engineering, and Medicine. 2020. Advancing Aerial Mobility: A National Blueprint, chapter 2. (https://www.nationalacademies.org/read/25646/chapter/4) | NASA. 2026. Advanced Air Mobility Mission. (https://www.nasa.gov/mission/advanced-air-mobility/) | International Energy Agency. 2025. Global Critical Minerals Outlook 2025. (https://www.iea.org/reports/global-critical-minerals-outlook-2025)",Tier 1 preferred; Tier 2 supplemental,Low-Medium,"Scale-trigger language is often inferential and should be verified with TEA, deployment data, or agency roadmap sources.",Phrase scale triggers as hypotheses unless a direct source supports the causal threshold.
Technology / realistic pathway,"Maglev trains: Superconducting or electromagnetic levitation, guideway infrastructure, power electronics, and control systems.",process-flow assumption + engineering inference,Maglev trains,Lithium; Electrolytes; Graphite; Copper; Rare earth elements; Metals and alloys; Electrolytes,,energy penalty; infrastructure gap; reliability gap; maintenance burden,Maglev works technically; deployment is dominated by capital planning.,"Direct sources for process route, materials, bottlenecks, readiness, economics, and safety/regulatory issues",Supported as starter-sourced framing,"Federal Railroad Administration. 2005. Report to Congress: Costs and Benefits of Magnetic Levitation. (https://railroads.dot.gov/sites/fra.dot.gov/files/fra_net/1176/maglev-sep05.pdf) | Huang, H. 2024. Development and Challenges of Maglev Transportation. IntechOpen. (https://www.intechopen.com/chapters/1206683) | U.S. Geological Survey. 2025. Mineral Commodity Summaries 2025. (https://pubs.usgs.gov/publication/mcs2025) | National Academies of Sciences, Engineering, and Medicine. 2024. Connected and Autonomous Vehicle Technology: Determining the Impact on State DOT Maintenance Programs. NCHRP Research Report 1084. (https://www.nationalacademies.org/read/27625) | Federal Aviation Administration. 2023. Advanced Air Mobility Implementation Plan: Innovate28. (https://www.faa.gov/sites/faa.gov/files/AAM-I28-Implementation-Plan.pdf) | NASA. 2026. Advanced Air Mobility Mission. (https://www.nasa.gov/mission/advanced-air-mobility/)",Tier 1 preferred; Tier 2 supplemental,Medium,"Source set supports the process framing, but individual claims require direct verification.","Verify numbers, economics, timelines, and performance separately. Keep Maglev trains wording qualified around economics, timelines, and performance unless claim-level evidence is added."
Technology / simplified PFD,Maglev trains is represented with the simplified PFD sequence: Grid power → Levitation/propulsion → Vehicle control → Station operations → Maintenance.,process-flow assumption,Maglev trains,Lithium; Electrolytes; Graphite; Copper; Rare earth elements; Metals and alloys; Electrolytes,,energy penalty; infrastructure gap; reliability gap; maintenance burden,Maglev works technically; deployment is dominated by capital planning.,Process-route sources showing actual major unit operations or system blocks,Supported as starter-sourced framing,"Federal Railroad Administration. 2005. Report to Congress: Costs and Benefits of Magnetic Levitation. (https://railroads.dot.gov/sites/fra.dot.gov/files/fra_net/1176/maglev-sep05.pdf) | Huang, H. 2024. Development and Challenges of Maglev Transportation. IntechOpen. (https://www.intechopen.com/chapters/1206683) | U.S. Geological Survey. 2025. Mineral Commodity Summaries 2025. (https://pubs.usgs.gov/publication/mcs2025) | National Academies of Sciences, Engineering, and Medicine. 2024. Connected and Autonomous Vehicle Technology: Determining the Impact on State DOT Maintenance Programs. NCHRP Research Report 1084. (https://www.nationalacademies.org/read/27625) | Federal Aviation Administration. 2023. Advanced Air Mobility Implementation Plan: Innovate28. (https://www.faa.gov/sites/faa.gov/files/AAM-I28-Implementation-Plan.pdf) | NASA. 2026. Advanced Air Mobility Mission. (https://www.nasa.gov/mission/advanced-air-mobility/)",Tier 1 preferred; Tier 2 supplemental,Medium,Mini-PFDs are simplified; exact process routes can vary by architecture/vendor/design.,Treat the mini-PFD as a teaching abstraction unless a source directly supports the sequence.
Technology / readiness gap,Maglev trains readiness gap: Maglev works technically; deployment is dominated by capital planning.,readiness/economics claim,Maglev trains,Lithium; Electrolytes; Graphite; Copper; Rare earth elements; Metals and alloys; Electrolytes,,energy penalty; infrastructure gap; reliability gap; maintenance burden,Maglev works technically; deployment is dominated by capital planning.,TRL/MRL/IRL plus domain-specific demonstration/commercialization sources,Supported as starter-sourced framing,"Federal Railroad Administration. 2005. Report to Congress: Costs and Benefits of Magnetic Levitation. (https://railroads.dot.gov/sites/fra.dot.gov/files/fra_net/1176/maglev-sep05.pdf) | Huang, H. 2024. Development and Challenges of Maglev Transportation. IntechOpen. (https://www.intechopen.com/chapters/1206683) | U.S. Geological Survey. 2025. Mineral Commodity Summaries 2025. (https://pubs.usgs.gov/publication/mcs2025) | National Academies of Sciences, Engineering, and Medicine. 2024. Connected and Autonomous Vehicle Technology: Determining the Impact on State DOT Maintenance Programs. NCHRP Research Report 1084. (https://www.nationalacademies.org/read/27625) | Federal Aviation Administration. 2023. Advanced Air Mobility Implementation Plan: Innovate28. (https://www.faa.gov/sites/faa.gov/files/AAM-I28-Implementation-Plan.pdf) | NASA. 2026. Advanced Air Mobility Mission. (https://www.nasa.gov/mission/advanced-air-mobility/)",Tier 1 preferred; Tier 2 supplemental,Medium,"Source set supports the process framing, but individual claims require direct verification.","Qualify readiness gaps with the specific maturity dimension: technical, manufacturing, integration, infrastructure, safety, or economics."
Technology / scale trigger,Maglev trains scale trigger: Corridor demand must justify dedicated guideway investment.,readiness/economics claim + engineering inference,Maglev trains,Lithium; Electrolytes; Graphite; Copper; Rare earth elements; Metals and alloys; Electrolytes,,energy penalty; infrastructure gap; reliability gap; maintenance burden,Corridor demand must justify dedicated guideway investment.,"Techno-economic analysis, pilot data, manufacturing learning, reliability, regulatory/permitting evidence",Needs claim-level verification,"Federal Railroad Administration. 2005. Report to Congress: Costs and Benefits of Magnetic Levitation. (https://railroads.dot.gov/sites/fra.dot.gov/files/fra_net/1176/maglev-sep05.pdf) | Huang, H. 2024. Development and Challenges of Maglev Transportation. IntechOpen. (https://www.intechopen.com/chapters/1206683) | U.S. Geological Survey. 2025. Mineral Commodity Summaries 2025. (https://pubs.usgs.gov/publication/mcs2025) | National Academies of Sciences, Engineering, and Medicine. 2024. Connected and Autonomous Vehicle Technology: Determining the Impact on State DOT Maintenance Programs. NCHRP Research Report 1084. (https://www.nationalacademies.org/read/27625) | Federal Aviation Administration. 2023. Advanced Air Mobility Implementation Plan: Innovate28. (https://www.faa.gov/sites/faa.gov/files/AAM-I28-Implementation-Plan.pdf) | NASA. 2026. Advanced Air Mobility Mission. (https://www.nasa.gov/mission/advanced-air-mobility/)",Tier 1 preferred; Tier 2 supplemental,Low-Medium,"Scale-trigger language is often inferential and should be verified with TEA, deployment data, or agency roadmap sources.",Phrase scale triggers as hypotheses unless a direct source supports the causal threshold.
Technology / realistic pathway,"Self-healing roads: Asphalt binders with microcapsules, induction heating materials, recycled polymers, and embedded sensors.",process-flow assumption + engineering inference,Self-healing roads,Polymers; Water; Catalysts; Polymers; Catalysts,Heat exchange; Coating; Curing; Filtration,energy penalty; material degradation; heat management; reliability gap,Materials work in trials; lifecycle economics must beat conventional resurfacing.,"Direct sources for process route, materials, bottlenecks, readiness, economics, and safety/regulatory issues",Supported as starter-sourced framing,"Anupam, B. R., et al. 2022. A methodological review on self-healing asphalt pavements. Construction and Building Materials. (https://www.sciencedirect.com/science/article/abs/pii/S0950061822000897) | Abejón, R. 2021. Self-Healing Asphalt: A Systematic Bibliometric Analysis. Materials. (https://pmc.ncbi.nlm.nih.gov/articles/PMC7865384/) | Jwaida, Z., et al. 2024. The self-healing performance of asphalt binder and mixtures. Innovative Infrastructure Solutions. (https://link.springer.com/article/10.1007/s41062-024-01547-w) | Wang, S., and M. W. Urban. 2020. Self-healing polymers. Nature Reviews Materials. (https://ui.adsabs.harvard.edu/abs/2020NatRM...5..562W/abstract) | International Energy Agency. 2025. Global Critical Minerals Outlook 2025. (https://www.iea.org/reports/global-critical-minerals-outlook-2025) | U.S. Geological Survey. 2025. Mineral Commodity Summaries 2025. (https://pubs.usgs.gov/publication/mcs2025)",Tier 1 preferred; Tier 2 supplemental,Medium,"Source set supports the process framing, but individual claims require direct verification.","Verify numbers, economics, timelines, and performance separately. Keep Self-healing roads wording qualified around economics, timelines, and performance unless claim-level evidence is added."
Technology / simplified PFD,Self-healing roads is represented with the simplified PFD sequence: Asphalt formulation → Road paving → Damage sensing → Healing activation → Performance monitoring.,process-flow assumption,Self-healing roads,Polymers; Water; Catalysts; Polymers; Catalysts,Heat exchange; Coating; Curing; Filtration,energy penalty; material degradation; heat management; reliability gap,Materials work in trials; lifecycle economics must beat conventional resurfacing.,Process-route sources showing actual major unit operations or system blocks,Supported as starter-sourced framing,"Anupam, B. R., et al. 2022. A methodological review on self-healing asphalt pavements. Construction and Building Materials. (https://www.sciencedirect.com/science/article/abs/pii/S0950061822000897) | Abejón, R. 2021. Self-Healing Asphalt: A Systematic Bibliometric Analysis. Materials. (https://pmc.ncbi.nlm.nih.gov/articles/PMC7865384/) | Jwaida, Z., et al. 2024. The self-healing performance of asphalt binder and mixtures. Innovative Infrastructure Solutions. (https://link.springer.com/article/10.1007/s41062-024-01547-w) | Wang, S., and M. W. Urban. 2020. Self-healing polymers. Nature Reviews Materials. (https://ui.adsabs.harvard.edu/abs/2020NatRM...5..562W/abstract) | International Energy Agency. 2025. Global Critical Minerals Outlook 2025. (https://www.iea.org/reports/global-critical-minerals-outlook-2025) | U.S. Geological Survey. 2025. Mineral Commodity Summaries 2025. (https://pubs.usgs.gov/publication/mcs2025)",Tier 1 preferred; Tier 2 supplemental,Medium,Mini-PFDs are simplified; exact process routes can vary by architecture/vendor/design.,Treat the mini-PFD as a teaching abstraction unless a source directly supports the sequence.
Technology / readiness gap,Self-healing roads readiness gap: Materials work in trials; lifecycle economics must beat conventional resurfacing.,readiness/economics claim,Self-healing roads,Polymers; Water; Catalysts; Polymers; Catalysts,Heat exchange; Coating; Curing; Filtration,energy penalty; material degradation; heat management; reliability gap,Materials work in trials; lifecycle economics must beat conventional resurfacing.,TRL/MRL/IRL plus domain-specific demonstration/commercialization sources,Supported as starter-sourced framing,"Anupam, B. R., et al. 2022. A methodological review on self-healing asphalt pavements. Construction and Building Materials. (https://www.sciencedirect.com/science/article/abs/pii/S0950061822000897) | Abejón, R. 2021. Self-Healing Asphalt: A Systematic Bibliometric Analysis. Materials. (https://pmc.ncbi.nlm.nih.gov/articles/PMC7865384/) | Jwaida, Z., et al. 2024. The self-healing performance of asphalt binder and mixtures. Innovative Infrastructure Solutions. (https://link.springer.com/article/10.1007/s41062-024-01547-w) | Wang, S., and M. W. Urban. 2020. Self-healing polymers. Nature Reviews Materials. (https://ui.adsabs.harvard.edu/abs/2020NatRM...5..562W/abstract) | International Energy Agency. 2025. Global Critical Minerals Outlook 2025. (https://www.iea.org/reports/global-critical-minerals-outlook-2025) | U.S. Geological Survey. 2025. Mineral Commodity Summaries 2025. (https://pubs.usgs.gov/publication/mcs2025)",Tier 1 preferred; Tier 2 supplemental,Medium,"Source set supports the process framing, but individual claims require direct verification.","Qualify readiness gaps with the specific maturity dimension: technical, manufacturing, integration, infrastructure, safety, or economics."
Technology / scale trigger,"Self-healing roads scale trigger: Healing performance must persist under traffic, weather, and maintenance.",readiness/economics claim + engineering inference,Self-healing roads,Polymers; Water; Catalysts; Polymers; Catalysts,Heat exchange; Coating; Curing; Filtration,energy penalty; material degradation; heat management; reliability gap,"Healing performance must persist under traffic, weather, and maintenance.","Techno-economic analysis, pilot data, manufacturing learning, reliability, regulatory/permitting evidence",Needs claim-level verification,"Anupam, B. R., et al. 2022. A methodological review on self-healing asphalt pavements. Construction and Building Materials. (https://www.sciencedirect.com/science/article/abs/pii/S0950061822000897) | Abejón, R. 2021. Self-Healing Asphalt: A Systematic Bibliometric Analysis. Materials. (https://pmc.ncbi.nlm.nih.gov/articles/PMC7865384/) | Jwaida, Z., et al. 2024. The self-healing performance of asphalt binder and mixtures. Innovative Infrastructure Solutions. (https://link.springer.com/article/10.1007/s41062-024-01547-w) | Wang, S., and M. W. Urban. 2020. Self-healing polymers. Nature Reviews Materials. (https://ui.adsabs.harvard.edu/abs/2020NatRM...5..562W/abstract) | International Energy Agency. 2025. Global Critical Minerals Outlook 2025. (https://www.iea.org/reports/global-critical-minerals-outlook-2025) | U.S. Geological Survey. 2025. Mineral Commodity Summaries 2025. (https://pubs.usgs.gov/publication/mcs2025)",Tier 1 preferred; Tier 2 supplemental,Low-Medium,"Scale-trigger language is often inferential and should be verified with TEA, deployment data, or agency roadmap sources.",Phrase scale triggers as hypotheses unless a direct source supports the causal threshold.
Technology / realistic pathway,"Robotic construction fleets: Autonomous earthmoving, robotic layout, concrete printing, machine vision, BIM integration, and safety controls.",process-flow assumption + engineering inference,Robotic construction fleets,Cement/concrete chemistries; Water; Catalysts; Cementitious materials; Mineral aggregates; Catalysts,,safety risk; data/control problem; quality-control challenge; scale-up uncertainty,"Robots handle specific tasks, but full construction sites change constantly.","Direct sources for process route, materials, bottlenecks, readiness, economics, and safety/regulatory issues",Supported as starter-sourced framing,"Melenbrink, N., Werfel, J., and Menges, A. 2020. On-site autonomous construction robots: Toward unsupervised building. Automation in Construction. (https://www.sciencedirect.com/science/article/abs/pii/S0926580520301746) | Parascho, S. 2023. Construction Robotics: From Automation to Collaboration. Annual Review of Control, Robotics, and Autonomous Systems. (https://www.annualreviews.org/content/journals/10.1146/annurev-control-080122-090049) | NIOSH. 2024. Transforming Construction: Automation and Robotics for a Safer Future. (https://www.cdc.gov/niosh/bulletin/2024/construction-robotics.html) | National Academies of Sciences, Engineering, and Medicine. 2024. Options for a National Plan for Smart Manufacturing. (https://www.nationalacademies.org/publications/27260) | National Institute of Standards and Technology. 2024. Smart Manufacturing. (https://www.nist.gov/smart-manufacturing) | Helu, M. M., et al. 2020. Connecting, Deploying, and Using the Smart Manufacturing Systems Test Bed. NIST. (https://www.nist.gov/publications/connecting-deploying-and-using-smart-manufacturing-systems-test-bed)",Tier 1 preferred; Tier 2 supplemental,Medium,"Source set supports the process framing, but individual claims require direct verification.","Verify numbers, economics, timelines, and performance separately. Keep Robotic construction fleets wording qualified around economics, timelines, and performance unless claim-level evidence is added."
Technology / simplified PFD,Robotic construction fleets is represented with the simplified PFD sequence: Digital design → Robotic site prep → Automated construction → Inspection → Handoff.,process-flow assumption,Robotic construction fleets,Cement/concrete chemistries; Water; Catalysts; Cementitious materials; Mineral aggregates; Catalysts,,safety risk; data/control problem; quality-control challenge; scale-up uncertainty,"Robots handle specific tasks, but full construction sites change constantly.",Process-route sources showing actual major unit operations or system blocks,Supported as starter-sourced framing,"Melenbrink, N., Werfel, J., and Menges, A. 2020. On-site autonomous construction robots: Toward unsupervised building. Automation in Construction. (https://www.sciencedirect.com/science/article/abs/pii/S0926580520301746) | Parascho, S. 2023. Construction Robotics: From Automation to Collaboration. Annual Review of Control, Robotics, and Autonomous Systems. (https://www.annualreviews.org/content/journals/10.1146/annurev-control-080122-090049) | NIOSH. 2024. Transforming Construction: Automation and Robotics for a Safer Future. (https://www.cdc.gov/niosh/bulletin/2024/construction-robotics.html) | National Academies of Sciences, Engineering, and Medicine. 2024. Options for a National Plan for Smart Manufacturing. (https://www.nationalacademies.org/publications/27260) | National Institute of Standards and Technology. 2024. Smart Manufacturing. (https://www.nist.gov/smart-manufacturing) | Helu, M. M., et al. 2020. Connecting, Deploying, and Using the Smart Manufacturing Systems Test Bed. NIST. (https://www.nist.gov/publications/connecting-deploying-and-using-smart-manufacturing-systems-test-bed)",Tier 1 preferred; Tier 2 supplemental,Medium,Mini-PFDs are simplified; exact process routes can vary by architecture/vendor/design.,Treat the mini-PFD as a teaching abstraction unless a source directly supports the sequence.
Technology / readiness gap,"Robotic construction fleets readiness gap: Robots handle specific tasks, but full construction sites change constantly.",readiness/economics claim,Robotic construction fleets,Cement/concrete chemistries; Water; Catalysts; Cementitious materials; Mineral aggregates; Catalysts,,safety risk; data/control problem; quality-control challenge; scale-up uncertainty,"Robots handle specific tasks, but full construction sites change constantly.",TRL/MRL/IRL plus domain-specific demonstration/commercialization sources,Supported as starter-sourced framing,"Melenbrink, N., Werfel, J., and Menges, A. 2020. On-site autonomous construction robots: Toward unsupervised building. Automation in Construction. (https://www.sciencedirect.com/science/article/abs/pii/S0926580520301746) | Parascho, S. 2023. Construction Robotics: From Automation to Collaboration. Annual Review of Control, Robotics, and Autonomous Systems. (https://www.annualreviews.org/content/journals/10.1146/annurev-control-080122-090049) | NIOSH. 2024. Transforming Construction: Automation and Robotics for a Safer Future. (https://www.cdc.gov/niosh/bulletin/2024/construction-robotics.html) | National Academies of Sciences, Engineering, and Medicine. 2024. Options for a National Plan for Smart Manufacturing. (https://www.nationalacademies.org/publications/27260) | National Institute of Standards and Technology. 2024. Smart Manufacturing. (https://www.nist.gov/smart-manufacturing) | Helu, M. M., et al. 2020. Connecting, Deploying, and Using the Smart Manufacturing Systems Test Bed. NIST. (https://www.nist.gov/publications/connecting-deploying-and-using-smart-manufacturing-systems-test-bed)",Tier 1 preferred; Tier 2 supplemental,Medium,"Source set supports the process framing, but individual claims require direct verification.","Qualify readiness gaps with the specific maturity dimension: technical, manufacturing, integration, infrastructure, safety, or economics."
Technology / scale trigger,"Robotic construction fleets scale trigger: Autonomy must be reliable around people, weather, and material variability.",readiness/economics claim + engineering inference,Robotic construction fleets,Cement/concrete chemistries; Water; Catalysts; Cementitious materials; Mineral aggregates; Catalysts,,safety risk; data/control problem; quality-control challenge; scale-up uncertainty,"Autonomy must be reliable around people, weather, and material variability.","Techno-economic analysis, pilot data, manufacturing learning, reliability, regulatory/permitting evidence",Needs claim-level verification,"Melenbrink, N., Werfel, J., and Menges, A. 2020. On-site autonomous construction robots: Toward unsupervised building. Automation in Construction. (https://www.sciencedirect.com/science/article/abs/pii/S0926580520301746) | Parascho, S. 2023. Construction Robotics: From Automation to Collaboration. Annual Review of Control, Robotics, and Autonomous Systems. (https://www.annualreviews.org/content/journals/10.1146/annurev-control-080122-090049) | NIOSH. 2024. Transforming Construction: Automation and Robotics for a Safer Future. (https://www.cdc.gov/niosh/bulletin/2024/construction-robotics.html) | National Academies of Sciences, Engineering, and Medicine. 2024. Options for a National Plan for Smart Manufacturing. (https://www.nationalacademies.org/publications/27260) | National Institute of Standards and Technology. 2024. Smart Manufacturing. (https://www.nist.gov/smart-manufacturing) | Helu, M. M., et al. 2020. Connecting, Deploying, and Using the Smart Manufacturing Systems Test Bed. NIST. (https://www.nist.gov/publications/connecting-deploying-and-using-smart-manufacturing-systems-test-bed)",Tier 1 preferred; Tier 2 supplemental,Low-Medium,"Scale-trigger language is often inferential and should be verified with TEA, deployment data, or agency roadmap sources.",Phrase scale triggers as hypotheses unless a direct source supports the causal threshold.
Technology / realistic pathway,"Smart highways: Embedded sensors, V2X communication, dynamic signage, charging lanes, and predictive maintenance.",process-flow assumption + engineering inference,Smart highways,Copper; Water; Catalysts; Catalysts,,infrastructure gap; regulatory barrier; reliability gap; maintenance burden,"Pilot corridors exist, but national interoperability is immature.","Direct sources for process route, materials, bottlenecks, readiness, economics, and safety/regulatory issues",Supported as starter-sourced framing,"Gopalakrishna, D., et al. 2021. Impacts of Automated Vehicles on Highway Infrastructure. Federal Highway Administration. (https://www.fhwa.dot.gov/publications/research/operations/21015/21015.pdf) | National Academies of Sciences, Engineering, and Medicine. 2024. Connected and Autonomous Vehicle Technology: Determining the Impact on State DOT Maintenance Programs. NCHRP Research Report 1084. (https://www.nationalacademies.org/read/27625) | Trubia, S., et al. 2020. Smart Roads: An Overview of What Future Mobility Will Look Like. Infrastructures. (https://www.iris.unict.it/retrieve/dfe4d22e-2622-bb0a-e053-d805fe0a78d9/infrastructures-smart%20roads05-00107.pdf) | Federal Transit Administration. 2025. Strategic Transit Automation Research Plan 2.0: 2023–2028. (https://www.transit.dot.gov/sites/fta.dot.gov/files/2025-02/FTA-Report-0264-STAR2.0.pdf) | Federal Aviation Administration. 2023. Advanced Air Mobility Implementation Plan: Innovate28. (https://www.faa.gov/sites/faa.gov/files/AAM-I28-Implementation-Plan.pdf) | NASA. 2026. Advanced Air Mobility Mission. (https://www.nasa.gov/mission/advanced-air-mobility/)",Tier 1 preferred; Tier 2 supplemental,Medium,"Source set supports the process framing, but individual claims require direct verification.","Verify numbers, economics, timelines, and performance separately. Keep Smart highways wording qualified around economics, timelines, and performance unless claim-level evidence is added."
Technology / simplified PFD,Smart highways is represented with the simplified PFD sequence: Road sensors → Data network → Vehicle communication → Traffic/control response → Maintenance feedback.,process-flow assumption,Smart highways,Copper; Water; Catalysts; Catalysts,,infrastructure gap; regulatory barrier; reliability gap; maintenance burden,"Pilot corridors exist, but national interoperability is immature.",Process-route sources showing actual major unit operations or system blocks,Supported as starter-sourced framing,"Gopalakrishna, D., et al. 2021. Impacts of Automated Vehicles on Highway Infrastructure. Federal Highway Administration. (https://www.fhwa.dot.gov/publications/research/operations/21015/21015.pdf) | National Academies of Sciences, Engineering, and Medicine. 2024. Connected and Autonomous Vehicle Technology: Determining the Impact on State DOT Maintenance Programs. NCHRP Research Report 1084. (https://www.nationalacademies.org/read/27625) | Trubia, S., et al. 2020. Smart Roads: An Overview of What Future Mobility Will Look Like. Infrastructures. (https://www.iris.unict.it/retrieve/dfe4d22e-2622-bb0a-e053-d805fe0a78d9/infrastructures-smart%20roads05-00107.pdf) | Federal Transit Administration. 2025. Strategic Transit Automation Research Plan 2.0: 2023–2028. (https://www.transit.dot.gov/sites/fta.dot.gov/files/2025-02/FTA-Report-0264-STAR2.0.pdf) | Federal Aviation Administration. 2023. Advanced Air Mobility Implementation Plan: Innovate28. (https://www.faa.gov/sites/faa.gov/files/AAM-I28-Implementation-Plan.pdf) | NASA. 2026. Advanced Air Mobility Mission. (https://www.nasa.gov/mission/advanced-air-mobility/)",Tier 1 preferred; Tier 2 supplemental,Medium,Mini-PFDs are simplified; exact process routes can vary by architecture/vendor/design.,Treat the mini-PFD as a teaching abstraction unless a source directly supports the sequence.
Technology / readiness gap,"Smart highways readiness gap: Pilot corridors exist, but national interoperability is immature.",readiness/economics claim,Smart highways,Copper; Water; Catalysts; Catalysts,,infrastructure gap; regulatory barrier; reliability gap; maintenance burden,"Pilot corridors exist, but national interoperability is immature.",TRL/MRL/IRL plus domain-specific demonstration/commercialization sources,Supported as starter-sourced framing,"Gopalakrishna, D., et al. 2021. Impacts of Automated Vehicles on Highway Infrastructure. Federal Highway Administration. (https://www.fhwa.dot.gov/publications/research/operations/21015/21015.pdf) | National Academies of Sciences, Engineering, and Medicine. 2024. Connected and Autonomous Vehicle Technology: Determining the Impact on State DOT Maintenance Programs. NCHRP Research Report 1084. (https://www.nationalacademies.org/read/27625) | Trubia, S., et al. 2020. Smart Roads: An Overview of What Future Mobility Will Look Like. Infrastructures. (https://www.iris.unict.it/retrieve/dfe4d22e-2622-bb0a-e053-d805fe0a78d9/infrastructures-smart%20roads05-00107.pdf) | Federal Transit Administration. 2025. Strategic Transit Automation Research Plan 2.0: 2023–2028. (https://www.transit.dot.gov/sites/fta.dot.gov/files/2025-02/FTA-Report-0264-STAR2.0.pdf) | Federal Aviation Administration. 2023. Advanced Air Mobility Implementation Plan: Innovate28. (https://www.faa.gov/sites/faa.gov/files/AAM-I28-Implementation-Plan.pdf) | NASA. 2026. Advanced Air Mobility Mission. (https://www.nasa.gov/mission/advanced-air-mobility/)",Tier 1 preferred; Tier 2 supplemental,Medium,"Source set supports the process framing, but individual claims require direct verification.","Qualify readiness gaps with the specific maturity dimension: technical, manufacturing, integration, infrastructure, safety, or economics."
Technology / scale trigger,Smart highways scale trigger: Vehicle and infrastructure standards must converge.,readiness/economics claim + engineering inference,Smart highways,Copper; Water; Catalysts; Catalysts,,infrastructure gap; regulatory barrier; reliability gap; maintenance burden,Vehicle and infrastructure standards must converge.,"Techno-economic analysis, pilot data, manufacturing learning, reliability, regulatory/permitting evidence",Needs claim-level verification,"Gopalakrishna, D., et al. 2021. Impacts of Automated Vehicles on Highway Infrastructure. Federal Highway Administration. (https://www.fhwa.dot.gov/publications/research/operations/21015/21015.pdf) | National Academies of Sciences, Engineering, and Medicine. 2024. Connected and Autonomous Vehicle Technology: Determining the Impact on State DOT Maintenance Programs. NCHRP Research Report 1084. (https://www.nationalacademies.org/read/27625) | Trubia, S., et al. 2020. Smart Roads: An Overview of What Future Mobility Will Look Like. Infrastructures. (https://www.iris.unict.it/retrieve/dfe4d22e-2622-bb0a-e053-d805fe0a78d9/infrastructures-smart%20roads05-00107.pdf) | Federal Transit Administration. 2025. Strategic Transit Automation Research Plan 2.0: 2023–2028. (https://www.transit.dot.gov/sites/fta.dot.gov/files/2025-02/FTA-Report-0264-STAR2.0.pdf) | Federal Aviation Administration. 2023. Advanced Air Mobility Implementation Plan: Innovate28. (https://www.faa.gov/sites/faa.gov/files/AAM-I28-Implementation-Plan.pdf) | NASA. 2026. Advanced Air Mobility Mission. (https://www.nasa.gov/mission/advanced-air-mobility/)",Tier 1 preferred; Tier 2 supplemental,Low-Medium,"Scale-trigger language is often inferential and should be verified with TEA, deployment data, or agency roadmap sources.",Phrase scale triggers as hypotheses unless a direct source supports the causal threshold.
Technology / realistic pathway,"Wireless road charging: Inductive coils, power electronics, vehicle receivers, billing systems, and grid upgrades.",process-flow assumption + engineering inference,Wireless road charging,Lithium; Electrolytes; Graphite; Copper; Electrodes; Electrolytes,Membrane separation; Filtration; Wastewater treatment,energy penalty; infrastructure gap; cost curve problem; data/control problem,Demonstrations work; deployment depends on road construction economics.,"Direct sources for process route, materials, bottlenecks, readiness, economics, and safety/regulatory issues",Supported as starter-sourced framing,"International Energy Agency. 2025. Global Critical Minerals Outlook 2025. (https://www.iea.org/reports/global-critical-minerals-outlook-2025) | U.S. Geological Survey. 2025. Mineral Commodity Summaries 2025. (https://pubs.usgs.gov/publication/mcs2025) | National Academies of Sciences, Engineering, and Medicine. 2020. Deployment of Deep Decarbonization Technologies. (https://www.nationalacademies.org/read/25656/chapter/6) | U.S. Department of Energy. 2023. Pathways to Commercial Liftoff: Long Duration Energy Storage. (https://www.energy.gov/sites/default/files/2023-09/Pathways%20to%20Commercial%20Liftoff%20Long%20Duration%20Energy%20Storage%20Opportunities_508.pdf) | U.S. Department of Energy Building Technologies Office. 2023. Better Windows, Better Outcomes: How Electrochromics Improve Health, Productivity, and Efficiency. (https://www.energy.gov/sites/default/files/2023-12/bto-electrochromic-window-report-121123.pdf) | Dohlman, E., C. Weber, and Y. Lee. 2024. Trends, Insights, and Future Prospects for Production in Controlled Environment Agriculture and Agrivoltaics. USDA ERS. (https://ers.usda.gov/sites/default/files/_laserfiche/publications/108221/EIB-264.pdf)",Tier 1 preferred; Tier 2 supplemental,Medium,"Source set supports the process framing, but individual claims require direct verification.","Verify numbers, economics, timelines, and performance separately. Keep Wireless road charging wording qualified around economics, timelines, and performance unless claim-level evidence is added."
Technology / simplified PFD,Wireless road charging is represented with the simplified PFD sequence: Grid power → Roadside coils → Vehicle receiver → Battery charging → Billing/control.,process-flow assumption,Wireless road charging,Lithium; Electrolytes; Graphite; Copper; Electrodes; Electrolytes,Membrane separation; Filtration; Wastewater treatment,energy penalty; infrastructure gap; cost curve problem; data/control problem,Demonstrations work; deployment depends on road construction economics.,Process-route sources showing actual major unit operations or system blocks,Supported as starter-sourced framing,"International Energy Agency. 2025. Global Critical Minerals Outlook 2025. (https://www.iea.org/reports/global-critical-minerals-outlook-2025) | U.S. Geological Survey. 2025. Mineral Commodity Summaries 2025. (https://pubs.usgs.gov/publication/mcs2025) | National Academies of Sciences, Engineering, and Medicine. 2020. Deployment of Deep Decarbonization Technologies. (https://www.nationalacademies.org/read/25656/chapter/6) | U.S. Department of Energy. 2023. Pathways to Commercial Liftoff: Long Duration Energy Storage. (https://www.energy.gov/sites/default/files/2023-09/Pathways%20to%20Commercial%20Liftoff%20Long%20Duration%20Energy%20Storage%20Opportunities_508.pdf) | U.S. Department of Energy Building Technologies Office. 2023. Better Windows, Better Outcomes: How Electrochromics Improve Health, Productivity, and Efficiency. (https://www.energy.gov/sites/default/files/2023-12/bto-electrochromic-window-report-121123.pdf) | Dohlman, E., C. Weber, and Y. Lee. 2024. Trends, Insights, and Future Prospects for Production in Controlled Environment Agriculture and Agrivoltaics. USDA ERS. (https://ers.usda.gov/sites/default/files/_laserfiche/publications/108221/EIB-264.pdf)",Tier 1 preferred; Tier 2 supplemental,Medium,Mini-PFDs are simplified; exact process routes can vary by architecture/vendor/design.,Treat the mini-PFD as a teaching abstraction unless a source directly supports the sequence.
Technology / readiness gap,Wireless road charging readiness gap: Demonstrations work; deployment depends on road construction economics.,readiness/economics claim,Wireless road charging,Lithium; Electrolytes; Graphite; Copper; Electrodes; Electrolytes,Membrane separation; Filtration; Wastewater treatment,energy penalty; infrastructure gap; cost curve problem; data/control problem,Demonstrations work; deployment depends on road construction economics.,TRL/MRL/IRL plus domain-specific demonstration/commercialization sources,Supported as starter-sourced framing,"International Energy Agency. 2025. Global Critical Minerals Outlook 2025. (https://www.iea.org/reports/global-critical-minerals-outlook-2025) | U.S. Geological Survey. 2025. Mineral Commodity Summaries 2025. (https://pubs.usgs.gov/publication/mcs2025) | National Academies of Sciences, Engineering, and Medicine. 2020. Deployment of Deep Decarbonization Technologies. (https://www.nationalacademies.org/read/25656/chapter/6) | U.S. Department of Energy. 2023. Pathways to Commercial Liftoff: Long Duration Energy Storage. (https://www.energy.gov/sites/default/files/2023-09/Pathways%20to%20Commercial%20Liftoff%20Long%20Duration%20Energy%20Storage%20Opportunities_508.pdf) | U.S. Department of Energy Building Technologies Office. 2023. Better Windows, Better Outcomes: How Electrochromics Improve Health, Productivity, and Efficiency. (https://www.energy.gov/sites/default/files/2023-12/bto-electrochromic-window-report-121123.pdf) | Dohlman, E., C. Weber, and Y. Lee. 2024. Trends, Insights, and Future Prospects for Production in Controlled Environment Agriculture and Agrivoltaics. USDA ERS. (https://ers.usda.gov/sites/default/files/_laserfiche/publications/108221/EIB-264.pdf)",Tier 1 preferred; Tier 2 supplemental,Medium,"Source set supports the process framing, but individual claims require direct verification.","Qualify readiness gaps with the specific maturity dimension: technical, manufacturing, integration, infrastructure, safety, or economics."
Technology / scale trigger,"Wireless road charging scale trigger: Charging lanes must be shared, efficient, and compatible across vehicles.",readiness/economics claim + engineering inference,Wireless road charging,Lithium; Electrolytes; Graphite; Copper; Electrodes; Electrolytes,Membrane separation; Filtration; Wastewater treatment,energy penalty; infrastructure gap; cost curve problem; data/control problem,"Charging lanes must be shared, efficient, and compatible across vehicles.","Techno-economic analysis, pilot data, manufacturing learning, reliability, regulatory/permitting evidence",Needs claim-level verification,"International Energy Agency. 2025. Global Critical Minerals Outlook 2025. (https://www.iea.org/reports/global-critical-minerals-outlook-2025) | U.S. Geological Survey. 2025. Mineral Commodity Summaries 2025. (https://pubs.usgs.gov/publication/mcs2025) | National Academies of Sciences, Engineering, and Medicine. 2020. Deployment of Deep Decarbonization Technologies. (https://www.nationalacademies.org/read/25656/chapter/6) | U.S. Department of Energy. 2023. Pathways to Commercial Liftoff: Long Duration Energy Storage. (https://www.energy.gov/sites/default/files/2023-09/Pathways%20to%20Commercial%20Liftoff%20Long%20Duration%20Energy%20Storage%20Opportunities_508.pdf) | U.S. Department of Energy Building Technologies Office. 2023. Better Windows, Better Outcomes: How Electrochromics Improve Health, Productivity, and Efficiency. (https://www.energy.gov/sites/default/files/2023-12/bto-electrochromic-window-report-121123.pdf) | Dohlman, E., C. Weber, and Y. Lee. 2024. Trends, Insights, and Future Prospects for Production in Controlled Environment Agriculture and Agrivoltaics. USDA ERS. (https://ers.usda.gov/sites/default/files/_laserfiche/publications/108221/EIB-264.pdf)",Tier 1 preferred; Tier 2 supplemental,Low-Medium,"Scale-trigger language is often inferential and should be verified with TEA, deployment data, or agency roadmap sources.",Phrase scale triggers as hypotheses unless a direct source supports the causal threshold.
Technology / realistic pathway,"Autonomous factories: Robotics, machine vision, sensors, process control, digital twins, predictive maintenance, and human oversight.",process-flow assumption + engineering inference,Autonomous factories,Water; Catalysts; Catalysts,Coating; Drying,reliability gap; maintenance burden; data/control problem; quality-control challenge,"Automated lines exist, but fully autonomous mixed production is rare.","Direct sources for process route, materials, bottlenecks, readiness, economics, and safety/regulatory issues",Supported as starter-sourced framing,"National Academies of Sciences, Engineering, and Medicine. 2024. Options for a National Plan for Smart Manufacturing. (https://www.nationalacademies.org/publications/27260) | National Institute of Standards and Technology. 2024. Smart Manufacturing. (https://www.nist.gov/smart-manufacturing) | Helu, M. M., et al. 2020. Connecting, Deploying, and Using the Smart Manufacturing Systems Test Bed. NIST. (https://www.nist.gov/publications/connecting-deploying-and-using-smart-manufacturing-systems-test-bed) | National Institute of Standards and Technology. 2024. Digital Twins for Advanced Manufacturing. (https://www.nist.gov/programs-projects/digital-twins-advanced-manufacturing) | White House / National Science and Technology Council. 2022. National Strategy for Advanced Manufacturing. (https://www.energy.gov/sites/default/files/2024-03/National-Strategy-for-Advanced-Manufacturing-10072022.pdf) | Ahrestani, Z., et al. 2023. An overview of atmospheric water harvesting methods. PMC / peer-reviewed review. (https://pmc.ncbi.nlm.nih.gov/articles/PMC10073925/)",Tier 1 preferred; Tier 2 supplemental,Medium,"Source set supports the process framing, but individual claims require direct verification.","Verify numbers, economics, timelines, and performance separately. Keep Autonomous factories wording qualified around economics, timelines, and performance unless claim-level evidence is added."
Technology / simplified PFD,Autonomous factories is represented with the simplified PFD sequence: Raw material intake → Automated processing → Inspection → Packaging → Feedback control.,process-flow assumption,Autonomous factories,Water; Catalysts; Catalysts,Coating; Drying,reliability gap; maintenance burden; data/control problem; quality-control challenge,"Automated lines exist, but fully autonomous mixed production is rare.",Process-route sources showing actual major unit operations or system blocks,Supported as starter-sourced framing,"National Academies of Sciences, Engineering, and Medicine. 2024. Options for a National Plan for Smart Manufacturing. (https://www.nationalacademies.org/publications/27260) | National Institute of Standards and Technology. 2024. Smart Manufacturing. (https://www.nist.gov/smart-manufacturing) | Helu, M. M., et al. 2020. Connecting, Deploying, and Using the Smart Manufacturing Systems Test Bed. NIST. (https://www.nist.gov/publications/connecting-deploying-and-using-smart-manufacturing-systems-test-bed) | National Institute of Standards and Technology. 2024. Digital Twins for Advanced Manufacturing. (https://www.nist.gov/programs-projects/digital-twins-advanced-manufacturing) | White House / National Science and Technology Council. 2022. National Strategy for Advanced Manufacturing. (https://www.energy.gov/sites/default/files/2024-03/National-Strategy-for-Advanced-Manufacturing-10072022.pdf) | Ahrestani, Z., et al. 2023. An overview of atmospheric water harvesting methods. PMC / peer-reviewed review. (https://pmc.ncbi.nlm.nih.gov/articles/PMC10073925/)",Tier 1 preferred; Tier 2 supplemental,Medium,Mini-PFDs are simplified; exact process routes can vary by architecture/vendor/design.,Treat the mini-PFD as a teaching abstraction unless a source directly supports the sequence.
Technology / readiness gap,"Autonomous factories readiness gap: Automated lines exist, but fully autonomous mixed production is rare.",readiness/economics claim,Autonomous factories,Water; Catalysts; Catalysts,Coating; Drying,reliability gap; maintenance burden; data/control problem; quality-control challenge,"Automated lines exist, but fully autonomous mixed production is rare.",TRL/MRL/IRL plus domain-specific demonstration/commercialization sources,Supported as starter-sourced framing,"National Academies of Sciences, Engineering, and Medicine. 2024. Options for a National Plan for Smart Manufacturing. (https://www.nationalacademies.org/publications/27260) | National Institute of Standards and Technology. 2024. Smart Manufacturing. (https://www.nist.gov/smart-manufacturing) | Helu, M. M., et al. 2020. Connecting, Deploying, and Using the Smart Manufacturing Systems Test Bed. NIST. (https://www.nist.gov/publications/connecting-deploying-and-using-smart-manufacturing-systems-test-bed) | National Institute of Standards and Technology. 2024. Digital Twins for Advanced Manufacturing. (https://www.nist.gov/programs-projects/digital-twins-advanced-manufacturing) | White House / National Science and Technology Council. 2022. National Strategy for Advanced Manufacturing. (https://www.energy.gov/sites/default/files/2024-03/National-Strategy-for-Advanced-Manufacturing-10072022.pdf) | Ahrestani, Z., et al. 2023. An overview of atmospheric water harvesting methods. PMC / peer-reviewed review. (https://pmc.ncbi.nlm.nih.gov/articles/PMC10073925/)",Tier 1 preferred; Tier 2 supplemental,Medium,"Source set supports the process framing, but individual claims require direct verification.","Qualify readiness gaps with the specific maturity dimension: technical, manufacturing, integration, infrastructure, safety, or economics."
Technology / scale trigger,Autonomous factories scale trigger: Systems must recover from abnormal conditions without hiding risk.,readiness/economics claim + engineering inference,Autonomous factories,Water; Catalysts; Catalysts,Coating; Drying,reliability gap; maintenance burden; data/control problem; quality-control challenge,Systems must recover from abnormal conditions without hiding risk.,"Techno-economic analysis, pilot data, manufacturing learning, reliability, regulatory/permitting evidence",Needs claim-level verification,"National Academies of Sciences, Engineering, and Medicine. 2024. Options for a National Plan for Smart Manufacturing. (https://www.nationalacademies.org/publications/27260) | National Institute of Standards and Technology. 2024. Smart Manufacturing. (https://www.nist.gov/smart-manufacturing) | Helu, M. M., et al. 2020. Connecting, Deploying, and Using the Smart Manufacturing Systems Test Bed. NIST. (https://www.nist.gov/publications/connecting-deploying-and-using-smart-manufacturing-systems-test-bed) | National Institute of Standards and Technology. 2024. Digital Twins for Advanced Manufacturing. (https://www.nist.gov/programs-projects/digital-twins-advanced-manufacturing) | White House / National Science and Technology Council. 2022. National Strategy for Advanced Manufacturing. (https://www.energy.gov/sites/default/files/2024-03/National-Strategy-for-Advanced-Manufacturing-10072022.pdf) | Ahrestani, Z., et al. 2023. An overview of atmospheric water harvesting methods. PMC / peer-reviewed review. (https://pmc.ncbi.nlm.nih.gov/articles/PMC10073925/)",Tier 1 preferred; Tier 2 supplemental,Low-Medium,"Scale-trigger language is often inferential and should be verified with TEA, deployment data, or agency roadmap sources.",Phrase scale triggers as hypotheses unless a direct source supports the causal threshold.
Technology / realistic pathway,"Factory-in-a-box: Modular process skids, standard utilities, automation, QA modules, and containerized production.",process-flow assumption + engineering inference,Factory-in-a-box,Water; Catalysts; Catalysts,Coating; Drying,supply-chain constraint; quality-control challenge; scale-up uncertainty,Containerized systems work for narrow products; flexible manufacturing is harder.,"Direct sources for process route, materials, bottlenecks, readiness, economics, and safety/regulatory issues",Supported as starter-sourced framing,"RAPID Manufacturing Institute / AIChE. Rapid Advancement in Process Intensification Deployment. (https://rapid.aiche.org/) | National Academies of Sciences, Engineering, and Medicine. 2024. Options for a National Plan for Smart Manufacturing. (https://www.nationalacademies.org/publications/27260) | Helu, M. M., et al. 2020. Connecting, Deploying, and Using the Smart Manufacturing Systems Test Bed. NIST. (https://www.nist.gov/publications/connecting-deploying-and-using-smart-manufacturing-systems-test-bed) | White House / National Science and Technology Council. 2022. National Strategy for Advanced Manufacturing. (https://www.energy.gov/sites/default/files/2024-03/National-Strategy-for-Advanced-Manufacturing-10072022.pdf) | National Institute of Standards and Technology. 2024. Smart Manufacturing. (https://www.nist.gov/smart-manufacturing) | National Institute of Standards and Technology. 2024. Digital Twins for Advanced Manufacturing. (https://www.nist.gov/programs-projects/digital-twins-advanced-manufacturing)",Tier 1 preferred; Tier 2 supplemental,Medium,"Source set supports the process framing, but individual claims require direct verification.","Verify numbers, economics, timelines, and performance separately. Keep Factory-in-a-box wording qualified around economics, timelines, and performance unless claim-level evidence is added."
Technology / simplified PFD,Factory-in-a-box is represented with the simplified PFD sequence: Feedstock → Modular process unit → Inspection → Packaged product → Service loop.,process-flow assumption,Factory-in-a-box,Water; Catalysts; Catalysts,Coating; Drying,supply-chain constraint; quality-control challenge; scale-up uncertainty,Containerized systems work for narrow products; flexible manufacturing is harder.,Process-route sources showing actual major unit operations or system blocks,Supported as starter-sourced framing,"RAPID Manufacturing Institute / AIChE. Rapid Advancement in Process Intensification Deployment. (https://rapid.aiche.org/) | National Academies of Sciences, Engineering, and Medicine. 2024. Options for a National Plan for Smart Manufacturing. (https://www.nationalacademies.org/publications/27260) | Helu, M. M., et al. 2020. Connecting, Deploying, and Using the Smart Manufacturing Systems Test Bed. NIST. (https://www.nist.gov/publications/connecting-deploying-and-using-smart-manufacturing-systems-test-bed) | White House / National Science and Technology Council. 2022. National Strategy for Advanced Manufacturing. (https://www.energy.gov/sites/default/files/2024-03/National-Strategy-for-Advanced-Manufacturing-10072022.pdf) | National Institute of Standards and Technology. 2024. Smart Manufacturing. (https://www.nist.gov/smart-manufacturing) | National Institute of Standards and Technology. 2024. Digital Twins for Advanced Manufacturing. (https://www.nist.gov/programs-projects/digital-twins-advanced-manufacturing)",Tier 1 preferred; Tier 2 supplemental,Medium,Mini-PFDs are simplified; exact process routes can vary by architecture/vendor/design.,Treat the mini-PFD as a teaching abstraction unless a source directly supports the sequence.
Technology / readiness gap,Factory-in-a-box readiness gap: Containerized systems work for narrow products; flexible manufacturing is harder.,readiness/economics claim,Factory-in-a-box,Water; Catalysts; Catalysts,Coating; Drying,supply-chain constraint; quality-control challenge; scale-up uncertainty,Containerized systems work for narrow products; flexible manufacturing is harder.,TRL/MRL/IRL plus domain-specific demonstration/commercialization sources,Supported as starter-sourced framing,"RAPID Manufacturing Institute / AIChE. Rapid Advancement in Process Intensification Deployment. (https://rapid.aiche.org/) | National Academies of Sciences, Engineering, and Medicine. 2024. Options for a National Plan for Smart Manufacturing. (https://www.nationalacademies.org/publications/27260) | Helu, M. M., et al. 2020. Connecting, Deploying, and Using the Smart Manufacturing Systems Test Bed. NIST. (https://www.nist.gov/publications/connecting-deploying-and-using-smart-manufacturing-systems-test-bed) | White House / National Science and Technology Council. 2022. National Strategy for Advanced Manufacturing. (https://www.energy.gov/sites/default/files/2024-03/National-Strategy-for-Advanced-Manufacturing-10072022.pdf) | National Institute of Standards and Technology. 2024. Smart Manufacturing. (https://www.nist.gov/smart-manufacturing) | National Institute of Standards and Technology. 2024. Digital Twins for Advanced Manufacturing. (https://www.nist.gov/programs-projects/digital-twins-advanced-manufacturing)",Tier 1 preferred; Tier 2 supplemental,Medium,"Source set supports the process framing, but individual claims require direct verification.","Qualify readiness gaps with the specific maturity dimension: technical, manufacturing, integration, infrastructure, safety, or economics."
Technology / scale trigger,Factory-in-a-box scale trigger: Modules must maintain validated quality across deployment sites.,readiness/economics claim + engineering inference,Factory-in-a-box,Water; Catalysts; Catalysts,Coating; Drying,supply-chain constraint; quality-control challenge; scale-up uncertainty,Modules must maintain validated quality across deployment sites.,"Techno-economic analysis, pilot data, manufacturing learning, reliability, regulatory/permitting evidence",Needs claim-level verification,"RAPID Manufacturing Institute / AIChE. Rapid Advancement in Process Intensification Deployment. (https://rapid.aiche.org/) | National Academies of Sciences, Engineering, and Medicine. 2024. Options for a National Plan for Smart Manufacturing. (https://www.nationalacademies.org/publications/27260) | Helu, M. M., et al. 2020. Connecting, Deploying, and Using the Smart Manufacturing Systems Test Bed. NIST. (https://www.nist.gov/publications/connecting-deploying-and-using-smart-manufacturing-systems-test-bed) | White House / National Science and Technology Council. 2022. National Strategy for Advanced Manufacturing. (https://www.energy.gov/sites/default/files/2024-03/National-Strategy-for-Advanced-Manufacturing-10072022.pdf) | National Institute of Standards and Technology. 2024. Smart Manufacturing. (https://www.nist.gov/smart-manufacturing) | National Institute of Standards and Technology. 2024. Digital Twins for Advanced Manufacturing. (https://www.nist.gov/programs-projects/digital-twins-advanced-manufacturing)",Tier 1 preferred; Tier 2 supplemental,Low-Medium,"Scale-trigger language is often inferential and should be verified with TEA, deployment data, or agency roadmap sources.",Phrase scale triggers as hypotheses unless a direct source supports the causal threshold.
Technology / realistic pathway,"Self-replicating manufacturing systems: Modular robotics, standardized parts, additive manufacturing, supply-chain libraries, and automated assembly.",process-flow assumption + engineering inference,Self-replicating manufacturing systems,Water; Catalysts; Catalysts,Coating; Drying,supply-chain constraint; data/control problem; scale-up uncertainty,"Partial automation exists, but complete replication needs broad component supply.","Direct sources for process route, materials, bottlenecks, readiness, economics, and safety/regulatory issues",Partially supported / needs cautious wording,"Freitas, R. A., and Gilbreath, W. P., eds. 1982. Advanced Automation for Space Missions. NASA Conference Publication 2255. (https://ntrs.nasa.gov/citations/19820045716) | Ellery, A. 2016. Are Self-Replicating Machines Feasible? (https://carleton.ca/ceser/wp-content/uploads/Are-self-replicating-machines-feasible.pdf) | Abdel-Rahman, A., et al. 2022. Self-replicating hierarchical modular robotic swarms. Communications Engineering. (https://www.nature.com/articles/s44172-022-00034-3) | RAPID Manufacturing Institute / AIChE. Rapid Advancement in Process Intensification Deployment. (https://rapid.aiche.org/) | National Academies of Sciences, Engineering, and Medicine. 2024. Options for a National Plan for Smart Manufacturing. (https://www.nationalacademies.org/publications/27260) | National Institute of Standards and Technology. 2024. Smart Manufacturing. (https://www.nist.gov/smart-manufacturing)",Tier 1 preferred; Tier 2 supplemental,Low-Medium,"Sources support adjacent mechanisms, components, or analogues, not the full system.","Frame as speculative analogue evidence. Keep Self-replicating manufacturing systems wording qualified around economics, timelines, and performance unless claim-level evidence is added."
Technology / simplified PFD,Self-replicating manufacturing systems is represented with the simplified PFD sequence: Raw materials → Part fabrication → Assembly → Calibration → Replication.,process-flow assumption,Self-replicating manufacturing systems,Water; Catalysts; Catalysts,Coating; Drying,supply-chain constraint; data/control problem; scale-up uncertainty,"Partial automation exists, but complete replication needs broad component supply.",Process-route sources showing actual major unit operations or system blocks,Partially supported / needs cautious wording,"Freitas, R. A., and Gilbreath, W. P., eds. 1982. Advanced Automation for Space Missions. NASA Conference Publication 2255. (https://ntrs.nasa.gov/citations/19820045716) | Ellery, A. 2016. Are Self-Replicating Machines Feasible? (https://carleton.ca/ceser/wp-content/uploads/Are-self-replicating-machines-feasible.pdf) | Abdel-Rahman, A., et al. 2022. Self-replicating hierarchical modular robotic swarms. Communications Engineering. (https://www.nature.com/articles/s44172-022-00034-3) | RAPID Manufacturing Institute / AIChE. Rapid Advancement in Process Intensification Deployment. (https://rapid.aiche.org/) | National Academies of Sciences, Engineering, and Medicine. 2024. Options for a National Plan for Smart Manufacturing. (https://www.nationalacademies.org/publications/27260) | National Institute of Standards and Technology. 2024. Smart Manufacturing. (https://www.nist.gov/smart-manufacturing)",Tier 1 preferred; Tier 2 supplemental,Low-Medium,Mini-PFDs are simplified; exact process routes can vary by architecture/vendor/design.,Treat the mini-PFD as a teaching abstraction unless a source directly supports the sequence.
Technology / readiness gap,"Self-replicating manufacturing systems readiness gap: Partial automation exists, but complete replication needs broad component supply.",readiness/economics claim,Self-replicating manufacturing systems,Water; Catalysts; Catalysts,Coating; Drying,supply-chain constraint; data/control problem; scale-up uncertainty,"Partial automation exists, but complete replication needs broad component supply.",TRL/MRL/IRL plus domain-specific demonstration/commercialization sources,Partially supported / needs cautious wording,"Freitas, R. A., and Gilbreath, W. P., eds. 1982. Advanced Automation for Space Missions. NASA Conference Publication 2255. (https://ntrs.nasa.gov/citations/19820045716) | Ellery, A. 2016. Are Self-Replicating Machines Feasible? (https://carleton.ca/ceser/wp-content/uploads/Are-self-replicating-machines-feasible.pdf) | Abdel-Rahman, A., et al. 2022. Self-replicating hierarchical modular robotic swarms. Communications Engineering. (https://www.nature.com/articles/s44172-022-00034-3) | RAPID Manufacturing Institute / AIChE. Rapid Advancement in Process Intensification Deployment. (https://rapid.aiche.org/) | National Academies of Sciences, Engineering, and Medicine. 2024. Options for a National Plan for Smart Manufacturing. (https://www.nationalacademies.org/publications/27260) | National Institute of Standards and Technology. 2024. Smart Manufacturing. (https://www.nist.gov/smart-manufacturing)",Tier 1 preferred; Tier 2 supplemental,Low-Medium,"Sources support adjacent mechanisms, components, or analogues, not the full system.","Qualify readiness gaps with the specific maturity dimension: technical, manufacturing, integration, infrastructure, safety, or economics."
Technology / scale trigger,Self-replicating manufacturing systems scale trigger: Machines must fabricate enough of their own precision components to matter.,readiness/economics claim + engineering inference,Self-replicating manufacturing systems,Water; Catalysts; Catalysts,Coating; Drying,supply-chain constraint; data/control problem; scale-up uncertainty,Machines must fabricate enough of their own precision components to matter.,"Techno-economic analysis, pilot data, manufacturing learning, reliability, regulatory/permitting evidence",Partially supported / needs cautious wording,"Freitas, R. A., and Gilbreath, W. P., eds. 1982. Advanced Automation for Space Missions. NASA Conference Publication 2255. (https://ntrs.nasa.gov/citations/19820045716) | Ellery, A. 2016. Are Self-Replicating Machines Feasible? (https://carleton.ca/ceser/wp-content/uploads/Are-self-replicating-machines-feasible.pdf) | Abdel-Rahman, A., et al. 2022. Self-replicating hierarchical modular robotic swarms. Communications Engineering. (https://www.nature.com/articles/s44172-022-00034-3) | RAPID Manufacturing Institute / AIChE. Rapid Advancement in Process Intensification Deployment. (https://rapid.aiche.org/) | National Academies of Sciences, Engineering, and Medicine. 2024. Options for a National Plan for Smart Manufacturing. (https://www.nationalacademies.org/publications/27260) | National Institute of Standards and Technology. 2024. Smart Manufacturing. (https://www.nist.gov/smart-manufacturing)",Tier 1 preferred; Tier 2 supplemental,Low-Medium,"Scale-trigger language is often inferential and should be verified with TEA, deployment data, or agency roadmap sources.",Phrase scale triggers as hypotheses unless a direct source supports the causal threshold.
Technology / realistic pathway,"Molecular assemblers: Scanning probe systems, DNA origami, molecular machines, self-assembly, and nanolithography.",process-flow assumption + engineering inference,Molecular assemblers,Water; Catalysts; Catalysts,Lithography; Coating; Drying,energy penalty; low yield; manufacturing repeatability; supply-chain constraint,"Precision exists in research tools, not high-throughput production.","Direct sources for process route, materials, bottlenecks, readiness, economics, and safety/regulatory issues",Partially supported / needs cautious wording,"Engwerda, A. H. J., et al. 2020. A molecular assembler that produces polymers. Nature Communications. (https://www.nature.com/articles/s41467-020-17814-0) | Pitters, J., et al. 2024. Atomically Precise Manufacturing of Silicon Electronics. ACS / PMC. (https://pmc.ncbi.nlm.nih.gov/articles/PMC10919096/) | Umbrello, S. 2018. Evaluating future nanotechnology: The net societal impacts of atomically precise manufacturing. Futures. (https://www.sciencedirect.com/science/article/abs/pii/S0016328717301908) | Ellery, A. 2016. Are Self-Replicating Machines Feasible? (https://carleton.ca/ceser/wp-content/uploads/Are-self-replicating-machines-feasible.pdf) | National Academies of Sciences, Engineering, and Medicine. 2024. Options for a National Plan for Smart Manufacturing. (https://www.nationalacademies.org/publications/27260) | National Institute of Standards and Technology. 2024. Smart Manufacturing. (https://www.nist.gov/smart-manufacturing)",Tier 1 preferred; Tier 2 supplemental,Low-Medium,"Sources support adjacent mechanisms, components, or analogues, not the full system.","Frame as speculative analogue evidence. Keep Molecular assemblers wording qualified around economics, timelines, and performance unless claim-level evidence is added."
Technology / simplified PFD,Molecular assemblers is represented with the simplified PFD sequence: Molecular feedstocks → Directed assembly → Error correction → Product stabilization → Scale-out.,process-flow assumption,Molecular assemblers,Water; Catalysts; Catalysts,Lithography; Coating; Drying,energy penalty; low yield; manufacturing repeatability; supply-chain constraint,"Precision exists in research tools, not high-throughput production.",Process-route sources showing actual major unit operations or system blocks,Partially supported / needs cautious wording,"Engwerda, A. H. J., et al. 2020. A molecular assembler that produces polymers. Nature Communications. (https://www.nature.com/articles/s41467-020-17814-0) | Pitters, J., et al. 2024. Atomically Precise Manufacturing of Silicon Electronics. ACS / PMC. (https://pmc.ncbi.nlm.nih.gov/articles/PMC10919096/) | Umbrello, S. 2018. Evaluating future nanotechnology: The net societal impacts of atomically precise manufacturing. Futures. (https://www.sciencedirect.com/science/article/abs/pii/S0016328717301908) | Ellery, A. 2016. Are Self-Replicating Machines Feasible? (https://carleton.ca/ceser/wp-content/uploads/Are-self-replicating-machines-feasible.pdf) | National Academies of Sciences, Engineering, and Medicine. 2024. Options for a National Plan for Smart Manufacturing. (https://www.nationalacademies.org/publications/27260) | National Institute of Standards and Technology. 2024. Smart Manufacturing. (https://www.nist.gov/smart-manufacturing)",Tier 1 preferred; Tier 2 supplemental,Low-Medium,Mini-PFDs are simplified; exact process routes can vary by architecture/vendor/design.,Treat the mini-PFD as a teaching abstraction unless a source directly supports the sequence.
Technology / readiness gap,"Molecular assemblers readiness gap: Precision exists in research tools, not high-throughput production.",readiness/economics claim,Molecular assemblers,Water; Catalysts; Catalysts,Lithography; Coating; Drying,energy penalty; low yield; manufacturing repeatability; supply-chain constraint,"Precision exists in research tools, not high-throughput production.",TRL/MRL/IRL plus domain-specific demonstration/commercialization sources,Partially supported / needs cautious wording,"Engwerda, A. H. J., et al. 2020. A molecular assembler that produces polymers. Nature Communications. (https://www.nature.com/articles/s41467-020-17814-0) | Pitters, J., et al. 2024. Atomically Precise Manufacturing of Silicon Electronics. ACS / PMC. (https://pmc.ncbi.nlm.nih.gov/articles/PMC10919096/) | Umbrello, S. 2018. Evaluating future nanotechnology: The net societal impacts of atomically precise manufacturing. Futures. (https://www.sciencedirect.com/science/article/abs/pii/S0016328717301908) | Ellery, A. 2016. Are Self-Replicating Machines Feasible? (https://carleton.ca/ceser/wp-content/uploads/Are-self-replicating-machines-feasible.pdf) | National Academies of Sciences, Engineering, and Medicine. 2024. Options for a National Plan for Smart Manufacturing. (https://www.nationalacademies.org/publications/27260) | National Institute of Standards and Technology. 2024. Smart Manufacturing. (https://www.nist.gov/smart-manufacturing)",Tier 1 preferred; Tier 2 supplemental,Low-Medium,"Sources support adjacent mechanisms, components, or analogues, not the full system.","Qualify readiness gaps with the specific maturity dimension: technical, manufacturing, integration, infrastructure, safety, or economics."
Technology / scale trigger,Molecular assemblers scale trigger: Assembly must become massively parallel with reliable defect correction.,readiness/economics claim + engineering inference,Molecular assemblers,Water; Catalysts; Catalysts,Lithography; Coating; Drying,energy penalty; low yield; manufacturing repeatability; supply-chain constraint,Assembly must become massively parallel with reliable defect correction.,"Techno-economic analysis, pilot data, manufacturing learning, reliability, regulatory/permitting evidence",Partially supported / needs cautious wording,"Engwerda, A. H. J., et al. 2020. A molecular assembler that produces polymers. Nature Communications. (https://www.nature.com/articles/s41467-020-17814-0) | Pitters, J., et al. 2024. Atomically Precise Manufacturing of Silicon Electronics. ACS / PMC. (https://pmc.ncbi.nlm.nih.gov/articles/PMC10919096/) | Umbrello, S. 2018. Evaluating future nanotechnology: The net societal impacts of atomically precise manufacturing. Futures. (https://www.sciencedirect.com/science/article/abs/pii/S0016328717301908) | Ellery, A. 2016. Are Self-Replicating Machines Feasible? (https://carleton.ca/ceser/wp-content/uploads/Are-self-replicating-machines-feasible.pdf) | National Academies of Sciences, Engineering, and Medicine. 2024. Options for a National Plan for Smart Manufacturing. (https://www.nationalacademies.org/publications/27260) | National Institute of Standards and Technology. 2024. Smart Manufacturing. (https://www.nist.gov/smart-manufacturing)",Tier 1 preferred; Tier 2 supplemental,Low-Medium,"Scale-trigger language is often inferential and should be verified with TEA, deployment data, or agency roadmap sources.",Phrase scale triggers as hypotheses unless a direct source supports the causal threshold.
Technology / realistic pathway,"Programmable matter: Metamaterials, embedded actuation, responsive polymers, microelectronics, and distributed control.",process-flow assumption + engineering inference,Programmable matter,Copper; Polymers; Polymers,Coating; Curing; Filtration,energy penalty; data/control problem; scale-up uncertainty,Programmable structures exist at small scales; useful macro products remain limited.,"Direct sources for process route, materials, bottlenecks, readiness, economics, and safety/regulatory issues",Partially supported / needs cautious wording,"Goldstein, S. C., et al. Claytronics: A Scalable Basis for Future Robots. Carnegie Mellon University. (https://kilthub.cmu.edu/articles/journal_contribution/Claytronics_A_Scalable_Basis_For_Future_Robots/6604088) | Hwang, D., et al. 2022. Shape morphing mechanical metamaterials through reversible plasticity. Science Robotics. (https://www.science.org/doi/10.1126/scirobotics.abg2171) | Programmable shape-morphing of rose-shaped mechanical metamaterials. 2022. APL Materials. (https://pubs.aip.org/aip/apm/article/10/8/080701/2834994/Programmable-shape-morphing-of-rose-shaped) | Abdel-Rahman, A., et al. 2022. Self-replicating hierarchical modular robotic swarms. Communications Engineering. (https://www.nature.com/articles/s44172-022-00034-3) | International Energy Agency. 2025. Global Critical Minerals Outlook 2025. (https://www.iea.org/reports/global-critical-minerals-outlook-2025) | U.S. Geological Survey. 2025. Mineral Commodity Summaries 2025. (https://pubs.usgs.gov/publication/mcs2025)",Tier 1 preferred; Tier 2 supplemental,Low-Medium,"Sources support adjacent mechanisms, components, or analogues, not the full system.","Frame as speculative analogue evidence. Keep Programmable matter wording qualified around economics, timelines, and performance unless claim-level evidence is added."
Technology / simplified PFD,Programmable matter is represented with the simplified PFD sequence: Material fabrication → Actuator integration → Sensing/control → Shape response → Reset.,process-flow assumption,Programmable matter,Copper; Polymers; Polymers,Coating; Curing; Filtration,energy penalty; data/control problem; scale-up uncertainty,Programmable structures exist at small scales; useful macro products remain limited.,Process-route sources showing actual major unit operations or system blocks,Partially supported / needs cautious wording,"Goldstein, S. C., et al. Claytronics: A Scalable Basis for Future Robots. Carnegie Mellon University. (https://kilthub.cmu.edu/articles/journal_contribution/Claytronics_A_Scalable_Basis_For_Future_Robots/6604088) | Hwang, D., et al. 2022. Shape morphing mechanical metamaterials through reversible plasticity. Science Robotics. (https://www.science.org/doi/10.1126/scirobotics.abg2171) | Programmable shape-morphing of rose-shaped mechanical metamaterials. 2022. APL Materials. (https://pubs.aip.org/aip/apm/article/10/8/080701/2834994/Programmable-shape-morphing-of-rose-shaped) | Abdel-Rahman, A., et al. 2022. Self-replicating hierarchical modular robotic swarms. Communications Engineering. (https://www.nature.com/articles/s44172-022-00034-3) | International Energy Agency. 2025. Global Critical Minerals Outlook 2025. (https://www.iea.org/reports/global-critical-minerals-outlook-2025) | U.S. Geological Survey. 2025. Mineral Commodity Summaries 2025. (https://pubs.usgs.gov/publication/mcs2025)",Tier 1 preferred; Tier 2 supplemental,Low-Medium,Mini-PFDs are simplified; exact process routes can vary by architecture/vendor/design.,Treat the mini-PFD as a teaching abstraction unless a source directly supports the sequence.
Technology / readiness gap,Programmable matter readiness gap: Programmable structures exist at small scales; useful macro products remain limited.,readiness/economics claim,Programmable matter,Copper; Polymers; Polymers,Coating; Curing; Filtration,energy penalty; data/control problem; scale-up uncertainty,Programmable structures exist at small scales; useful macro products remain limited.,TRL/MRL/IRL plus domain-specific demonstration/commercialization sources,Partially supported / needs cautious wording,"Goldstein, S. C., et al. Claytronics: A Scalable Basis for Future Robots. Carnegie Mellon University. (https://kilthub.cmu.edu/articles/journal_contribution/Claytronics_A_Scalable_Basis_For_Future_Robots/6604088) | Hwang, D., et al. 2022. Shape morphing mechanical metamaterials through reversible plasticity. Science Robotics. (https://www.science.org/doi/10.1126/scirobotics.abg2171) | Programmable shape-morphing of rose-shaped mechanical metamaterials. 2022. APL Materials. (https://pubs.aip.org/aip/apm/article/10/8/080701/2834994/Programmable-shape-morphing-of-rose-shaped) | Abdel-Rahman, A., et al. 2022. Self-replicating hierarchical modular robotic swarms. Communications Engineering. (https://www.nature.com/articles/s44172-022-00034-3) | International Energy Agency. 2025. Global Critical Minerals Outlook 2025. (https://www.iea.org/reports/global-critical-minerals-outlook-2025) | U.S. Geological Survey. 2025. Mineral Commodity Summaries 2025. (https://pubs.usgs.gov/publication/mcs2025)",Tier 1 preferred; Tier 2 supplemental,Low-Medium,"Sources support adjacent mechanisms, components, or analogues, not the full system.","Qualify readiness gaps with the specific maturity dimension: technical, manufacturing, integration, infrastructure, safety, or economics."
Technology / scale trigger,"Programmable matter scale trigger: Actuation, sensing, and power must be manufacturable inside the material.",readiness/economics claim + engineering inference,Programmable matter,Copper; Polymers; Polymers,Coating; Curing; Filtration,energy penalty; data/control problem; scale-up uncertainty,"Actuation, sensing, and power must be manufacturable inside the material.","Techno-economic analysis, pilot data, manufacturing learning, reliability, regulatory/permitting evidence",Partially supported / needs cautious wording,"Goldstein, S. C., et al. Claytronics: A Scalable Basis for Future Robots. Carnegie Mellon University. (https://kilthub.cmu.edu/articles/journal_contribution/Claytronics_A_Scalable_Basis_For_Future_Robots/6604088) | Hwang, D., et al. 2022. Shape morphing mechanical metamaterials through reversible plasticity. Science Robotics. (https://www.science.org/doi/10.1126/scirobotics.abg2171) | Programmable shape-morphing of rose-shaped mechanical metamaterials. 2022. APL Materials. (https://pubs.aip.org/aip/apm/article/10/8/080701/2834994/Programmable-shape-morphing-of-rose-shaped) | Abdel-Rahman, A., et al. 2022. Self-replicating hierarchical modular robotic swarms. Communications Engineering. (https://www.nature.com/articles/s44172-022-00034-3) | International Energy Agency. 2025. Global Critical Minerals Outlook 2025. (https://www.iea.org/reports/global-critical-minerals-outlook-2025) | U.S. Geological Survey. 2025. Mineral Commodity Summaries 2025. (https://pubs.usgs.gov/publication/mcs2025)",Tier 1 preferred; Tier 2 supplemental,Low-Medium,"Scale-trigger language is often inferential and should be verified with TEA, deployment data, or agency roadmap sources.",Phrase scale triggers as hypotheses unless a direct source supports the causal threshold.
Technology / realistic pathway,"Swarm robotics: Low-cost robots, distributed algorithms, localization, charging, task coordination, and fault tolerance.",process-flow assumption + engineering inference,Swarm robotics,Lithium; Electrolytes; Graphite; Copper; Electrolytes,,energy penalty; reliability gap; maintenance burden; cost curve problem,Swarm demos exist; real-world reliability and task value are uneven.,"Direct sources for process route, materials, bottlenecks, readiness, economics, and safety/regulatory issues",Supported as starter-sourced framing,"Dorigo, M., et al. 2021. Swarm Robotics: Past, Present, and Future. Proceedings of the IEEE. (https://crca.cbi-toulouse.fr/wp-content/uploads/2022/04/123.pdf) | Shahzad, M. M., et al. 2023. A Review of Swarm Robotics in a Nutshell. Drones 7(4), 269. (https://www.mdpi.com/2504-446X/7/4/269) | Dias, P. G. F., et al. 2021. Swarm Robotics: A Perspective on the Latest Reviewed Concepts and Applications. Sensors. (https://pure.hw.ac.uk/ws/portalfiles/portal/44447821/sensors_21_02062.pdf) | National Academies of Sciences, Engineering, and Medicine. 2024. Options for a National Plan for Smart Manufacturing. (https://www.nationalacademies.org/publications/27260) | National Institute of Standards and Technology. 2024. Smart Manufacturing. (https://www.nist.gov/smart-manufacturing) | Helu, M. M., et al. 2020. Connecting, Deploying, and Using the Smart Manufacturing Systems Test Bed. NIST. (https://www.nist.gov/publications/connecting-deploying-and-using-smart-manufacturing-systems-test-bed)",Tier 1 preferred; Tier 2 supplemental,Medium,"Source set supports the process framing, but individual claims require direct verification.","Verify numbers, economics, timelines, and performance separately. Keep Swarm robotics wording qualified around economics, timelines, and performance unless claim-level evidence is added."
Technology / simplified PFD,Swarm robotics is represented with the simplified PFD sequence: Task input → Swarm coordination → Local action → Feedback → Mission update.,process-flow assumption,Swarm robotics,Lithium; Electrolytes; Graphite; Copper; Electrolytes,,energy penalty; reliability gap; maintenance burden; cost curve problem,Swarm demos exist; real-world reliability and task value are uneven.,Process-route sources showing actual major unit operations or system blocks,Supported as starter-sourced framing,"Dorigo, M., et al. 2021. Swarm Robotics: Past, Present, and Future. Proceedings of the IEEE. (https://crca.cbi-toulouse.fr/wp-content/uploads/2022/04/123.pdf) | Shahzad, M. M., et al. 2023. A Review of Swarm Robotics in a Nutshell. Drones 7(4), 269. (https://www.mdpi.com/2504-446X/7/4/269) | Dias, P. G. F., et al. 2021. Swarm Robotics: A Perspective on the Latest Reviewed Concepts and Applications. Sensors. (https://pure.hw.ac.uk/ws/portalfiles/portal/44447821/sensors_21_02062.pdf) | National Academies of Sciences, Engineering, and Medicine. 2024. Options for a National Plan for Smart Manufacturing. (https://www.nationalacademies.org/publications/27260) | National Institute of Standards and Technology. 2024. Smart Manufacturing. (https://www.nist.gov/smart-manufacturing) | Helu, M. M., et al. 2020. Connecting, Deploying, and Using the Smart Manufacturing Systems Test Bed. NIST. (https://www.nist.gov/publications/connecting-deploying-and-using-smart-manufacturing-systems-test-bed)",Tier 1 preferred; Tier 2 supplemental,Medium,Mini-PFDs are simplified; exact process routes can vary by architecture/vendor/design.,Treat the mini-PFD as a teaching abstraction unless a source directly supports the sequence.
Technology / readiness gap,Swarm robotics readiness gap: Swarm demos exist; real-world reliability and task value are uneven.,readiness/economics claim,Swarm robotics,Lithium; Electrolytes; Graphite; Copper; Electrolytes,,energy penalty; reliability gap; maintenance burden; cost curve problem,Swarm demos exist; real-world reliability and task value are uneven.,TRL/MRL/IRL plus domain-specific demonstration/commercialization sources,Supported as starter-sourced framing,"Dorigo, M., et al. 2021. Swarm Robotics: Past, Present, and Future. Proceedings of the IEEE. (https://crca.cbi-toulouse.fr/wp-content/uploads/2022/04/123.pdf) | Shahzad, M. M., et al. 2023. A Review of Swarm Robotics in a Nutshell. Drones 7(4), 269. (https://www.mdpi.com/2504-446X/7/4/269) | Dias, P. G. F., et al. 2021. Swarm Robotics: A Perspective on the Latest Reviewed Concepts and Applications. Sensors. (https://pure.hw.ac.uk/ws/portalfiles/portal/44447821/sensors_21_02062.pdf) | National Academies of Sciences, Engineering, and Medicine. 2024. Options for a National Plan for Smart Manufacturing. (https://www.nationalacademies.org/publications/27260) | National Institute of Standards and Technology. 2024. Smart Manufacturing. (https://www.nist.gov/smart-manufacturing) | Helu, M. M., et al. 2020. Connecting, Deploying, and Using the Smart Manufacturing Systems Test Bed. NIST. (https://www.nist.gov/publications/connecting-deploying-and-using-smart-manufacturing-systems-test-bed)",Tier 1 preferred; Tier 2 supplemental,Medium,"Source set supports the process framing, but individual claims require direct verification.","Qualify readiness gaps with the specific maturity dimension: technical, manufacturing, integration, infrastructure, safety, or economics."
Technology / scale trigger,Swarm robotics scale trigger: Individual failures must not collapse mission performance.,readiness/economics claim + engineering inference,Swarm robotics,Lithium; Electrolytes; Graphite; Copper; Electrolytes,,energy penalty; reliability gap; maintenance burden; cost curve problem,Individual failures must not collapse mission performance.,"Techno-economic analysis, pilot data, manufacturing learning, reliability, regulatory/permitting evidence",Needs claim-level verification,"Dorigo, M., et al. 2021. Swarm Robotics: Past, Present, and Future. Proceedings of the IEEE. (https://crca.cbi-toulouse.fr/wp-content/uploads/2022/04/123.pdf) | Shahzad, M. M., et al. 2023. A Review of Swarm Robotics in a Nutshell. Drones 7(4), 269. (https://www.mdpi.com/2504-446X/7/4/269) | Dias, P. G. F., et al. 2021. Swarm Robotics: A Perspective on the Latest Reviewed Concepts and Applications. Sensors. (https://pure.hw.ac.uk/ws/portalfiles/portal/44447821/sensors_21_02062.pdf) | National Academies of Sciences, Engineering, and Medicine. 2024. Options for a National Plan for Smart Manufacturing. (https://www.nationalacademies.org/publications/27260) | National Institute of Standards and Technology. 2024. Smart Manufacturing. (https://www.nist.gov/smart-manufacturing) | Helu, M. M., et al. 2020. Connecting, Deploying, and Using the Smart Manufacturing Systems Test Bed. NIST. (https://www.nist.gov/publications/connecting-deploying-and-using-smart-manufacturing-systems-test-bed)",Tier 1 preferred; Tier 2 supplemental,Low-Medium,"Scale-trigger language is often inferential and should be verified with TEA, deployment data, or agency roadmap sources.",Phrase scale triggers as hypotheses unless a direct source supports the causal threshold.
Technology / realistic pathway,"Robotic maintenance cities: Inspection drones, crawling robots, machine vision, repair materials, and scheduling systems.",process-flow assumption + engineering inference,Robotic maintenance cities,Water; Catalysts; Catalysts,,low yield; manufacturing repeatability; infrastructure gap; regulatory barrier,Inspection is advancing faster than autonomous repair.,"Direct sources for process route, materials, bottlenecks, readiness, economics, and safety/regulatory issues",Supported as starter-sourced framing,"Melenbrink, N., Werfel, J., and Menges, A. 2020. On-site autonomous construction robots: Toward unsupervised building. Automation in Construction. (https://www.sciencedirect.com/science/article/abs/pii/S0926580520301746) | Dias, P. G. F., et al. 2021. Swarm Robotics: A Perspective on the Latest Reviewed Concepts and Applications. Sensors. (https://pure.hw.ac.uk/ws/portalfiles/portal/44447821/sensors_21_02062.pdf) | NIOSH. 2024. Transforming Construction: Automation and Robotics for a Safer Future. (https://www.cdc.gov/niosh/bulletin/2024/construction-robotics.html) | National Academies of Sciences, Engineering, and Medicine. 2024. Connected and Autonomous Vehicle Technology: Determining the Impact on State DOT Maintenance Programs. NCHRP Research Report 1084. (https://www.nationalacademies.org/read/27625) | National Academies of Sciences, Engineering, and Medicine. 2024. Options for a National Plan for Smart Manufacturing. (https://www.nationalacademies.org/publications/27260) | National Institute of Standards and Technology. 2024. Smart Manufacturing. (https://www.nist.gov/smart-manufacturing)",Tier 1 preferred; Tier 2 supplemental,Medium,"Source set supports the process framing, but individual claims require direct verification.","Verify numbers, economics, timelines, and performance separately. Keep Robotic maintenance cities wording qualified around economics, timelines, and performance unless claim-level evidence is added."
Technology / simplified PFD,Robotic maintenance cities is represented with the simplified PFD sequence: Inspection → Defect detection → Repair dispatch → Material application → Verification.,process-flow assumption,Robotic maintenance cities,Water; Catalysts; Catalysts,,low yield; manufacturing repeatability; infrastructure gap; regulatory barrier,Inspection is advancing faster than autonomous repair.,Process-route sources showing actual major unit operations or system blocks,Supported as starter-sourced framing,"Melenbrink, N., Werfel, J., and Menges, A. 2020. On-site autonomous construction robots: Toward unsupervised building. Automation in Construction. (https://www.sciencedirect.com/science/article/abs/pii/S0926580520301746) | Dias, P. G. F., et al. 2021. Swarm Robotics: A Perspective on the Latest Reviewed Concepts and Applications. Sensors. (https://pure.hw.ac.uk/ws/portalfiles/portal/44447821/sensors_21_02062.pdf) | NIOSH. 2024. Transforming Construction: Automation and Robotics for a Safer Future. (https://www.cdc.gov/niosh/bulletin/2024/construction-robotics.html) | National Academies of Sciences, Engineering, and Medicine. 2024. Connected and Autonomous Vehicle Technology: Determining the Impact on State DOT Maintenance Programs. NCHRP Research Report 1084. (https://www.nationalacademies.org/read/27625) | National Academies of Sciences, Engineering, and Medicine. 2024. Options for a National Plan for Smart Manufacturing. (https://www.nationalacademies.org/publications/27260) | National Institute of Standards and Technology. 2024. Smart Manufacturing. (https://www.nist.gov/smart-manufacturing)",Tier 1 preferred; Tier 2 supplemental,Medium,Mini-PFDs are simplified; exact process routes can vary by architecture/vendor/design.,Treat the mini-PFD as a teaching abstraction unless a source directly supports the sequence.
Technology / readiness gap,Robotic maintenance cities readiness gap: Inspection is advancing faster than autonomous repair.,readiness/economics claim,Robotic maintenance cities,Water; Catalysts; Catalysts,,low yield; manufacturing repeatability; infrastructure gap; regulatory barrier,Inspection is advancing faster than autonomous repair.,TRL/MRL/IRL plus domain-specific demonstration/commercialization sources,Supported as starter-sourced framing,"Melenbrink, N., Werfel, J., and Menges, A. 2020. On-site autonomous construction robots: Toward unsupervised building. Automation in Construction. (https://www.sciencedirect.com/science/article/abs/pii/S0926580520301746) | Dias, P. G. F., et al. 2021. Swarm Robotics: A Perspective on the Latest Reviewed Concepts and Applications. Sensors. (https://pure.hw.ac.uk/ws/portalfiles/portal/44447821/sensors_21_02062.pdf) | NIOSH. 2024. Transforming Construction: Automation and Robotics for a Safer Future. (https://www.cdc.gov/niosh/bulletin/2024/construction-robotics.html) | National Academies of Sciences, Engineering, and Medicine. 2024. Connected and Autonomous Vehicle Technology: Determining the Impact on State DOT Maintenance Programs. NCHRP Research Report 1084. (https://www.nationalacademies.org/read/27625) | National Academies of Sciences, Engineering, and Medicine. 2024. Options for a National Plan for Smart Manufacturing. (https://www.nationalacademies.org/publications/27260) | National Institute of Standards and Technology. 2024. Smart Manufacturing. (https://www.nist.gov/smart-manufacturing)",Tier 1 preferred; Tier 2 supplemental,Medium,"Source set supports the process framing, but individual claims require direct verification.","Qualify readiness gaps with the specific maturity dimension: technical, manufacturing, integration, infrastructure, safety, or economics."
Technology / scale trigger,Robotic maintenance cities scale trigger: Robotic repairs must meet the same standards as human crews.,readiness/economics claim + engineering inference,Robotic maintenance cities,Water; Catalysts; Catalysts,,low yield; manufacturing repeatability; infrastructure gap; regulatory barrier,Robotic repairs must meet the same standards as human crews.,"Techno-economic analysis, pilot data, manufacturing learning, reliability, regulatory/permitting evidence",Needs claim-level verification,"Melenbrink, N., Werfel, J., and Menges, A. 2020. On-site autonomous construction robots: Toward unsupervised building. Automation in Construction. (https://www.sciencedirect.com/science/article/abs/pii/S0926580520301746) | Dias, P. G. F., et al. 2021. Swarm Robotics: A Perspective on the Latest Reviewed Concepts and Applications. Sensors. (https://pure.hw.ac.uk/ws/portalfiles/portal/44447821/sensors_21_02062.pdf) | NIOSH. 2024. Transforming Construction: Automation and Robotics for a Safer Future. (https://www.cdc.gov/niosh/bulletin/2024/construction-robotics.html) | National Academies of Sciences, Engineering, and Medicine. 2024. Connected and Autonomous Vehicle Technology: Determining the Impact on State DOT Maintenance Programs. NCHRP Research Report 1084. (https://www.nationalacademies.org/read/27625) | National Academies of Sciences, Engineering, and Medicine. 2024. Options for a National Plan for Smart Manufacturing. (https://www.nationalacademies.org/publications/27260) | National Institute of Standards and Technology. 2024. Smart Manufacturing. (https://www.nist.gov/smart-manufacturing)",Tier 1 preferred; Tier 2 supplemental,Low-Medium,"Scale-trigger language is often inferential and should be verified with TEA, deployment data, or agency roadmap sources.",Phrase scale triggers as hypotheses unless a direct source supports the causal threshold.
Technology / realistic pathway,"Additive manufacturing of metal parts: Powder production, laser or electron-beam melting, thermal control, in-situ monitoring, post-processing, and qualification.",process-flow assumption + engineering inference,Additive manufacturing of metal parts,Water; Catalysts; Metals and alloys; Catalysts,Heat exchange; Coating; Drying,energy penalty; low yield; manufacturing repeatability; heat management,"High-value parts are real; commodity substitution needs faster, cheaper, certified processes.","Direct sources for process route, materials, bottlenecks, readiness, economics, and safety/regulatory issues",Supported as starter-sourced framing,"National Academies of Sciences, Engineering, and Medicine. 2024. Options for a National Plan for Smart Manufacturing. (https://www.nationalacademies.org/publications/27260) | National Institute of Standards and Technology. 2024. Smart Manufacturing. (https://www.nist.gov/smart-manufacturing) | National Institute of Standards and Technology. 2024. Digital Twins for Advanced Manufacturing. (https://www.nist.gov/programs-projects/digital-twins-advanced-manufacturing) | White House / National Science and Technology Council. 2022. National Strategy for Advanced Manufacturing. (https://www.energy.gov/sites/default/files/2024-03/National-Strategy-for-Advanced-Manufacturing-10072022.pdf) | Helu, M. M., et al. 2020. Connecting, Deploying, and Using the Smart Manufacturing Systems Test Bed. NIST. (https://www.nist.gov/publications/connecting-deploying-and-using-smart-manufacturing-systems-test-bed) | Ahrestani, Z., et al. 2023. An overview of atmospheric water harvesting methods. PMC / peer-reviewed review. (https://pmc.ncbi.nlm.nih.gov/articles/PMC10073925/)",Tier 1 preferred; Tier 2 supplemental,Medium,"Source set supports the process framing, but individual claims require direct verification.","Verify numbers, economics, timelines, and performance separately. Keep Additive manufacturing of metal parts wording qualified around economics, timelines, and performance unless claim-level evidence is added."
Technology / simplified PFD,Additive manufacturing of metal parts is represented with the simplified PFD sequence: Metal powder → Layer deposition → Melting → Heat treatment → Inspection/certification.,process-flow assumption,Additive manufacturing of metal parts,Water; Catalysts; Metals and alloys; Catalysts,Heat exchange; Coating; Drying,energy penalty; low yield; manufacturing repeatability; heat management,"High-value parts are real; commodity substitution needs faster, cheaper, certified processes.",Process-route sources showing actual major unit operations or system blocks,Supported as starter-sourced framing,"National Academies of Sciences, Engineering, and Medicine. 2024. Options for a National Plan for Smart Manufacturing. (https://www.nationalacademies.org/publications/27260) | National Institute of Standards and Technology. 2024. Smart Manufacturing. (https://www.nist.gov/smart-manufacturing) | National Institute of Standards and Technology. 2024. Digital Twins for Advanced Manufacturing. (https://www.nist.gov/programs-projects/digital-twins-advanced-manufacturing) | White House / National Science and Technology Council. 2022. National Strategy for Advanced Manufacturing. (https://www.energy.gov/sites/default/files/2024-03/National-Strategy-for-Advanced-Manufacturing-10072022.pdf) | Helu, M. M., et al. 2020. Connecting, Deploying, and Using the Smart Manufacturing Systems Test Bed. NIST. (https://www.nist.gov/publications/connecting-deploying-and-using-smart-manufacturing-systems-test-bed) | Ahrestani, Z., et al. 2023. An overview of atmospheric water harvesting methods. PMC / peer-reviewed review. (https://pmc.ncbi.nlm.nih.gov/articles/PMC10073925/)",Tier 1 preferred; Tier 2 supplemental,Medium,Mini-PFDs are simplified; exact process routes can vary by architecture/vendor/design.,Treat the mini-PFD as a teaching abstraction unless a source directly supports the sequence.
Technology / readiness gap,"Additive manufacturing of metal parts readiness gap: High-value parts are real; commodity substitution needs faster, cheaper, certified processes.",readiness/economics claim,Additive manufacturing of metal parts,Water; Catalysts; Metals and alloys; Catalysts,Heat exchange; Coating; Drying,energy penalty; low yield; manufacturing repeatability; heat management,"High-value parts are real; commodity substitution needs faster, cheaper, certified processes.",TRL/MRL/IRL plus domain-specific demonstration/commercialization sources,Supported as starter-sourced framing,"National Academies of Sciences, Engineering, and Medicine. 2024. Options for a National Plan for Smart Manufacturing. (https://www.nationalacademies.org/publications/27260) | National Institute of Standards and Technology. 2024. Smart Manufacturing. (https://www.nist.gov/smart-manufacturing) | National Institute of Standards and Technology. 2024. Digital Twins for Advanced Manufacturing. (https://www.nist.gov/programs-projects/digital-twins-advanced-manufacturing) | White House / National Science and Technology Council. 2022. National Strategy for Advanced Manufacturing. (https://www.energy.gov/sites/default/files/2024-03/National-Strategy-for-Advanced-Manufacturing-10072022.pdf) | Helu, M. M., et al. 2020. Connecting, Deploying, and Using the Smart Manufacturing Systems Test Bed. NIST. (https://www.nist.gov/publications/connecting-deploying-and-using-smart-manufacturing-systems-test-bed) | Ahrestani, Z., et al. 2023. An overview of atmospheric water harvesting methods. PMC / peer-reviewed review. (https://pmc.ncbi.nlm.nih.gov/articles/PMC10073925/)",Tier 1 preferred; Tier 2 supplemental,Medium,"Source set supports the process framing, but individual claims require direct verification.","Qualify readiness gaps with the specific maturity dimension: technical, manufacturing, integration, infrastructure, safety, or economics."
Technology / scale trigger,Additive manufacturing of metal parts scale trigger: In-situ QA must predict part performance without excessive testing.,readiness/economics claim + engineering inference,Additive manufacturing of metal parts,Water; Catalysts; Metals and alloys; Catalysts,Heat exchange; Coating; Drying,energy penalty; low yield; manufacturing repeatability; heat management,In-situ QA must predict part performance without excessive testing.,"Techno-economic analysis, pilot data, manufacturing learning, reliability, regulatory/permitting evidence",Needs claim-level verification,"National Academies of Sciences, Engineering, and Medicine. 2024. Options for a National Plan for Smart Manufacturing. (https://www.nationalacademies.org/publications/27260) | National Institute of Standards and Technology. 2024. Smart Manufacturing. (https://www.nist.gov/smart-manufacturing) | National Institute of Standards and Technology. 2024. Digital Twins for Advanced Manufacturing. (https://www.nist.gov/programs-projects/digital-twins-advanced-manufacturing) | White House / National Science and Technology Council. 2022. National Strategy for Advanced Manufacturing. (https://www.energy.gov/sites/default/files/2024-03/National-Strategy-for-Advanced-Manufacturing-10072022.pdf) | Helu, M. M., et al. 2020. Connecting, Deploying, and Using the Smart Manufacturing Systems Test Bed. NIST. (https://www.nist.gov/publications/connecting-deploying-and-using-smart-manufacturing-systems-test-bed) | Ahrestani, Z., et al. 2023. An overview of atmospheric water harvesting methods. PMC / peer-reviewed review. (https://pmc.ncbi.nlm.nih.gov/articles/PMC10073925/)",Tier 1 preferred; Tier 2 supplemental,Low-Medium,"Scale-trigger language is often inferential and should be verified with TEA, deployment data, or agency roadmap sources.",Phrase scale triggers as hypotheses unless a direct source supports the causal threshold.
Technology / realistic pathway,"Roll-to-roll printed electronics: Conductive inks, flexible substrates, coating and printing tools, drying or sintering, registration control, and inspection.",process-flow assumption + engineering inference,Roll-to-roll printed electronics,Lithium; Electrolytes; Graphite; Copper; Cement/concrete chemistries; Conductive inks; Functional coatings; Binders; Electrolytes; Conductive inks,Drying; Coating; Curing; Sintering,low yield; manufacturing repeatability; heat management; data/control problem,Specific devices are manufacturable; dense high-performance electronics are harder.,"Direct sources for process route, materials, bottlenecks, readiness, economics, and safety/regulatory issues",Supported as starter-sourced framing,"Recent advances in conductive materials for printed electronics. 2024. Polymer Advanced Technologies. (https://onlinelibrary.wiley.com/doi/10.1002/pat.6581) | Corbett, B., et al. 2017. Transfer print techniques for heterogeneous integration of photonic components. Progress in Quantum Electronics. (https://www.sciencedirect.com/science/article/pii/S0079672717300010) | U.S. Department of Energy. 2015. Bandwidth Study on Energy Use and Potential Energy Saving Opportunities in U.S. Chemical Manufacturing. (https://www.energy.gov/cmei/ito/articles/bandwidth-study-us-chemical-manufacturing) | National Institute of Standards and Technology. 2024. Smart Manufacturing. (https://www.nist.gov/smart-manufacturing) | National Academies of Sciences, Engineering, and Medicine. 2024. Options for a National Plan for Smart Manufacturing. (https://www.nationalacademies.org/publications/27260) | Helu, M. M., et al. 2020. Connecting, Deploying, and Using the Smart Manufacturing Systems Test Bed. NIST. (https://www.nist.gov/publications/connecting-deploying-and-using-smart-manufacturing-systems-test-bed)",Tier 1 preferred; Tier 2 supplemental,Medium,"Source set supports the process framing, but individual claims require direct verification.","Verify numbers, economics, timelines, and performance separately. Keep Roll-to-roll printed electronics wording qualified around economics, timelines, and performance unless claim-level evidence is added."
Technology / simplified PFD,Roll-to-roll printed electronics is represented with the simplified PFD sequence: Ink formulation → Substrate prep → Printing/coating → Curing/sintering → Testing.,process-flow assumption,Roll-to-roll printed electronics,Lithium; Electrolytes; Graphite; Copper; Cement/concrete chemistries; Conductive inks; Functional coatings; Binders; Electrolytes; Conductive inks,Drying; Coating; Curing; Sintering,low yield; manufacturing repeatability; heat management; data/control problem,Specific devices are manufacturable; dense high-performance electronics are harder.,Process-route sources showing actual major unit operations or system blocks,Supported as starter-sourced framing,"Recent advances in conductive materials for printed electronics. 2024. Polymer Advanced Technologies. (https://onlinelibrary.wiley.com/doi/10.1002/pat.6581) | Corbett, B., et al. 2017. Transfer print techniques for heterogeneous integration of photonic components. Progress in Quantum Electronics. (https://www.sciencedirect.com/science/article/pii/S0079672717300010) | U.S. Department of Energy. 2015. Bandwidth Study on Energy Use and Potential Energy Saving Opportunities in U.S. Chemical Manufacturing. (https://www.energy.gov/cmei/ito/articles/bandwidth-study-us-chemical-manufacturing) | National Institute of Standards and Technology. 2024. Smart Manufacturing. (https://www.nist.gov/smart-manufacturing) | National Academies of Sciences, Engineering, and Medicine. 2024. Options for a National Plan for Smart Manufacturing. (https://www.nationalacademies.org/publications/27260) | Helu, M. M., et al. 2020. Connecting, Deploying, and Using the Smart Manufacturing Systems Test Bed. NIST. (https://www.nist.gov/publications/connecting-deploying-and-using-smart-manufacturing-systems-test-bed)",Tier 1 preferred; Tier 2 supplemental,Medium,Mini-PFDs are simplified; exact process routes can vary by architecture/vendor/design.,Treat the mini-PFD as a teaching abstraction unless a source directly supports the sequence.
Technology / readiness gap,Roll-to-roll printed electronics readiness gap: Specific devices are manufacturable; dense high-performance electronics are harder.,readiness/economics claim,Roll-to-roll printed electronics,Lithium; Electrolytes; Graphite; Copper; Cement/concrete chemistries; Conductive inks; Functional coatings; Binders; Electrolytes; Conductive inks,Drying; Coating; Curing; Sintering,low yield; manufacturing repeatability; heat management; data/control problem,Specific devices are manufacturable; dense high-performance electronics are harder.,TRL/MRL/IRL plus domain-specific demonstration/commercialization sources,Supported as starter-sourced framing,"Recent advances in conductive materials for printed electronics. 2024. Polymer Advanced Technologies. (https://onlinelibrary.wiley.com/doi/10.1002/pat.6581) | Corbett, B., et al. 2017. Transfer print techniques for heterogeneous integration of photonic components. Progress in Quantum Electronics. (https://www.sciencedirect.com/science/article/pii/S0079672717300010) | U.S. Department of Energy. 2015. Bandwidth Study on Energy Use and Potential Energy Saving Opportunities in U.S. Chemical Manufacturing. (https://www.energy.gov/cmei/ito/articles/bandwidth-study-us-chemical-manufacturing) | National Institute of Standards and Technology. 2024. Smart Manufacturing. (https://www.nist.gov/smart-manufacturing) | National Academies of Sciences, Engineering, and Medicine. 2024. Options for a National Plan for Smart Manufacturing. (https://www.nationalacademies.org/publications/27260) | Helu, M. M., et al. 2020. Connecting, Deploying, and Using the Smart Manufacturing Systems Test Bed. NIST. (https://www.nist.gov/publications/connecting-deploying-and-using-smart-manufacturing-systems-test-bed)",Tier 1 preferred; Tier 2 supplemental,Medium,"Source set supports the process framing, but individual claims require direct verification.","Qualify readiness gaps with the specific maturity dimension: technical, manufacturing, integration, infrastructure, safety, or economics."
Technology / scale trigger,Roll-to-roll printed electronics scale trigger: Printing yield must meet electronics-grade defect limits.,readiness/economics claim + engineering inference,Roll-to-roll printed electronics,Lithium; Electrolytes; Graphite; Copper; Cement/concrete chemistries; Conductive inks; Functional coatings; Binders; Electrolytes; Conductive inks,Drying; Coating; Curing; Sintering,low yield; manufacturing repeatability; heat management; data/control problem,Printing yield must meet electronics-grade defect limits.,"Techno-economic analysis, pilot data, manufacturing learning, reliability, regulatory/permitting evidence",Needs claim-level verification,"Recent advances in conductive materials for printed electronics. 2024. Polymer Advanced Technologies. (https://onlinelibrary.wiley.com/doi/10.1002/pat.6581) | Corbett, B., et al. 2017. Transfer print techniques for heterogeneous integration of photonic components. Progress in Quantum Electronics. (https://www.sciencedirect.com/science/article/pii/S0079672717300010) | U.S. Department of Energy. 2015. Bandwidth Study on Energy Use and Potential Energy Saving Opportunities in U.S. Chemical Manufacturing. (https://www.energy.gov/cmei/ito/articles/bandwidth-study-us-chemical-manufacturing) | National Institute of Standards and Technology. 2024. Smart Manufacturing. (https://www.nist.gov/smart-manufacturing) | National Academies of Sciences, Engineering, and Medicine. 2024. Options for a National Plan for Smart Manufacturing. (https://www.nationalacademies.org/publications/27260) | Helu, M. M., et al. 2020. Connecting, Deploying, and Using the Smart Manufacturing Systems Test Bed. NIST. (https://www.nist.gov/publications/connecting-deploying-and-using-smart-manufacturing-systems-test-bed)",Tier 1 preferred; Tier 2 supplemental,Low-Medium,"Scale-trigger language is often inferential and should be verified with TEA, deployment data, or agency roadmap sources.",Phrase scale triggers as hypotheses unless a direct source supports the causal threshold.
Technology / realistic pathway,"Micromodular printed electronics: Microdevice fabrication, release into inks, controlled deposition, substrate boundary control, printed interconnects, and inspection.",process-flow assumption + engineering inference,Micromodular printed electronics,Lithium; Electrolytes; Graphite; Copper; Cement/concrete chemistries; Conductive inks; Cementitious materials; Mineral aggregates; Electrolytes; Conductive inks,Coating; Drying,low yield; manufacturing repeatability; reliability gap; maintenance burden,"Promising for hybrid electronics, but precision placement at speed is difficult.","Direct sources for process route, materials, bottlenecks, readiness, economics, and safety/regulatory issues",Supported as starter-sourced framing,"Roelkens, G., et al. 2024. Present and future of micro-transfer printing for heterogeneous integration. APL Photonics. (https://pubs.aip.org/aip/app/article/9/1/010901/2932278/Present-and-future-of-micro-transfer-printing-for) | Corbett, B., et al. 2017. Transfer print techniques for heterogeneous integration of photonic components. Progress in Quantum Electronics. (https://www.sciencedirect.com/science/article/pii/S0079672717300010) | Recent advances in conductive materials for printed electronics. 2024. Polymer Advanced Technologies. (https://onlinelibrary.wiley.com/doi/10.1002/pat.6581) | National Institute of Standards and Technology. 2023. CHIPS Metrology Program. (https://www.nist.gov/chips/research-development-programs/metrology-program) | National Academies of Sciences, Engineering, and Medicine. 2024. Options for a National Plan for Smart Manufacturing. (https://www.nationalacademies.org/publications/27260) | National Institute of Standards and Technology. 2024. Smart Manufacturing. (https://www.nist.gov/smart-manufacturing)",Tier 1 preferred; Tier 2 supplemental,Medium,"Source set supports the process framing, but individual claims require direct verification.","Verify numbers, economics, timelines, and performance separately. Keep Micromodular printed electronics wording qualified around economics, timelines, and performance unless claim-level evidence is added."
Technology / simplified PFD,Micromodular printed electronics is represented with the simplified PFD sequence: Microdevice fabrication → Release/ink formulation → Droplet deposition → Interconnect printing → Circuit testing.,process-flow assumption,Micromodular printed electronics,Lithium; Electrolytes; Graphite; Copper; Cement/concrete chemistries; Conductive inks; Cementitious materials; Mineral aggregates; Electrolytes; Conductive inks,Coating; Drying,low yield; manufacturing repeatability; reliability gap; maintenance burden,"Promising for hybrid electronics, but precision placement at speed is difficult.",Process-route sources showing actual major unit operations or system blocks,Supported as starter-sourced framing,"Roelkens, G., et al. 2024. Present and future of micro-transfer printing for heterogeneous integration. APL Photonics. (https://pubs.aip.org/aip/app/article/9/1/010901/2932278/Present-and-future-of-micro-transfer-printing-for) | Corbett, B., et al. 2017. Transfer print techniques for heterogeneous integration of photonic components. Progress in Quantum Electronics. (https://www.sciencedirect.com/science/article/pii/S0079672717300010) | Recent advances in conductive materials for printed electronics. 2024. Polymer Advanced Technologies. (https://onlinelibrary.wiley.com/doi/10.1002/pat.6581) | National Institute of Standards and Technology. 2023. CHIPS Metrology Program. (https://www.nist.gov/chips/research-development-programs/metrology-program) | National Academies of Sciences, Engineering, and Medicine. 2024. Options for a National Plan for Smart Manufacturing. (https://www.nationalacademies.org/publications/27260) | National Institute of Standards and Technology. 2024. Smart Manufacturing. (https://www.nist.gov/smart-manufacturing)",Tier 1 preferred; Tier 2 supplemental,Medium,Mini-PFDs are simplified; exact process routes can vary by architecture/vendor/design.,Treat the mini-PFD as a teaching abstraction unless a source directly supports the sequence.
Technology / readiness gap,"Micromodular printed electronics readiness gap: Promising for hybrid electronics, but precision placement at speed is difficult.",readiness/economics claim,Micromodular printed electronics,Lithium; Electrolytes; Graphite; Copper; Cement/concrete chemistries; Conductive inks; Cementitious materials; Mineral aggregates; Electrolytes; Conductive inks,Coating; Drying,low yield; manufacturing repeatability; reliability gap; maintenance burden,"Promising for hybrid electronics, but precision placement at speed is difficult.",TRL/MRL/IRL plus domain-specific demonstration/commercialization sources,Supported as starter-sourced framing,"Roelkens, G., et al. 2024. Present and future of micro-transfer printing for heterogeneous integration. APL Photonics. (https://pubs.aip.org/aip/app/article/9/1/010901/2932278/Present-and-future-of-micro-transfer-printing-for) | Corbett, B., et al. 2017. Transfer print techniques for heterogeneous integration of photonic components. Progress in Quantum Electronics. (https://www.sciencedirect.com/science/article/pii/S0079672717300010) | Recent advances in conductive materials for printed electronics. 2024. Polymer Advanced Technologies. (https://onlinelibrary.wiley.com/doi/10.1002/pat.6581) | National Institute of Standards and Technology. 2023. CHIPS Metrology Program. (https://www.nist.gov/chips/research-development-programs/metrology-program) | National Academies of Sciences, Engineering, and Medicine. 2024. Options for a National Plan for Smart Manufacturing. (https://www.nationalacademies.org/publications/27260) | National Institute of Standards and Technology. 2024. Smart Manufacturing. (https://www.nist.gov/smart-manufacturing)",Tier 1 preferred; Tier 2 supplemental,Medium,"Source set supports the process framing, but individual claims require direct verification.","Qualify readiness gaps with the specific maturity dimension: technical, manufacturing, integration, infrastructure, safety, or economics."
Technology / scale trigger,Micromodular printed electronics scale trigger: Deposition tools must place devices accurately with high throughput.,readiness/economics claim + engineering inference,Micromodular printed electronics,Lithium; Electrolytes; Graphite; Copper; Cement/concrete chemistries; Conductive inks; Cementitious materials; Mineral aggregates; Electrolytes; Conductive inks,Coating; Drying,low yield; manufacturing repeatability; reliability gap; maintenance burden,Deposition tools must place devices accurately with high throughput.,"Techno-economic analysis, pilot data, manufacturing learning, reliability, regulatory/permitting evidence",Needs claim-level verification,"Roelkens, G., et al. 2024. Present and future of micro-transfer printing for heterogeneous integration. APL Photonics. (https://pubs.aip.org/aip/app/article/9/1/010901/2932278/Present-and-future-of-micro-transfer-printing-for) | Corbett, B., et al. 2017. Transfer print techniques for heterogeneous integration of photonic components. Progress in Quantum Electronics. (https://www.sciencedirect.com/science/article/pii/S0079672717300010) | Recent advances in conductive materials for printed electronics. 2024. Polymer Advanced Technologies. (https://onlinelibrary.wiley.com/doi/10.1002/pat.6581) | National Institute of Standards and Technology. 2023. CHIPS Metrology Program. (https://www.nist.gov/chips/research-development-programs/metrology-program) | National Academies of Sciences, Engineering, and Medicine. 2024. Options for a National Plan for Smart Manufacturing. (https://www.nationalacademies.org/publications/27260) | National Institute of Standards and Technology. 2024. Smart Manufacturing. (https://www.nist.gov/smart-manufacturing)",Tier 1 preferred; Tier 2 supplemental,Low-Medium,"Scale-trigger language is often inferential and should be verified with TEA, deployment data, or agency roadmap sources.",Phrase scale triggers as hypotheses unless a direct source supports the causal threshold.
Technology / realistic pathway,"AI-guided process development: High-throughput experiments, sensors, Bayesian optimization, physics-informed models, and automated labs.",process-flow assumption + engineering inference,AI-guided process development,Lithium; Electrolytes; Graphite; Sorbents; Electrolytes; Sorbents,,public acceptance; data/control problem; quality-control challenge; scale-up uncertainty,"Optimization tools work, but plant transfer requires mechanistic understanding.","Direct sources for process route, materials, bottlenecks, readiness, economics, and safety/regulatory issues",Supported as starter-sourced framing,"National Academies of Sciences, Engineering, and Medicine. 2023. Foundational Research Gaps and Future Directions for Digital Twins. (https://www.nationalacademies.org/projects/DEPS-BMSA-21-03/publication/26894) | National Institute of Standards and Technology. 2024. Digital Twins for Advanced Manufacturing. (https://www.nist.gov/programs-projects/digital-twins-advanced-manufacturing) | National Academies of Sciences, Engineering, and Medicine. 2024. Options for a National Plan for Smart Manufacturing. (https://www.nationalacademies.org/publications/27260) | White House / National Science and Technology Council. 2022. National Strategy for Advanced Manufacturing. (https://www.energy.gov/sites/default/files/2024-03/National-Strategy-for-Advanced-Manufacturing-10072022.pdf) | National Institute of Standards and Technology. 2023. CHIPS Metrology Program. (https://www.nist.gov/chips/research-development-programs/metrology-program) | National Institute of Standards and Technology. 2023. Metrology Gaps in the Semiconductor Ecosystem. (https://www.nist.gov/system/files/documents/2023/06/05/CHIPS_Metrology-Gaps-in-the-Semi-Ecosystem_0.pdf)",Tier 1 preferred; Tier 2 supplemental,Medium,"Source set supports the process framing, but individual claims require direct verification.","Verify numbers, economics, timelines, and performance separately. Keep AI-guided process development wording qualified around economics, timelines, and performance unless claim-level evidence is added."
Technology / simplified PFD,AI-guided process development is represented with the simplified PFD sequence: Experiment design → Automated testing → Data capture → Model update → New recipe.,process-flow assumption,AI-guided process development,Lithium; Electrolytes; Graphite; Sorbents; Electrolytes; Sorbents,,public acceptance; data/control problem; quality-control challenge; scale-up uncertainty,"Optimization tools work, but plant transfer requires mechanistic understanding.",Process-route sources showing actual major unit operations or system blocks,Supported as starter-sourced framing,"National Academies of Sciences, Engineering, and Medicine. 2023. Foundational Research Gaps and Future Directions for Digital Twins. (https://www.nationalacademies.org/projects/DEPS-BMSA-21-03/publication/26894) | National Institute of Standards and Technology. 2024. Digital Twins for Advanced Manufacturing. (https://www.nist.gov/programs-projects/digital-twins-advanced-manufacturing) | National Academies of Sciences, Engineering, and Medicine. 2024. Options for a National Plan for Smart Manufacturing. (https://www.nationalacademies.org/publications/27260) | White House / National Science and Technology Council. 2022. National Strategy for Advanced Manufacturing. (https://www.energy.gov/sites/default/files/2024-03/National-Strategy-for-Advanced-Manufacturing-10072022.pdf) | National Institute of Standards and Technology. 2023. CHIPS Metrology Program. (https://www.nist.gov/chips/research-development-programs/metrology-program) | National Institute of Standards and Technology. 2023. Metrology Gaps in the Semiconductor Ecosystem. (https://www.nist.gov/system/files/documents/2023/06/05/CHIPS_Metrology-Gaps-in-the-Semi-Ecosystem_0.pdf)",Tier 1 preferred; Tier 2 supplemental,Medium,Mini-PFDs are simplified; exact process routes can vary by architecture/vendor/design.,Treat the mini-PFD as a teaching abstraction unless a source directly supports the sequence.
Technology / readiness gap,"AI-guided process development readiness gap: Optimization tools work, but plant transfer requires mechanistic understanding.",readiness/economics claim,AI-guided process development,Lithium; Electrolytes; Graphite; Sorbents; Electrolytes; Sorbents,,public acceptance; data/control problem; quality-control challenge; scale-up uncertainty,"Optimization tools work, but plant transfer requires mechanistic understanding.",TRL/MRL/IRL plus domain-specific demonstration/commercialization sources,Supported as starter-sourced framing,"National Academies of Sciences, Engineering, and Medicine. 2023. Foundational Research Gaps and Future Directions for Digital Twins. (https://www.nationalacademies.org/projects/DEPS-BMSA-21-03/publication/26894) | National Institute of Standards and Technology. 2024. Digital Twins for Advanced Manufacturing. (https://www.nist.gov/programs-projects/digital-twins-advanced-manufacturing) | National Academies of Sciences, Engineering, and Medicine. 2024. Options for a National Plan for Smart Manufacturing. (https://www.nationalacademies.org/publications/27260) | White House / National Science and Technology Council. 2022. National Strategy for Advanced Manufacturing. (https://www.energy.gov/sites/default/files/2024-03/National-Strategy-for-Advanced-Manufacturing-10072022.pdf) | National Institute of Standards and Technology. 2023. CHIPS Metrology Program. (https://www.nist.gov/chips/research-development-programs/metrology-program) | National Institute of Standards and Technology. 2023. Metrology Gaps in the Semiconductor Ecosystem. (https://www.nist.gov/system/files/documents/2023/06/05/CHIPS_Metrology-Gaps-in-the-Semi-Ecosystem_0.pdf)",Tier 1 preferred; Tier 2 supplemental,Medium,"Source set supports the process framing, but individual claims require direct verification.","Qualify readiness gaps with the specific maturity dimension: technical, manufacturing, integration, infrastructure, safety, or economics."
Technology / scale trigger,AI-guided process development scale trigger: Lab data must predict pilot and production behavior.,readiness/economics claim + engineering inference,AI-guided process development,Lithium; Electrolytes; Graphite; Sorbents; Electrolytes; Sorbents,,public acceptance; data/control problem; quality-control challenge; scale-up uncertainty,Lab data must predict pilot and production behavior.,"Techno-economic analysis, pilot data, manufacturing learning, reliability, regulatory/permitting evidence",Needs claim-level verification,"National Academies of Sciences, Engineering, and Medicine. 2023. Foundational Research Gaps and Future Directions for Digital Twins. (https://www.nationalacademies.org/projects/DEPS-BMSA-21-03/publication/26894) | National Institute of Standards and Technology. 2024. Digital Twins for Advanced Manufacturing. (https://www.nist.gov/programs-projects/digital-twins-advanced-manufacturing) | National Academies of Sciences, Engineering, and Medicine. 2024. Options for a National Plan for Smart Manufacturing. (https://www.nationalacademies.org/publications/27260) | White House / National Science and Technology Council. 2022. National Strategy for Advanced Manufacturing. (https://www.energy.gov/sites/default/files/2024-03/National-Strategy-for-Advanced-Manufacturing-10072022.pdf) | National Institute of Standards and Technology. 2023. CHIPS Metrology Program. (https://www.nist.gov/chips/research-development-programs/metrology-program) | National Institute of Standards and Technology. 2023. Metrology Gaps in the Semiconductor Ecosystem. (https://www.nist.gov/system/files/documents/2023/06/05/CHIPS_Metrology-Gaps-in-the-Semi-Ecosystem_0.pdf)",Tier 1 preferred; Tier 2 supplemental,Low-Medium,"Scale-trigger language is often inferential and should be verified with TEA, deployment data, or agency roadmap sources.",Phrase scale triggers as hypotheses unless a direct source supports the causal threshold.
Technology / realistic pathway,"Lights-out semiconductor fabs: Wafer automation, metrology, contamination control, advanced process control, and predictive maintenance.",process-flow assumption + engineering inference,Lights-out semiconductor fabs,Silicon; Photoresists; Silicon wafers; Photoresists; Thin films,Lithography; Coating; Drying,low yield; manufacturing repeatability; fouling; reliability gap,"Fabs are highly automated, but process learning still needs deep human engineering.","Direct sources for process route, materials, bottlenecks, readiness, economics, and safety/regulatory issues",Supported as starter-sourced framing,"National Institute of Standards and Technology. 2023. CHIPS Metrology Program. (https://www.nist.gov/chips/research-development-programs/metrology-program) | National Institute of Standards and Technology. 2023. Metrology Gaps in the Semiconductor Ecosystem. (https://www.nist.gov/system/files/documents/2023/06/05/CHIPS_Metrology-Gaps-in-the-Semi-Ecosystem_0.pdf) | International Technology Roadmap for Semiconductors. 2015. Yield Enhancement. (https://www.semiconductors.org/wp-content/uploads/2018/06/5_2015-ITRS-2.0-Yield-Enhancement.pdf) | Wang, R., et al. 2024. Lights-out factories: review and prospect. Journal publication indexed by Beijing Institute of Technology. (https://pure.bit.edu.cn/en/publications/lights-out-factories-review-and-prospect/) | National Academies of Sciences, Engineering, and Medicine. 2019. Quantum Computing: Progress and Prospects. (https://www.nationalacademies.org/publications/25196) | International Energy Agency. 2023. Data Centres and Data Transmission Networks. (https://www.iea.org/energy-system/buildings/data-centres-and-data-transmission-networks)",Tier 1 preferred; Tier 2 supplemental,Medium,"Source set supports the process framing, but individual claims require direct verification.","Verify numbers, economics, timelines, and performance separately. Keep Lights-out semiconductor fabs wording qualified around economics, timelines, and performance unless claim-level evidence is added."
Technology / simplified PFD,Lights-out semiconductor fabs is represented with the simplified PFD sequence: Wafer input → Lithography/etch/deposition → Metrology → Feedback control → Packaging.,process-flow assumption,Lights-out semiconductor fabs,Silicon; Photoresists; Silicon wafers; Photoresists; Thin films,Lithography; Coating; Drying,low yield; manufacturing repeatability; fouling; reliability gap,"Fabs are highly automated, but process learning still needs deep human engineering.",Process-route sources showing actual major unit operations or system blocks,Supported as starter-sourced framing,"National Institute of Standards and Technology. 2023. CHIPS Metrology Program. (https://www.nist.gov/chips/research-development-programs/metrology-program) | National Institute of Standards and Technology. 2023. Metrology Gaps in the Semiconductor Ecosystem. (https://www.nist.gov/system/files/documents/2023/06/05/CHIPS_Metrology-Gaps-in-the-Semi-Ecosystem_0.pdf) | International Technology Roadmap for Semiconductors. 2015. Yield Enhancement. (https://www.semiconductors.org/wp-content/uploads/2018/06/5_2015-ITRS-2.0-Yield-Enhancement.pdf) | Wang, R., et al. 2024. Lights-out factories: review and prospect. Journal publication indexed by Beijing Institute of Technology. (https://pure.bit.edu.cn/en/publications/lights-out-factories-review-and-prospect/) | National Academies of Sciences, Engineering, and Medicine. 2019. Quantum Computing: Progress and Prospects. (https://www.nationalacademies.org/publications/25196) | International Energy Agency. 2023. Data Centres and Data Transmission Networks. (https://www.iea.org/energy-system/buildings/data-centres-and-data-transmission-networks)",Tier 1 preferred; Tier 2 supplemental,Medium,Mini-PFDs are simplified; exact process routes can vary by architecture/vendor/design.,Treat the mini-PFD as a teaching abstraction unless a source directly supports the sequence.
Technology / readiness gap,"Lights-out semiconductor fabs readiness gap: Fabs are highly automated, but process learning still needs deep human engineering.",readiness/economics claim,Lights-out semiconductor fabs,Silicon; Photoresists; Silicon wafers; Photoresists; Thin films,Lithography; Coating; Drying,low yield; manufacturing repeatability; fouling; reliability gap,"Fabs are highly automated, but process learning still needs deep human engineering.",TRL/MRL/IRL plus domain-specific demonstration/commercialization sources,Supported as starter-sourced framing,"National Institute of Standards and Technology. 2023. CHIPS Metrology Program. (https://www.nist.gov/chips/research-development-programs/metrology-program) | National Institute of Standards and Technology. 2023. Metrology Gaps in the Semiconductor Ecosystem. (https://www.nist.gov/system/files/documents/2023/06/05/CHIPS_Metrology-Gaps-in-the-Semi-Ecosystem_0.pdf) | International Technology Roadmap for Semiconductors. 2015. Yield Enhancement. (https://www.semiconductors.org/wp-content/uploads/2018/06/5_2015-ITRS-2.0-Yield-Enhancement.pdf) | Wang, R., et al. 2024. Lights-out factories: review and prospect. Journal publication indexed by Beijing Institute of Technology. (https://pure.bit.edu.cn/en/publications/lights-out-factories-review-and-prospect/) | National Academies of Sciences, Engineering, and Medicine. 2019. Quantum Computing: Progress and Prospects. (https://www.nationalacademies.org/publications/25196) | International Energy Agency. 2023. Data Centres and Data Transmission Networks. (https://www.iea.org/energy-system/buildings/data-centres-and-data-transmission-networks)",Tier 1 preferred; Tier 2 supplemental,Medium,"Source set supports the process framing, but individual claims require direct verification.","Qualify readiness gaps with the specific maturity dimension: technical, manufacturing, integration, infrastructure, safety, or economics."
Technology / scale trigger,Lights-out semiconductor fabs scale trigger: Automation must accelerate yield learning without reducing process insight.,readiness/economics claim + engineering inference,Lights-out semiconductor fabs,Silicon; Photoresists; Silicon wafers; Photoresists; Thin films,Lithography; Coating; Drying,low yield; manufacturing repeatability; fouling; reliability gap,Automation must accelerate yield learning without reducing process insight.,"Techno-economic analysis, pilot data, manufacturing learning, reliability, regulatory/permitting evidence",Needs claim-level verification,"National Institute of Standards and Technology. 2023. CHIPS Metrology Program. (https://www.nist.gov/chips/research-development-programs/metrology-program) | National Institute of Standards and Technology. 2023. Metrology Gaps in the Semiconductor Ecosystem. (https://www.nist.gov/system/files/documents/2023/06/05/CHIPS_Metrology-Gaps-in-the-Semi-Ecosystem_0.pdf) | International Technology Roadmap for Semiconductors. 2015. Yield Enhancement. (https://www.semiconductors.org/wp-content/uploads/2018/06/5_2015-ITRS-2.0-Yield-Enhancement.pdf) | Wang, R., et al. 2024. Lights-out factories: review and prospect. Journal publication indexed by Beijing Institute of Technology. (https://pure.bit.edu.cn/en/publications/lights-out-factories-review-and-prospect/) | National Academies of Sciences, Engineering, and Medicine. 2019. Quantum Computing: Progress and Prospects. (https://www.nationalacademies.org/publications/25196) | International Energy Agency. 2023. Data Centres and Data Transmission Networks. (https://www.iea.org/energy-system/buildings/data-centres-and-data-transmission-networks)",Tier 1 preferred; Tier 2 supplemental,Low-Medium,"Scale-trigger language is often inferential and should be verified with TEA, deployment data, or agency roadmap sources.",Phrase scale triggers as hypotheses unless a direct source supports the causal threshold.
Technology / realistic pathway,"On-demand pharmaceutical factories: Continuous manufacturing, modular reactors, PAT sensors, quality-by-design, and regulatory validation.",process-flow assumption + engineering inference,On-demand pharmaceutical factories,Water; Catalysts; Catalysts,Solvent recovery; Fermentation; Filtration; Sterilization,separation cost; regulatory barrier; reliability gap; maintenance burden,"Continuous pharma is real, but local flexible production needs validated controls.","Direct sources for process route, materials, bottlenecks, readiness, economics, and safety/regulatory issues",Supported as starter-sourced framing,"U.S. Food and Drug Administration. 2026. Emerging Technology Program. (https://www.fda.gov/about-fda/center-drug-evaluation-and-research-cder/emerging-technology-program-etp) | U.S. Food and Drug Administration. 2025. Advanced Manufacturing Technologies Designation Program Guidance. (https://www.fda.gov/regulatory-information/search-fda-guidance-documents/advanced-manufacturing-technologies-designation-program) | U.S. Food and Drug Administration. 2025. Examples of Accepted Emerging Technologies. (https://www.fda.gov/about-fda/center-drug-evaluation-and-research-cder/examples-accepted-emerging-technologies) | BARDA DRIVe. Vaccines on Demand Program. (https://drive.hhs.gov/on-demand.html) | Thomas, D. 2023. The U.S. Biomanufacturing Economy: Value Added, Supply Chains, Cost, Sustainability, and Efficiency. NIST AMS 100-52. (https://www.nist.gov/publications/us-biomanufacturing-economy-value-added-supply-chains-cost-sustainability-and) | National Academies of Sciences, Engineering, and Medicine. 2023. Successes and Challenges in Biomanufacturing. (https://www.nationalacademies.org/units/DELS-BLS-23-06/publication/26846)",Tier 1 preferred; Tier 2 supplemental,Medium,"Source set supports the process framing, but individual claims require direct verification.","Verify numbers, economics, timelines, and performance separately. Keep On-demand pharmaceutical factories wording qualified around economics, timelines, and performance unless claim-level evidence is added."
Technology / simplified PFD,On-demand pharmaceutical factories is represented with the simplified PFD sequence: Raw materials → Continuous synthesis → Purification → Formulation → QA release.,process-flow assumption,On-demand pharmaceutical factories,Water; Catalysts; Catalysts,Solvent recovery; Fermentation; Filtration; Sterilization,separation cost; regulatory barrier; reliability gap; maintenance burden,"Continuous pharma is real, but local flexible production needs validated controls.",Process-route sources showing actual major unit operations or system blocks,Supported as starter-sourced framing,"U.S. Food and Drug Administration. 2026. Emerging Technology Program. (https://www.fda.gov/about-fda/center-drug-evaluation-and-research-cder/emerging-technology-program-etp) | U.S. Food and Drug Administration. 2025. Advanced Manufacturing Technologies Designation Program Guidance. (https://www.fda.gov/regulatory-information/search-fda-guidance-documents/advanced-manufacturing-technologies-designation-program) | U.S. Food and Drug Administration. 2025. Examples of Accepted Emerging Technologies. (https://www.fda.gov/about-fda/center-drug-evaluation-and-research-cder/examples-accepted-emerging-technologies) | BARDA DRIVe. Vaccines on Demand Program. (https://drive.hhs.gov/on-demand.html) | Thomas, D. 2023. The U.S. Biomanufacturing Economy: Value Added, Supply Chains, Cost, Sustainability, and Efficiency. NIST AMS 100-52. (https://www.nist.gov/publications/us-biomanufacturing-economy-value-added-supply-chains-cost-sustainability-and) | National Academies of Sciences, Engineering, and Medicine. 2023. Successes and Challenges in Biomanufacturing. (https://www.nationalacademies.org/units/DELS-BLS-23-06/publication/26846)",Tier 1 preferred; Tier 2 supplemental,Medium,Mini-PFDs are simplified; exact process routes can vary by architecture/vendor/design.,Treat the mini-PFD as a teaching abstraction unless a source directly supports the sequence.
Technology / readiness gap,"On-demand pharmaceutical factories readiness gap: Continuous pharma is real, but local flexible production needs validated controls.",readiness/economics claim,On-demand pharmaceutical factories,Water; Catalysts; Catalysts,Solvent recovery; Fermentation; Filtration; Sterilization,separation cost; regulatory barrier; reliability gap; maintenance burden,"Continuous pharma is real, but local flexible production needs validated controls.",TRL/MRL/IRL plus domain-specific demonstration/commercialization sources,Supported as starter-sourced framing,"U.S. Food and Drug Administration. 2026. Emerging Technology Program. (https://www.fda.gov/about-fda/center-drug-evaluation-and-research-cder/emerging-technology-program-etp) | U.S. Food and Drug Administration. 2025. Advanced Manufacturing Technologies Designation Program Guidance. (https://www.fda.gov/regulatory-information/search-fda-guidance-documents/advanced-manufacturing-technologies-designation-program) | U.S. Food and Drug Administration. 2025. Examples of Accepted Emerging Technologies. (https://www.fda.gov/about-fda/center-drug-evaluation-and-research-cder/examples-accepted-emerging-technologies) | BARDA DRIVe. Vaccines on Demand Program. (https://drive.hhs.gov/on-demand.html) | Thomas, D. 2023. The U.S. Biomanufacturing Economy: Value Added, Supply Chains, Cost, Sustainability, and Efficiency. NIST AMS 100-52. (https://www.nist.gov/publications/us-biomanufacturing-economy-value-added-supply-chains-cost-sustainability-and) | National Academies of Sciences, Engineering, and Medicine. 2023. Successes and Challenges in Biomanufacturing. (https://www.nationalacademies.org/units/DELS-BLS-23-06/publication/26846)",Tier 1 preferred; Tier 2 supplemental,Medium,"Source set supports the process framing, but individual claims require direct verification.","Qualify readiness gaps with the specific maturity dimension: technical, manufacturing, integration, infrastructure, safety, or economics."
Technology / scale trigger,"On-demand pharmaceutical factories scale trigger: Quality release must be fast, automated, and regulator-trusted.",readiness/economics claim + engineering inference,On-demand pharmaceutical factories,Water; Catalysts; Catalysts,Solvent recovery; Fermentation; Filtration; Sterilization,separation cost; regulatory barrier; reliability gap; maintenance burden,"Quality release must be fast, automated, and regulator-trusted.","Techno-economic analysis, pilot data, manufacturing learning, reliability, regulatory/permitting evidence",Needs claim-level verification,"U.S. Food and Drug Administration. 2026. Emerging Technology Program. (https://www.fda.gov/about-fda/center-drug-evaluation-and-research-cder/emerging-technology-program-etp) | U.S. Food and Drug Administration. 2025. Advanced Manufacturing Technologies Designation Program Guidance. (https://www.fda.gov/regulatory-information/search-fda-guidance-documents/advanced-manufacturing-technologies-designation-program) | U.S. Food and Drug Administration. 2025. Examples of Accepted Emerging Technologies. (https://www.fda.gov/about-fda/center-drug-evaluation-and-research-cder/examples-accepted-emerging-technologies) | BARDA DRIVe. Vaccines on Demand Program. (https://drive.hhs.gov/on-demand.html) | Thomas, D. 2023. The U.S. Biomanufacturing Economy: Value Added, Supply Chains, Cost, Sustainability, and Efficiency. NIST AMS 100-52. (https://www.nist.gov/publications/us-biomanufacturing-economy-value-added-supply-chains-cost-sustainability-and) | National Academies of Sciences, Engineering, and Medicine. 2023. Successes and Challenges in Biomanufacturing. (https://www.nationalacademies.org/units/DELS-BLS-23-06/publication/26846)",Tier 1 preferred; Tier 2 supplemental,Low-Medium,"Scale-trigger language is often inferential and should be verified with TEA, deployment data, or agency roadmap sources.",Phrase scale triggers as hypotheses unless a direct source supports the causal threshold.
Technology / realistic pathway,"Modular biomanufacturing: Engineered microbes, fermentation, downstream processing, sterilization, and modular bioreactors.",process-flow assumption + engineering inference,Modular biomanufacturing,Biomass-derived feedstocks; Water; Catalysts; Growth media; Scaffolds; Catalysts,Fermentation; Sterilization; Filtration,low yield; manufacturing repeatability; fouling; separation cost,Fermentation scales well for some products; many targets lose economics downstream.,"Direct sources for process route, materials, bottlenecks, readiness, economics, and safety/regulatory issues",Supported as starter-sourced framing,"Thomas, D. 2023. The U.S. Biomanufacturing Economy: Value Added, Supply Chains, Cost, Sustainability, and Efficiency. NIST AMS 100-52. (https://www.nist.gov/publications/us-biomanufacturing-economy-value-added-supply-chains-cost-sustainability-and) | National Academies of Sciences, Engineering, and Medicine. 2023. Successes and Challenges in Biomanufacturing. (https://www.nationalacademies.org/units/DELS-BLS-23-06/publication/26846) | BARDA DRIVe. Vaccines on Demand Program. (https://drive.hhs.gov/on-demand.html) | White House / National Science and Technology Council. 2022. National Strategy for Advanced Manufacturing. (https://www.energy.gov/sites/default/files/2024-03/National-Strategy-for-Advanced-Manufacturing-10072022.pdf) | U.S. Food and Drug Administration. 2026. Emerging Technology Program. (https://www.fda.gov/about-fda/center-drug-evaluation-and-research-cder/emerging-technology-program-etp) | U.S. Food and Drug Administration. 2019. Organs-On-Chips for Radiation Countermeasures. (https://www.fda.gov/emergency-preparedness-and-response/preparedness-research/organs-chips-radiation-countermeasures)",Tier 1 preferred; Tier 2 supplemental,Medium,"Source set supports the process framing, but individual claims require direct verification.","Verify numbers, economics, timelines, and performance separately. Keep Modular biomanufacturing wording qualified around economics, timelines, and performance unless claim-level evidence is added."
Technology / simplified PFD,Modular biomanufacturing is represented with the simplified PFD sequence: Feedstock → Fermentation → Cell removal → Purification → Product formulation.,process-flow assumption,Modular biomanufacturing,Biomass-derived feedstocks; Water; Catalysts; Growth media; Scaffolds; Catalysts,Fermentation; Sterilization; Filtration,low yield; manufacturing repeatability; fouling; separation cost,Fermentation scales well for some products; many targets lose economics downstream.,Process-route sources showing actual major unit operations or system blocks,Supported as starter-sourced framing,"Thomas, D. 2023. The U.S. Biomanufacturing Economy: Value Added, Supply Chains, Cost, Sustainability, and Efficiency. NIST AMS 100-52. (https://www.nist.gov/publications/us-biomanufacturing-economy-value-added-supply-chains-cost-sustainability-and) | National Academies of Sciences, Engineering, and Medicine. 2023. Successes and Challenges in Biomanufacturing. (https://www.nationalacademies.org/units/DELS-BLS-23-06/publication/26846) | BARDA DRIVe. Vaccines on Demand Program. (https://drive.hhs.gov/on-demand.html) | White House / National Science and Technology Council. 2022. National Strategy for Advanced Manufacturing. (https://www.energy.gov/sites/default/files/2024-03/National-Strategy-for-Advanced-Manufacturing-10072022.pdf) | U.S. Food and Drug Administration. 2026. Emerging Technology Program. (https://www.fda.gov/about-fda/center-drug-evaluation-and-research-cder/emerging-technology-program-etp) | U.S. Food and Drug Administration. 2019. Organs-On-Chips for Radiation Countermeasures. (https://www.fda.gov/emergency-preparedness-and-response/preparedness-research/organs-chips-radiation-countermeasures)",Tier 1 preferred; Tier 2 supplemental,Medium,Mini-PFDs are simplified; exact process routes can vary by architecture/vendor/design.,Treat the mini-PFD as a teaching abstraction unless a source directly supports the sequence.
Technology / readiness gap,Modular biomanufacturing readiness gap: Fermentation scales well for some products; many targets lose economics downstream.,readiness/economics claim,Modular biomanufacturing,Biomass-derived feedstocks; Water; Catalysts; Growth media; Scaffolds; Catalysts,Fermentation; Sterilization; Filtration,low yield; manufacturing repeatability; fouling; separation cost,Fermentation scales well for some products; many targets lose economics downstream.,TRL/MRL/IRL plus domain-specific demonstration/commercialization sources,Supported as starter-sourced framing,"Thomas, D. 2023. The U.S. Biomanufacturing Economy: Value Added, Supply Chains, Cost, Sustainability, and Efficiency. NIST AMS 100-52. (https://www.nist.gov/publications/us-biomanufacturing-economy-value-added-supply-chains-cost-sustainability-and) | National Academies of Sciences, Engineering, and Medicine. 2023. Successes and Challenges in Biomanufacturing. (https://www.nationalacademies.org/units/DELS-BLS-23-06/publication/26846) | BARDA DRIVe. Vaccines on Demand Program. (https://drive.hhs.gov/on-demand.html) | White House / National Science and Technology Council. 2022. National Strategy for Advanced Manufacturing. (https://www.energy.gov/sites/default/files/2024-03/National-Strategy-for-Advanced-Manufacturing-10072022.pdf) | U.S. Food and Drug Administration. 2026. Emerging Technology Program. (https://www.fda.gov/about-fda/center-drug-evaluation-and-research-cder/emerging-technology-program-etp) | U.S. Food and Drug Administration. 2019. Organs-On-Chips for Radiation Countermeasures. (https://www.fda.gov/emergency-preparedness-and-response/preparedness-research/organs-chips-radiation-countermeasures)",Tier 1 preferred; Tier 2 supplemental,Medium,"Source set supports the process framing, but individual claims require direct verification.","Qualify readiness gaps with the specific maturity dimension: technical, manufacturing, integration, infrastructure, safety, or economics."
Technology / scale trigger,"Modular biomanufacturing scale trigger: Titers, rates, yields, and purification must beat petrochemical routes.",readiness/economics claim + engineering inference,Modular biomanufacturing,Biomass-derived feedstocks; Water; Catalysts; Growth media; Scaffolds; Catalysts,Fermentation; Sterilization; Filtration,low yield; manufacturing repeatability; fouling; separation cost,"Titers, rates, yields, and purification must beat petrochemical routes.","Techno-economic analysis, pilot data, manufacturing learning, reliability, regulatory/permitting evidence",Needs claim-level verification,"Thomas, D. 2023. The U.S. Biomanufacturing Economy: Value Added, Supply Chains, Cost, Sustainability, and Efficiency. NIST AMS 100-52. (https://www.nist.gov/publications/us-biomanufacturing-economy-value-added-supply-chains-cost-sustainability-and) | National Academies of Sciences, Engineering, and Medicine. 2023. Successes and Challenges in Biomanufacturing. (https://www.nationalacademies.org/units/DELS-BLS-23-06/publication/26846) | BARDA DRIVe. Vaccines on Demand Program. (https://drive.hhs.gov/on-demand.html) | White House / National Science and Technology Council. 2022. National Strategy for Advanced Manufacturing. (https://www.energy.gov/sites/default/files/2024-03/National-Strategy-for-Advanced-Manufacturing-10072022.pdf) | U.S. Food and Drug Administration. 2026. Emerging Technology Program. (https://www.fda.gov/about-fda/center-drug-evaluation-and-research-cder/emerging-technology-program-etp) | U.S. Food and Drug Administration. 2019. Organs-On-Chips for Radiation Countermeasures. (https://www.fda.gov/emergency-preparedness-and-response/preparedness-research/organs-chips-radiation-countermeasures)",Tier 1 preferred; Tier 2 supplemental,Low-Medium,"Scale-trigger language is often inferential and should be verified with TEA, deployment data, or agency roadmap sources.",Phrase scale triggers as hypotheses unless a direct source supports the causal threshold.
Technology / realistic pathway,"Self-optimizing chemical plants: Sensors, advanced process control, digital twins, optimization, safety constraints, and operator oversight.",process-flow assumption + engineering inference,Self-optimizing chemical plants,Water; Catalysts; Catalysts,Coating; Drying,separation cost; safety risk; reliability gap; maintenance burden,"Advanced control is common, but autonomous optimization is constrained by safety cases.","Direct sources for process route, materials, bottlenecks, readiness, economics, and safety/regulatory issues",Supported as starter-sourced framing,"National Academies of Sciences, Engineering, and Medicine. 2024. Options for a National Plan for Smart Manufacturing. (https://www.nationalacademies.org/publications/27260) | National Institute of Standards and Technology. 2024. Digital Twins for Advanced Manufacturing. (https://www.nist.gov/programs-projects/digital-twins-advanced-manufacturing) | National Academies of Sciences, Engineering, and Medicine. 2023. Foundational Research Gaps and Future Directions for Digital Twins. (https://www.nationalacademies.org/projects/DEPS-BMSA-21-03/publication/26894) | RAPID Manufacturing Institute / AIChE. Rapid Advancement in Process Intensification Deployment. (https://rapid.aiche.org/) | National Institute of Standards and Technology. 2024. Smart Manufacturing. (https://www.nist.gov/smart-manufacturing) | Helu, M. M., et al. 2020. Connecting, Deploying, and Using the Smart Manufacturing Systems Test Bed. NIST. (https://www.nist.gov/publications/connecting-deploying-and-using-smart-manufacturing-systems-test-bed)",Tier 1 preferred; Tier 2 supplemental,Medium,"Source set supports the process framing, but individual claims require direct verification.","Verify numbers, economics, timelines, and performance separately. Keep Self-optimizing chemical plants wording qualified around economics, timelines, and performance unless claim-level evidence is added."
Technology / simplified PFD,Self-optimizing chemical plants is represented with the simplified PFD sequence: Feedstocks → Reactor/separation train → Sensors → Control algorithm → Adjusted operation.,process-flow assumption,Self-optimizing chemical plants,Water; Catalysts; Catalysts,Coating; Drying,separation cost; safety risk; reliability gap; maintenance burden,"Advanced control is common, but autonomous optimization is constrained by safety cases.",Process-route sources showing actual major unit operations or system blocks,Supported as starter-sourced framing,"National Academies of Sciences, Engineering, and Medicine. 2024. Options for a National Plan for Smart Manufacturing. (https://www.nationalacademies.org/publications/27260) | National Institute of Standards and Technology. 2024. Digital Twins for Advanced Manufacturing. (https://www.nist.gov/programs-projects/digital-twins-advanced-manufacturing) | National Academies of Sciences, Engineering, and Medicine. 2023. Foundational Research Gaps and Future Directions for Digital Twins. (https://www.nationalacademies.org/projects/DEPS-BMSA-21-03/publication/26894) | RAPID Manufacturing Institute / AIChE. Rapid Advancement in Process Intensification Deployment. (https://rapid.aiche.org/) | National Institute of Standards and Technology. 2024. Smart Manufacturing. (https://www.nist.gov/smart-manufacturing) | Helu, M. M., et al. 2020. Connecting, Deploying, and Using the Smart Manufacturing Systems Test Bed. NIST. (https://www.nist.gov/publications/connecting-deploying-and-using-smart-manufacturing-systems-test-bed)",Tier 1 preferred; Tier 2 supplemental,Medium,Mini-PFDs are simplified; exact process routes can vary by architecture/vendor/design.,Treat the mini-PFD as a teaching abstraction unless a source directly supports the sequence.
Technology / readiness gap,"Self-optimizing chemical plants readiness gap: Advanced control is common, but autonomous optimization is constrained by safety cases.",readiness/economics claim,Self-optimizing chemical plants,Water; Catalysts; Catalysts,Coating; Drying,separation cost; safety risk; reliability gap; maintenance burden,"Advanced control is common, but autonomous optimization is constrained by safety cases.",TRL/MRL/IRL plus domain-specific demonstration/commercialization sources,Supported as starter-sourced framing,"National Academies of Sciences, Engineering, and Medicine. 2024. Options for a National Plan for Smart Manufacturing. (https://www.nationalacademies.org/publications/27260) | National Institute of Standards and Technology. 2024. Digital Twins for Advanced Manufacturing. (https://www.nist.gov/programs-projects/digital-twins-advanced-manufacturing) | National Academies of Sciences, Engineering, and Medicine. 2023. Foundational Research Gaps and Future Directions for Digital Twins. (https://www.nationalacademies.org/projects/DEPS-BMSA-21-03/publication/26894) | RAPID Manufacturing Institute / AIChE. Rapid Advancement in Process Intensification Deployment. (https://rapid.aiche.org/) | National Institute of Standards and Technology. 2024. Smart Manufacturing. (https://www.nist.gov/smart-manufacturing) | Helu, M. M., et al. 2020. Connecting, Deploying, and Using the Smart Manufacturing Systems Test Bed. NIST. (https://www.nist.gov/publications/connecting-deploying-and-using-smart-manufacturing-systems-test-bed)",Tier 1 preferred; Tier 2 supplemental,Medium,"Source set supports the process framing, but individual claims require direct verification.","Qualify readiness gaps with the specific maturity dimension: technical, manufacturing, integration, infrastructure, safety, or economics."
Technology / scale trigger,Self-optimizing chemical plants scale trigger: Models must be accurate enough to optimize without violating safety margins.,readiness/economics claim + engineering inference,Self-optimizing chemical plants,Water; Catalysts; Catalysts,Coating; Drying,separation cost; safety risk; reliability gap; maintenance burden,Models must be accurate enough to optimize without violating safety margins.,"Techno-economic analysis, pilot data, manufacturing learning, reliability, regulatory/permitting evidence",Needs claim-level verification,"National Academies of Sciences, Engineering, and Medicine. 2024. Options for a National Plan for Smart Manufacturing. (https://www.nationalacademies.org/publications/27260) | National Institute of Standards and Technology. 2024. Digital Twins for Advanced Manufacturing. (https://www.nist.gov/programs-projects/digital-twins-advanced-manufacturing) | National Academies of Sciences, Engineering, and Medicine. 2023. Foundational Research Gaps and Future Directions for Digital Twins. (https://www.nationalacademies.org/projects/DEPS-BMSA-21-03/publication/26894) | RAPID Manufacturing Institute / AIChE. Rapid Advancement in Process Intensification Deployment. (https://rapid.aiche.org/) | National Institute of Standards and Technology. 2024. Smart Manufacturing. (https://www.nist.gov/smart-manufacturing) | Helu, M. M., et al. 2020. Connecting, Deploying, and Using the Smart Manufacturing Systems Test Bed. NIST. (https://www.nist.gov/publications/connecting-deploying-and-using-smart-manufacturing-systems-test-bed)",Tier 1 preferred; Tier 2 supplemental,Low-Medium,"Scale-trigger language is often inferential and should be verified with TEA, deployment data, or agency roadmap sources.",Phrase scale triggers as hypotheses unless a direct source supports the causal threshold.
Technology / realistic pathway,"Graphene membranes: Scalable graphene synthesis, defect control, membrane support layers, module fabrication, and fouling control.",process-flow assumption + engineering inference,Graphene membranes,Carbon dioxide; Water; Membranes; Membrane modules; Graphene; Membranes,Membrane separation; Coating; Curing; Filtration,low yield; manufacturing repeatability; fouling; separation cost,Exceptional lab transport must become defect-controlled square meters.,"Direct sources for process route, materials, bottlenecks, readiness, economics, and safety/regulatory issues",Partially supported / roadmap-stage,"Tiwary, S. K., et al. 2024. Graphene oxide-based membranes for water desalination: progress and challenges. npj Clean Water. (https://www.nature.com/articles/s41699-024-00462-z) | Liu, G., W. Jin, and N. Xu. 2015. Graphene-based membranes. Chemical Society Reviews. (https://pubs.rsc.org/en/content/articlelanding/2015/cs/c4cs00423j) | Sholl, D. S.; Lively, R. P. 2016. Seven chemical separations to change the world. Nature 532, 435–437. DOI: 10.1038/532435a. (https://www.nature.com/articles/532435a) | National Research Council. 2008. Desalination: A National Perspective. (https://nap.nationalacademies.org/resource/12184/desal_final.pdf) | International Energy Agency. 2025. Global Critical Minerals Outlook 2025. (https://www.iea.org/reports/global-critical-minerals-outlook-2025) | U.S. Geological Survey. 2025. Mineral Commodity Summaries 2025. (https://pubs.usgs.gov/publication/mcs2025)",Tier 1 preferred; Tier 2 supplemental,Medium,"Sources support active research, demonstrations, or roadmaps; scale/cost/reliability are unresolved.","Frame as roadmap-stage or early-stage. Keep Graphene membranes wording qualified around economics, timelines, and performance unless claim-level evidence is added."
Technology / simplified PFD,Graphene membranes is represented with the simplified PFD sequence: Carbon source → Graphene growth → Transfer/support → Pore engineering → Module assembly.,process-flow assumption,Graphene membranes,Carbon dioxide; Water; Membranes; Membrane modules; Graphene; Membranes,Membrane separation; Coating; Curing; Filtration,low yield; manufacturing repeatability; fouling; separation cost,Exceptional lab transport must become defect-controlled square meters.,Process-route sources showing actual major unit operations or system blocks,Partially supported / roadmap-stage,"Tiwary, S. K., et al. 2024. Graphene oxide-based membranes for water desalination: progress and challenges. npj Clean Water. (https://www.nature.com/articles/s41699-024-00462-z) | Liu, G., W. Jin, and N. Xu. 2015. Graphene-based membranes. Chemical Society Reviews. (https://pubs.rsc.org/en/content/articlelanding/2015/cs/c4cs00423j) | Sholl, D. S.; Lively, R. P. 2016. Seven chemical separations to change the world. Nature 532, 435–437. DOI: 10.1038/532435a. (https://www.nature.com/articles/532435a) | National Research Council. 2008. Desalination: A National Perspective. (https://nap.nationalacademies.org/resource/12184/desal_final.pdf) | International Energy Agency. 2025. Global Critical Minerals Outlook 2025. (https://www.iea.org/reports/global-critical-minerals-outlook-2025) | U.S. Geological Survey. 2025. Mineral Commodity Summaries 2025. (https://pubs.usgs.gov/publication/mcs2025)",Tier 1 preferred; Tier 2 supplemental,Medium,Mini-PFDs are simplified; exact process routes can vary by architecture/vendor/design.,Treat the mini-PFD as a teaching abstraction unless a source directly supports the sequence.
Technology / readiness gap,Graphene membranes readiness gap: Exceptional lab transport must become defect-controlled square meters.,readiness/economics claim,Graphene membranes,Carbon dioxide; Water; Membranes; Membrane modules; Graphene; Membranes,Membrane separation; Coating; Curing; Filtration,low yield; manufacturing repeatability; fouling; separation cost,Exceptional lab transport must become defect-controlled square meters.,TRL/MRL/IRL plus domain-specific demonstration/commercialization sources,Partially supported / roadmap-stage,"Tiwary, S. K., et al. 2024. Graphene oxide-based membranes for water desalination: progress and challenges. npj Clean Water. (https://www.nature.com/articles/s41699-024-00462-z) | Liu, G., W. Jin, and N. Xu. 2015. Graphene-based membranes. Chemical Society Reviews. (https://pubs.rsc.org/en/content/articlelanding/2015/cs/c4cs00423j) | Sholl, D. S.; Lively, R. P. 2016. Seven chemical separations to change the world. Nature 532, 435–437. DOI: 10.1038/532435a. (https://www.nature.com/articles/532435a) | National Research Council. 2008. Desalination: A National Perspective. (https://nap.nationalacademies.org/resource/12184/desal_final.pdf) | International Energy Agency. 2025. Global Critical Minerals Outlook 2025. (https://www.iea.org/reports/global-critical-minerals-outlook-2025) | U.S. Geological Survey. 2025. Mineral Commodity Summaries 2025. (https://pubs.usgs.gov/publication/mcs2025)",Tier 1 preferred; Tier 2 supplemental,Medium,"Sources support active research, demonstrations, or roadmaps; scale/cost/reliability are unresolved.","Qualify readiness gaps with the specific maturity dimension: technical, manufacturing, integration, infrastructure, safety, or economics."
Technology / scale trigger,Graphene membranes scale trigger: Membranes must be produced with controlled pores and low defect density.,readiness/economics claim + engineering inference,Graphene membranes,Carbon dioxide; Water; Membranes; Membrane modules; Graphene; Membranes,Membrane separation; Coating; Curing; Filtration,low yield; manufacturing repeatability; fouling; separation cost,Membranes must be produced with controlled pores and low defect density.,"Techno-economic analysis, pilot data, manufacturing learning, reliability, regulatory/permitting evidence",Partially supported / roadmap-stage,"Tiwary, S. K., et al. 2024. Graphene oxide-based membranes for water desalination: progress and challenges. npj Clean Water. (https://www.nature.com/articles/s41699-024-00462-z) | Liu, G., W. Jin, and N. Xu. 2015. Graphene-based membranes. Chemical Society Reviews. (https://pubs.rsc.org/en/content/articlelanding/2015/cs/c4cs00423j) | Sholl, D. S.; Lively, R. P. 2016. Seven chemical separations to change the world. Nature 532, 435–437. DOI: 10.1038/532435a. (https://www.nature.com/articles/532435a) | National Research Council. 2008. Desalination: A National Perspective. (https://nap.nationalacademies.org/resource/12184/desal_final.pdf) | International Energy Agency. 2025. Global Critical Minerals Outlook 2025. (https://www.iea.org/reports/global-critical-minerals-outlook-2025) | U.S. Geological Survey. 2025. Mineral Commodity Summaries 2025. (https://pubs.usgs.gov/publication/mcs2025)",Tier 1 preferred; Tier 2 supplemental,Medium,"Scale-trigger language is often inferential and should be verified with TEA, deployment data, or agency roadmap sources.",Phrase scale triggers as hypotheses unless a direct source supports the causal threshold.
Technology / realistic pathway,"Carbon nanotube elevators / cables: Long CNT fiber spinning, alignment, defect reduction, load transfer, and composite processing.",process-flow assumption + engineering inference,Carbon nanotube elevators / cables,Carbon dioxide; Lithium; Electrolytes; Graphite; Electrolytes,Coating; Curing; Filtration,low yield; manufacturing repeatability; separation cost; supply-chain constraint,"Lab materials are strong, but long cables fall far below theoretical strength.","Direct sources for process route, materials, bottlenecks, readiness, economics, and safety/regulatory issues",Partially supported / needs cautious wording,"Popescu, D. M., and S. A. Edwards. 2018. Building the space elevator: lessons from biological design. Journal of the Royal Society Interface. (https://royalsocietypublishing.org/doi/10.1098/rsif.2018.0086) | U.S. Geological Survey. 2025. Mineral Commodity Summaries 2025. (https://pubs.usgs.gov/publication/mcs2025) | International Energy Agency. 2025. Global Critical Minerals Outlook 2025. (https://www.iea.org/reports/global-critical-minerals-outlook-2025) | U.S. Department of Energy. 2015. Bandwidth Study on Energy Use and Potential Energy Saving Opportunities in U.S. Chemical Manufacturing. (https://www.energy.gov/cmei/ito/articles/bandwidth-study-us-chemical-manufacturing) | Tiwary, S. K., et al. 2024. Graphene oxide-based membranes for water desalination: progress and challenges. npj Clean Water. (https://www.nature.com/articles/s41699-024-00462-z) | Wang, S., and M. W. Urban. 2020. Self-healing polymers. Nature Reviews Materials. (https://ui.adsabs.harvard.edu/abs/2020NatRM...5..562W/abstract)",Tier 1 preferred; Tier 2 supplemental,Low-Medium,"Sources support adjacent mechanisms, components, or analogues, not the full system.","Frame as speculative analogue evidence. Keep Carbon nanotube elevators / cables wording qualified around economics, timelines, and performance unless claim-level evidence is added."
Technology / simplified PFD,Carbon nanotube elevators / cables is represented with the simplified PFD sequence: CNT synthesis → Purification → Fiber spinning → Alignment/densification → Cable testing.,process-flow assumption,Carbon nanotube elevators / cables,Carbon dioxide; Lithium; Electrolytes; Graphite; Electrolytes,Coating; Curing; Filtration,low yield; manufacturing repeatability; separation cost; supply-chain constraint,"Lab materials are strong, but long cables fall far below theoretical strength.",Process-route sources showing actual major unit operations or system blocks,Partially supported / needs cautious wording,"Popescu, D. M., and S. A. Edwards. 2018. Building the space elevator: lessons from biological design. Journal of the Royal Society Interface. (https://royalsocietypublishing.org/doi/10.1098/rsif.2018.0086) | U.S. Geological Survey. 2025. Mineral Commodity Summaries 2025. (https://pubs.usgs.gov/publication/mcs2025) | International Energy Agency. 2025. Global Critical Minerals Outlook 2025. (https://www.iea.org/reports/global-critical-minerals-outlook-2025) | U.S. Department of Energy. 2015. Bandwidth Study on Energy Use and Potential Energy Saving Opportunities in U.S. Chemical Manufacturing. (https://www.energy.gov/cmei/ito/articles/bandwidth-study-us-chemical-manufacturing) | Tiwary, S. K., et al. 2024. Graphene oxide-based membranes for water desalination: progress and challenges. npj Clean Water. (https://www.nature.com/articles/s41699-024-00462-z) | Wang, S., and M. W. Urban. 2020. Self-healing polymers. Nature Reviews Materials. (https://ui.adsabs.harvard.edu/abs/2020NatRM...5..562W/abstract)",Tier 1 preferred; Tier 2 supplemental,Low-Medium,Mini-PFDs are simplified; exact process routes can vary by architecture/vendor/design.,Treat the mini-PFD as a teaching abstraction unless a source directly supports the sequence.
Technology / readiness gap,"Carbon nanotube elevators / cables readiness gap: Lab materials are strong, but long cables fall far below theoretical strength.",readiness/economics claim,Carbon nanotube elevators / cables,Carbon dioxide; Lithium; Electrolytes; Graphite; Electrolytes,Coating; Curing; Filtration,low yield; manufacturing repeatability; separation cost; supply-chain constraint,"Lab materials are strong, but long cables fall far below theoretical strength.",TRL/MRL/IRL plus domain-specific demonstration/commercialization sources,Partially supported / needs cautious wording,"Popescu, D. M., and S. A. Edwards. 2018. Building the space elevator: lessons from biological design. Journal of the Royal Society Interface. (https://royalsocietypublishing.org/doi/10.1098/rsif.2018.0086) | U.S. Geological Survey. 2025. Mineral Commodity Summaries 2025. (https://pubs.usgs.gov/publication/mcs2025) | International Energy Agency. 2025. Global Critical Minerals Outlook 2025. (https://www.iea.org/reports/global-critical-minerals-outlook-2025) | U.S. Department of Energy. 2015. Bandwidth Study on Energy Use and Potential Energy Saving Opportunities in U.S. Chemical Manufacturing. (https://www.energy.gov/cmei/ito/articles/bandwidth-study-us-chemical-manufacturing) | Tiwary, S. K., et al. 2024. Graphene oxide-based membranes for water desalination: progress and challenges. npj Clean Water. (https://www.nature.com/articles/s41699-024-00462-z) | Wang, S., and M. W. Urban. 2020. Self-healing polymers. Nature Reviews Materials. (https://ui.adsabs.harvard.edu/abs/2020NatRM...5..562W/abstract)",Tier 1 preferred; Tier 2 supplemental,Low-Medium,"Sources support adjacent mechanisms, components, or analogues, not the full system.","Qualify readiness gaps with the specific maturity dimension: technical, manufacturing, integration, infrastructure, safety, or economics."
Technology / scale trigger,Carbon nanotube elevators / cables scale trigger: Fiber strength must survive kilometers of defects and joining.,readiness/economics claim + engineering inference,Carbon nanotube elevators / cables,Carbon dioxide; Lithium; Electrolytes; Graphite; Electrolytes,Coating; Curing; Filtration,low yield; manufacturing repeatability; separation cost; supply-chain constraint,Fiber strength must survive kilometers of defects and joining.,"Techno-economic analysis, pilot data, manufacturing learning, reliability, regulatory/permitting evidence",Partially supported / needs cautious wording,"Popescu, D. M., and S. A. Edwards. 2018. Building the space elevator: lessons from biological design. Journal of the Royal Society Interface. (https://royalsocietypublishing.org/doi/10.1098/rsif.2018.0086) | U.S. Geological Survey. 2025. Mineral Commodity Summaries 2025. (https://pubs.usgs.gov/publication/mcs2025) | International Energy Agency. 2025. Global Critical Minerals Outlook 2025. (https://www.iea.org/reports/global-critical-minerals-outlook-2025) | U.S. Department of Energy. 2015. Bandwidth Study on Energy Use and Potential Energy Saving Opportunities in U.S. Chemical Manufacturing. (https://www.energy.gov/cmei/ito/articles/bandwidth-study-us-chemical-manufacturing) | Tiwary, S. K., et al. 2024. Graphene oxide-based membranes for water desalination: progress and challenges. npj Clean Water. (https://www.nature.com/articles/s41699-024-00462-z) | Wang, S., and M. W. Urban. 2020. Self-healing polymers. Nature Reviews Materials. (https://ui.adsabs.harvard.edu/abs/2020NatRM...5..562W/abstract)",Tier 1 preferred; Tier 2 supplemental,Low-Medium,"Scale-trigger language is often inferential and should be verified with TEA, deployment data, or agency roadmap sources.",Phrase scale triggers as hypotheses unless a direct source supports the causal threshold.
Technology / realistic pathway,"Smart clothing: Flexible sensors, conductive fibers, washable electronics, low-power modules, and data systems.",process-flow assumption + engineering inference,Smart clothing,Copper; Polymers; Smart textiles; Flexible electronics; Polymers,Coating; Curing; Filtration,energy penalty; material degradation; heat management; data/control problem,Wearables exist; seamless textile integration is still fragile.,"Direct sources for process route, materials, bottlenecks, readiness, economics, and safety/regulatory issues",Supported as starter-sourced framing,"Huang, G., et al. 2024. Radiative cooling and indoor light management enabled by a transparent, haze-free metafilm. Nature Communications. (https://www.nature.com/articles/s41467-024-48150-2) | Recent advances in conductive materials for printed electronics. 2024. Polymer Advanced Technologies. (https://onlinelibrary.wiley.com/doi/10.1002/pat.6581) | Wang, S., and M. W. Urban. 2020. Self-healing polymers. Nature Reviews Materials. (https://ui.adsabs.harvard.edu/abs/2020NatRM...5..562W/abstract) | International Energy Agency. 2025. Global Critical Minerals Outlook 2025. (https://www.iea.org/reports/global-critical-minerals-outlook-2025) | U.S. Geological Survey. 2025. Mineral Commodity Summaries 2025. (https://pubs.usgs.gov/publication/mcs2025) | Tiwary, S. K., et al. 2024. Graphene oxide-based membranes for water desalination: progress and challenges. npj Clean Water. (https://www.nature.com/articles/s41699-024-00462-z)",Tier 1 preferred; Tier 2 supplemental,Medium,"Source set supports the process framing, but individual claims require direct verification.","Verify numbers, economics, timelines, and performance separately. Keep Smart clothing wording qualified around economics, timelines, and performance unless claim-level evidence is added."
Technology / simplified PFD,Smart clothing is represented with the simplified PFD sequence: Fiber/textile prep → Sensor integration → Encapsulation → Garment assembly → Data interface.,process-flow assumption,Smart clothing,Copper; Polymers; Smart textiles; Flexible electronics; Polymers,Coating; Curing; Filtration,energy penalty; material degradation; heat management; data/control problem,Wearables exist; seamless textile integration is still fragile.,Process-route sources showing actual major unit operations or system blocks,Supported as starter-sourced framing,"Huang, G., et al. 2024. Radiative cooling and indoor light management enabled by a transparent, haze-free metafilm. Nature Communications. (https://www.nature.com/articles/s41467-024-48150-2) | Recent advances in conductive materials for printed electronics. 2024. Polymer Advanced Technologies. (https://onlinelibrary.wiley.com/doi/10.1002/pat.6581) | Wang, S., and M. W. Urban. 2020. Self-healing polymers. Nature Reviews Materials. (https://ui.adsabs.harvard.edu/abs/2020NatRM...5..562W/abstract) | International Energy Agency. 2025. Global Critical Minerals Outlook 2025. (https://www.iea.org/reports/global-critical-minerals-outlook-2025) | U.S. Geological Survey. 2025. Mineral Commodity Summaries 2025. (https://pubs.usgs.gov/publication/mcs2025) | Tiwary, S. K., et al. 2024. Graphene oxide-based membranes for water desalination: progress and challenges. npj Clean Water. (https://www.nature.com/articles/s41699-024-00462-z)",Tier 1 preferred; Tier 2 supplemental,Medium,Mini-PFDs are simplified; exact process routes can vary by architecture/vendor/design.,Treat the mini-PFD as a teaching abstraction unless a source directly supports the sequence.
Technology / readiness gap,Smart clothing readiness gap: Wearables exist; seamless textile integration is still fragile.,readiness/economics claim,Smart clothing,Copper; Polymers; Smart textiles; Flexible electronics; Polymers,Coating; Curing; Filtration,energy penalty; material degradation; heat management; data/control problem,Wearables exist; seamless textile integration is still fragile.,TRL/MRL/IRL plus domain-specific demonstration/commercialization sources,Supported as starter-sourced framing,"Huang, G., et al. 2024. Radiative cooling and indoor light management enabled by a transparent, haze-free metafilm. Nature Communications. (https://www.nature.com/articles/s41467-024-48150-2) | Recent advances in conductive materials for printed electronics. 2024. Polymer Advanced Technologies. (https://onlinelibrary.wiley.com/doi/10.1002/pat.6581) | Wang, S., and M. W. Urban. 2020. Self-healing polymers. Nature Reviews Materials. (https://ui.adsabs.harvard.edu/abs/2020NatRM...5..562W/abstract) | International Energy Agency. 2025. Global Critical Minerals Outlook 2025. (https://www.iea.org/reports/global-critical-minerals-outlook-2025) | U.S. Geological Survey. 2025. Mineral Commodity Summaries 2025. (https://pubs.usgs.gov/publication/mcs2025) | Tiwary, S. K., et al. 2024. Graphene oxide-based membranes for water desalination: progress and challenges. npj Clean Water. (https://www.nature.com/articles/s41699-024-00462-z)",Tier 1 preferred; Tier 2 supplemental,Medium,"Source set supports the process framing, but individual claims require direct verification.","Qualify readiness gaps with the specific maturity dimension: technical, manufacturing, integration, infrastructure, safety, or economics."
Technology / scale trigger,"Smart clothing scale trigger: Electronics must survive washing, bending, sweat, and daily use.",readiness/economics claim + engineering inference,Smart clothing,Copper; Polymers; Smart textiles; Flexible electronics; Polymers,Coating; Curing; Filtration,energy penalty; material degradation; heat management; data/control problem,"Electronics must survive washing, bending, sweat, and daily use.","Techno-economic analysis, pilot data, manufacturing learning, reliability, regulatory/permitting evidence",Needs claim-level verification,"Huang, G., et al. 2024. Radiative cooling and indoor light management enabled by a transparent, haze-free metafilm. Nature Communications. (https://www.nature.com/articles/s41467-024-48150-2) | Recent advances in conductive materials for printed electronics. 2024. Polymer Advanced Technologies. (https://onlinelibrary.wiley.com/doi/10.1002/pat.6581) | Wang, S., and M. W. Urban. 2020. Self-healing polymers. Nature Reviews Materials. (https://ui.adsabs.harvard.edu/abs/2020NatRM...5..562W/abstract) | International Energy Agency. 2025. Global Critical Minerals Outlook 2025. (https://www.iea.org/reports/global-critical-minerals-outlook-2025) | U.S. Geological Survey. 2025. Mineral Commodity Summaries 2025. (https://pubs.usgs.gov/publication/mcs2025) | Tiwary, S. K., et al. 2024. Graphene oxide-based membranes for water desalination: progress and challenges. npj Clean Water. (https://www.nature.com/articles/s41699-024-00462-z)",Tier 1 preferred; Tier 2 supplemental,Low-Medium,"Scale-trigger language is often inferential and should be verified with TEA, deployment data, or agency roadmap sources.",Phrase scale triggers as hypotheses unless a direct source supports the causal threshold.
Technology / realistic pathway,"Exoskeleton suits: Lightweight actuators, batteries, sensors, control algorithms, ergonomics, and safety systems.",process-flow assumption + engineering inference,Exoskeleton suits,Lithium; Electrolytes; Graphite; Aluminum; Cement/concrete chemistries; Biomass-derived feedstocks; Cementitious materials; Mineral aggregates; Electrodes; Electrolytes; Smart textiles,,energy penalty; safety risk; data/control problem; extreme environment durability,"Industrial and medical exoskeletons exist, but broad everyday use is limited.","Direct sources for process route, materials, bottlenecks, readiness, economics, and safety/regulatory issues",Supported as starter-sourced framing,"Ralfs, L., et al. 2023. Insights into evaluating and using industrial exoskeletons. International Journal of Industrial Ergonomics. (https://www.sciencedirect.com/science/article/pii/S0169814123000860) | Nasr, A., et al. 2025. Safety in Wearable Robotic Exoskeletons: Design, Control, and Regulatory Considerations. ASME Journal of Mechanisms and Robotics. (https://asmedigitalcollection.asme.org/mechanismsrobotics/article/17/5/050801/1207334/Safety-in-Wearable-Robotic-Exoskeletons-Design) | Pote, T. R., Asbeck, N. V., and Asbeck, A. T. 2023. The Ethics of Mandatory Exoskeleton Use in Commercial and Industrial Settings. IEEE Transactions on Technology and Society. (https://vtechworks.lib.vt.edu/bitstreams/ad217288-a819-4fac-80ea-90cc64119de3/download) | NIOSH. 2024. Transforming Construction: Automation and Robotics for a Safer Future. (https://www.cdc.gov/niosh/bulletin/2024/construction-robotics.html) | National Academies of Sciences, Engineering, and Medicine. 2024. Options for a National Plan for Smart Manufacturing. (https://www.nationalacademies.org/publications/27260) | National Institute of Standards and Technology. 2024. Smart Manufacturing. (https://www.nist.gov/smart-manufacturing)",Tier 1 preferred; Tier 2 supplemental,Medium,"Source set supports the process framing, but individual claims require direct verification.","Verify numbers, economics, timelines, and performance separately. Keep Exoskeleton suits wording qualified around economics, timelines, and performance unless claim-level evidence is added."
Technology / simplified PFD,Exoskeleton suits is represented with the simplified PFD sequence: User sensing → Control logic → Actuator response → Mechanical assistance → Feedback.,process-flow assumption,Exoskeleton suits,Lithium; Electrolytes; Graphite; Aluminum; Cement/concrete chemistries; Biomass-derived feedstocks; Cementitious materials; Mineral aggregates; Electrodes; Electrolytes; Smart textiles,,energy penalty; safety risk; data/control problem; extreme environment durability,"Industrial and medical exoskeletons exist, but broad everyday use is limited.",Process-route sources showing actual major unit operations or system blocks,Supported as starter-sourced framing,"Ralfs, L., et al. 2023. Insights into evaluating and using industrial exoskeletons. International Journal of Industrial Ergonomics. (https://www.sciencedirect.com/science/article/pii/S0169814123000860) | Nasr, A., et al. 2025. Safety in Wearable Robotic Exoskeletons: Design, Control, and Regulatory Considerations. ASME Journal of Mechanisms and Robotics. (https://asmedigitalcollection.asme.org/mechanismsrobotics/article/17/5/050801/1207334/Safety-in-Wearable-Robotic-Exoskeletons-Design) | Pote, T. R., Asbeck, N. V., and Asbeck, A. T. 2023. The Ethics of Mandatory Exoskeleton Use in Commercial and Industrial Settings. IEEE Transactions on Technology and Society. (https://vtechworks.lib.vt.edu/bitstreams/ad217288-a819-4fac-80ea-90cc64119de3/download) | NIOSH. 2024. Transforming Construction: Automation and Robotics for a Safer Future. (https://www.cdc.gov/niosh/bulletin/2024/construction-robotics.html) | National Academies of Sciences, Engineering, and Medicine. 2024. Options for a National Plan for Smart Manufacturing. (https://www.nationalacademies.org/publications/27260) | National Institute of Standards and Technology. 2024. Smart Manufacturing. (https://www.nist.gov/smart-manufacturing)",Tier 1 preferred; Tier 2 supplemental,Medium,Mini-PFDs are simplified; exact process routes can vary by architecture/vendor/design.,Treat the mini-PFD as a teaching abstraction unless a source directly supports the sequence.
Technology / readiness gap,"Exoskeleton suits readiness gap: Industrial and medical exoskeletons exist, but broad everyday use is limited.",readiness/economics claim,Exoskeleton suits,Lithium; Electrolytes; Graphite; Aluminum; Cement/concrete chemistries; Biomass-derived feedstocks; Cementitious materials; Mineral aggregates; Electrodes; Electrolytes; Smart textiles,,energy penalty; safety risk; data/control problem; extreme environment durability,"Industrial and medical exoskeletons exist, but broad everyday use is limited.",TRL/MRL/IRL plus domain-specific demonstration/commercialization sources,Supported as starter-sourced framing,"Ralfs, L., et al. 2023. Insights into evaluating and using industrial exoskeletons. International Journal of Industrial Ergonomics. (https://www.sciencedirect.com/science/article/pii/S0169814123000860) | Nasr, A., et al. 2025. Safety in Wearable Robotic Exoskeletons: Design, Control, and Regulatory Considerations. ASME Journal of Mechanisms and Robotics. (https://asmedigitalcollection.asme.org/mechanismsrobotics/article/17/5/050801/1207334/Safety-in-Wearable-Robotic-Exoskeletons-Design) | Pote, T. R., Asbeck, N. V., and Asbeck, A. T. 2023. The Ethics of Mandatory Exoskeleton Use in Commercial and Industrial Settings. IEEE Transactions on Technology and Society. (https://vtechworks.lib.vt.edu/bitstreams/ad217288-a819-4fac-80ea-90cc64119de3/download) | NIOSH. 2024. Transforming Construction: Automation and Robotics for a Safer Future. (https://www.cdc.gov/niosh/bulletin/2024/construction-robotics.html) | National Academies of Sciences, Engineering, and Medicine. 2024. Options for a National Plan for Smart Manufacturing. (https://www.nationalacademies.org/publications/27260) | National Institute of Standards and Technology. 2024. Smart Manufacturing. (https://www.nist.gov/smart-manufacturing)",Tier 1 preferred; Tier 2 supplemental,Medium,"Source set supports the process framing, but individual claims require direct verification.","Qualify readiness gaps with the specific maturity dimension: technical, manufacturing, integration, infrastructure, safety, or economics."
Technology / scale trigger,Exoskeleton suits scale trigger: Assistance must be comfortable enough to wear for full shifts.,readiness/economics claim + engineering inference,Exoskeleton suits,Lithium; Electrolytes; Graphite; Aluminum; Cement/concrete chemistries; Biomass-derived feedstocks; Cementitious materials; Mineral aggregates; Electrodes; Electrolytes; Smart textiles,,energy penalty; safety risk; data/control problem; extreme environment durability,Assistance must be comfortable enough to wear for full shifts.,"Techno-economic analysis, pilot data, manufacturing learning, reliability, regulatory/permitting evidence",Needs claim-level verification,"Ralfs, L., et al. 2023. Insights into evaluating and using industrial exoskeletons. International Journal of Industrial Ergonomics. (https://www.sciencedirect.com/science/article/pii/S0169814123000860) | Nasr, A., et al. 2025. Safety in Wearable Robotic Exoskeletons: Design, Control, and Regulatory Considerations. ASME Journal of Mechanisms and Robotics. (https://asmedigitalcollection.asme.org/mechanismsrobotics/article/17/5/050801/1207334/Safety-in-Wearable-Robotic-Exoskeletons-Design) | Pote, T. R., Asbeck, N. V., and Asbeck, A. T. 2023. The Ethics of Mandatory Exoskeleton Use in Commercial and Industrial Settings. IEEE Transactions on Technology and Society. (https://vtechworks.lib.vt.edu/bitstreams/ad217288-a819-4fac-80ea-90cc64119de3/download) | NIOSH. 2024. Transforming Construction: Automation and Robotics for a Safer Future. (https://www.cdc.gov/niosh/bulletin/2024/construction-robotics.html) | National Academies of Sciences, Engineering, and Medicine. 2024. Options for a National Plan for Smart Manufacturing. (https://www.nationalacademies.org/publications/27260) | National Institute of Standards and Technology. 2024. Smart Manufacturing. (https://www.nist.gov/smart-manufacturing)",Tier 1 preferred; Tier 2 supplemental,Low-Medium,"Scale-trigger language is often inferential and should be verified with TEA, deployment data, or agency roadmap sources.",Phrase scale triggers as hypotheses unless a direct source supports the causal threshold.
Technology / realistic pathway,"Cloaking materials: Metamaterials, adaptive displays, cameras, light-field control, and flexible substrates.",process-flow assumption + engineering inference,Cloaking materials,Water; Catalysts; Silicon wafers; Photoresists; Thin films; Functional coatings; Binders,Heat exchange; Coating; Curing; Filtration,energy penalty; heat management; data/control problem; scale-up uncertainty,Narrow-band effects exist; practical all-angle invisibility is far away.,"Direct sources for process route, materials, bottlenecks, readiness, economics, and safety/regulatory issues",Partially supported / needs cautious wording,"Khan, M. S., et al. 2024. A focused review on techniques for achieving cloaking using metamaterials. Optik. (https://www.sciencedirect.com/science/article/abs/pii/S0030402623010732) | Vellucci, S., et al. 2021. From invisibility to intelligent antennas: A review of electromagnetic cloaking. EPJ Applied Metamaterials. (https://epjam.edp-open.org/articles/epjam/full_html/2021/01/epjam200028/epjam200028.html) | Aydın, G., et al. 2024. Breaking the limits of acoustic science: A review of acoustic metamaterials. Materials Science and Engineering: R. (https://www.sciencedirect.com/science/article/abs/pii/S0921510724002137) | Huang, G., et al. 2024. Radiative cooling and indoor light management enabled by a transparent, haze-free metafilm. Nature Communications. (https://www.nature.com/articles/s41467-024-48150-2) | International Energy Agency. 2025. Global Critical Minerals Outlook 2025. (https://www.iea.org/reports/global-critical-minerals-outlook-2025) | U.S. Geological Survey. 2025. Mineral Commodity Summaries 2025. (https://pubs.usgs.gov/publication/mcs2025)",Tier 1 preferred; Tier 2 supplemental,Low-Medium,"Sources support adjacent mechanisms, components, or analogues, not the full system.","Frame as speculative analogue evidence. Keep Cloaking materials wording qualified around economics, timelines, and performance unless claim-level evidence is added."
Technology / simplified PFD,Cloaking materials is represented with the simplified PFD sequence: Environmental sensing → Optical computation → Surface emission/reflection → Camouflage effect → Feedback.,process-flow assumption,Cloaking materials,Water; Catalysts; Silicon wafers; Photoresists; Thin films; Functional coatings; Binders,Heat exchange; Coating; Curing; Filtration,energy penalty; heat management; data/control problem; scale-up uncertainty,Narrow-band effects exist; practical all-angle invisibility is far away.,Process-route sources showing actual major unit operations or system blocks,Partially supported / needs cautious wording,"Khan, M. S., et al. 2024. A focused review on techniques for achieving cloaking using metamaterials. Optik. (https://www.sciencedirect.com/science/article/abs/pii/S0030402623010732) | Vellucci, S., et al. 2021. From invisibility to intelligent antennas: A review of electromagnetic cloaking. EPJ Applied Metamaterials. (https://epjam.edp-open.org/articles/epjam/full_html/2021/01/epjam200028/epjam200028.html) | Aydın, G., et al. 2024. Breaking the limits of acoustic science: A review of acoustic metamaterials. Materials Science and Engineering: R. (https://www.sciencedirect.com/science/article/abs/pii/S0921510724002137) | Huang, G., et al. 2024. Radiative cooling and indoor light management enabled by a transparent, haze-free metafilm. Nature Communications. (https://www.nature.com/articles/s41467-024-48150-2) | International Energy Agency. 2025. Global Critical Minerals Outlook 2025. (https://www.iea.org/reports/global-critical-minerals-outlook-2025) | U.S. Geological Survey. 2025. Mineral Commodity Summaries 2025. (https://pubs.usgs.gov/publication/mcs2025)",Tier 1 preferred; Tier 2 supplemental,Low-Medium,Mini-PFDs are simplified; exact process routes can vary by architecture/vendor/design.,Treat the mini-PFD as a teaching abstraction unless a source directly supports the sequence.
Technology / readiness gap,Cloaking materials readiness gap: Narrow-band effects exist; practical all-angle invisibility is far away.,readiness/economics claim,Cloaking materials,Water; Catalysts; Silicon wafers; Photoresists; Thin films; Functional coatings; Binders,Heat exchange; Coating; Curing; Filtration,energy penalty; heat management; data/control problem; scale-up uncertainty,Narrow-band effects exist; practical all-angle invisibility is far away.,TRL/MRL/IRL plus domain-specific demonstration/commercialization sources,Partially supported / needs cautious wording,"Khan, M. S., et al. 2024. A focused review on techniques for achieving cloaking using metamaterials. Optik. (https://www.sciencedirect.com/science/article/abs/pii/S0030402623010732) | Vellucci, S., et al. 2021. From invisibility to intelligent antennas: A review of electromagnetic cloaking. EPJ Applied Metamaterials. (https://epjam.edp-open.org/articles/epjam/full_html/2021/01/epjam200028/epjam200028.html) | Aydın, G., et al. 2024. Breaking the limits of acoustic science: A review of acoustic metamaterials. Materials Science and Engineering: R. (https://www.sciencedirect.com/science/article/abs/pii/S0921510724002137) | Huang, G., et al. 2024. Radiative cooling and indoor light management enabled by a transparent, haze-free metafilm. Nature Communications. (https://www.nature.com/articles/s41467-024-48150-2) | International Energy Agency. 2025. Global Critical Minerals Outlook 2025. (https://www.iea.org/reports/global-critical-minerals-outlook-2025) | U.S. Geological Survey. 2025. Mineral Commodity Summaries 2025. (https://pubs.usgs.gov/publication/mcs2025)",Tier 1 preferred; Tier 2 supplemental,Low-Medium,"Sources support adjacent mechanisms, components, or analogues, not the full system.","Qualify readiness gaps with the specific maturity dimension: technical, manufacturing, integration, infrastructure, safety, or economics."
Technology / scale trigger,"Cloaking materials scale trigger: Optical control must work across wavelengths, angles, and real backgrounds.",readiness/economics claim + engineering inference,Cloaking materials,Water; Catalysts; Silicon wafers; Photoresists; Thin films; Functional coatings; Binders,Heat exchange; Coating; Curing; Filtration,energy penalty; heat management; data/control problem; scale-up uncertainty,"Optical control must work across wavelengths, angles, and real backgrounds.","Techno-economic analysis, pilot data, manufacturing learning, reliability, regulatory/permitting evidence",Partially supported / needs cautious wording,"Khan, M. S., et al. 2024. A focused review on techniques for achieving cloaking using metamaterials. Optik. (https://www.sciencedirect.com/science/article/abs/pii/S0030402623010732) | Vellucci, S., et al. 2021. From invisibility to intelligent antennas: A review of electromagnetic cloaking. EPJ Applied Metamaterials. (https://epjam.edp-open.org/articles/epjam/full_html/2021/01/epjam200028/epjam200028.html) | Aydın, G., et al. 2024. Breaking the limits of acoustic science: A review of acoustic metamaterials. Materials Science and Engineering: R. (https://www.sciencedirect.com/science/article/abs/pii/S0921510724002137) | Huang, G., et al. 2024. Radiative cooling and indoor light management enabled by a transparent, haze-free metafilm. Nature Communications. (https://www.nature.com/articles/s41467-024-48150-2) | International Energy Agency. 2025. Global Critical Minerals Outlook 2025. (https://www.iea.org/reports/global-critical-minerals-outlook-2025) | U.S. Geological Survey. 2025. Mineral Commodity Summaries 2025. (https://pubs.usgs.gov/publication/mcs2025)",Tier 1 preferred; Tier 2 supplemental,Low-Medium,"Scale-trigger language is often inferential and should be verified with TEA, deployment data, or agency roadmap sources.",Phrase scale triggers as hypotheses unless a direct source supports the causal threshold.
Technology / realistic pathway,"Metamaterial sound control: Acoustic metamaterial panels, resonator arrays, additive manufacturing, and building integration.",process-flow assumption + engineering inference,Metamaterial sound control,Water; Catalysts; Catalysts,Coating; Curing; Filtration,cost curve problem; data/control problem; scale-up uncertainty,Targeted panels work; broadband thin solutions are harder.,"Direct sources for process route, materials, bottlenecks, readiness, economics, and safety/regulatory issues",Supported as starter-sourced framing,"Aydın, G., et al. 2024. Breaking the limits of acoustic science: A review of acoustic metamaterials. Materials Science and Engineering: R. (https://www.sciencedirect.com/science/article/abs/pii/S0921510724002137) | National Academies of Sciences, Engineering, and Medicine. 2024. Options for a National Plan for Smart Manufacturing. (https://www.nationalacademies.org/publications/27260) | National Institute of Standards and Technology. 2024. Smart Manufacturing. (https://www.nist.gov/smart-manufacturing) | White House / National Science and Technology Council. 2022. National Strategy for Advanced Manufacturing. (https://www.energy.gov/sites/default/files/2024-03/National-Strategy-for-Advanced-Manufacturing-10072022.pdf) | International Energy Agency. 2025. Global Critical Minerals Outlook 2025. (https://www.iea.org/reports/global-critical-minerals-outlook-2025) | U.S. Geological Survey. 2025. Mineral Commodity Summaries 2025. (https://pubs.usgs.gov/publication/mcs2025)",Tier 1 preferred; Tier 2 supplemental,Medium,"Source set supports the process framing, but individual claims require direct verification.","Verify numbers, economics, timelines, and performance separately. Keep Metamaterial sound control wording qualified around economics, timelines, and performance unless claim-level evidence is added."
Technology / simplified PFD,Metamaterial sound control is represented with the simplified PFD sequence: Material design → Resonator fabrication → Panel assembly → Installation → Acoustic tuning.,process-flow assumption,Metamaterial sound control,Water; Catalysts; Catalysts,Coating; Curing; Filtration,cost curve problem; data/control problem; scale-up uncertainty,Targeted panels work; broadband thin solutions are harder.,Process-route sources showing actual major unit operations or system blocks,Supported as starter-sourced framing,"Aydın, G., et al. 2024. Breaking the limits of acoustic science: A review of acoustic metamaterials. Materials Science and Engineering: R. (https://www.sciencedirect.com/science/article/abs/pii/S0921510724002137) | National Academies of Sciences, Engineering, and Medicine. 2024. Options for a National Plan for Smart Manufacturing. (https://www.nationalacademies.org/publications/27260) | National Institute of Standards and Technology. 2024. Smart Manufacturing. (https://www.nist.gov/smart-manufacturing) | White House / National Science and Technology Council. 2022. National Strategy for Advanced Manufacturing. (https://www.energy.gov/sites/default/files/2024-03/National-Strategy-for-Advanced-Manufacturing-10072022.pdf) | International Energy Agency. 2025. Global Critical Minerals Outlook 2025. (https://www.iea.org/reports/global-critical-minerals-outlook-2025) | U.S. Geological Survey. 2025. Mineral Commodity Summaries 2025. (https://pubs.usgs.gov/publication/mcs2025)",Tier 1 preferred; Tier 2 supplemental,Medium,Mini-PFDs are simplified; exact process routes can vary by architecture/vendor/design.,Treat the mini-PFD as a teaching abstraction unless a source directly supports the sequence.
Technology / readiness gap,Metamaterial sound control readiness gap: Targeted panels work; broadband thin solutions are harder.,readiness/economics claim,Metamaterial sound control,Water; Catalysts; Catalysts,Coating; Curing; Filtration,cost curve problem; data/control problem; scale-up uncertainty,Targeted panels work; broadband thin solutions are harder.,TRL/MRL/IRL plus domain-specific demonstration/commercialization sources,Supported as starter-sourced framing,"Aydın, G., et al. 2024. Breaking the limits of acoustic science: A review of acoustic metamaterials. Materials Science and Engineering: R. (https://www.sciencedirect.com/science/article/abs/pii/S0921510724002137) | National Academies of Sciences, Engineering, and Medicine. 2024. Options for a National Plan for Smart Manufacturing. (https://www.nationalacademies.org/publications/27260) | National Institute of Standards and Technology. 2024. Smart Manufacturing. (https://www.nist.gov/smart-manufacturing) | White House / National Science and Technology Council. 2022. National Strategy for Advanced Manufacturing. (https://www.energy.gov/sites/default/files/2024-03/National-Strategy-for-Advanced-Manufacturing-10072022.pdf) | International Energy Agency. 2025. Global Critical Minerals Outlook 2025. (https://www.iea.org/reports/global-critical-minerals-outlook-2025) | U.S. Geological Survey. 2025. Mineral Commodity Summaries 2025. (https://pubs.usgs.gov/publication/mcs2025)",Tier 1 preferred; Tier 2 supplemental,Medium,"Source set supports the process framing, but individual claims require direct verification.","Qualify readiness gaps with the specific maturity dimension: technical, manufacturing, integration, infrastructure, safety, or economics."
Technology / scale trigger,Metamaterial sound control scale trigger: Panels must reduce real noise while fitting architectural constraints.,readiness/economics claim + engineering inference,Metamaterial sound control,Water; Catalysts; Catalysts,Coating; Curing; Filtration,cost curve problem; data/control problem; scale-up uncertainty,Panels must reduce real noise while fitting architectural constraints.,"Techno-economic analysis, pilot data, manufacturing learning, reliability, regulatory/permitting evidence",Needs claim-level verification,"Aydın, G., et al. 2024. Breaking the limits of acoustic science: A review of acoustic metamaterials. Materials Science and Engineering: R. (https://www.sciencedirect.com/science/article/abs/pii/S0921510724002137) | National Academies of Sciences, Engineering, and Medicine. 2024. Options for a National Plan for Smart Manufacturing. (https://www.nationalacademies.org/publications/27260) | National Institute of Standards and Technology. 2024. Smart Manufacturing. (https://www.nist.gov/smart-manufacturing) | White House / National Science and Technology Council. 2022. National Strategy for Advanced Manufacturing. (https://www.energy.gov/sites/default/files/2024-03/National-Strategy-for-Advanced-Manufacturing-10072022.pdf) | International Energy Agency. 2025. Global Critical Minerals Outlook 2025. (https://www.iea.org/reports/global-critical-minerals-outlook-2025) | U.S. Geological Survey. 2025. Mineral Commodity Summaries 2025. (https://pubs.usgs.gov/publication/mcs2025)",Tier 1 preferred; Tier 2 supplemental,Low-Medium,"Scale-trigger language is often inferential and should be verified with TEA, deployment data, or agency roadmap sources.",Phrase scale triggers as hypotheses unless a direct source supports the causal threshold.
Technology / realistic pathway,"Self-cleaning surfaces: Hydrophobic or photocatalytic coatings, durable binders, surface texture, and UV activation.",process-flow assumption + engineering inference,Self-cleaning surfaces,Water; Cement/concrete chemistries; Catalysts; Glass; Transparent conductors; Functional coatings; Binders; Catalysts,Catalysis; Coating; Curing; Filtration,material degradation; scale-up uncertainty,"Products exist, but long-term outdoor performance is inconsistent.","Direct sources for process route, materials, bottlenecks, readiness, economics, and safety/regulatory issues",Supported as starter-sourced framing,"Xue, S., et al. 2024. A comprehensive review on self-cleaning glass surfaces. Materials. (https://pmc.ncbi.nlm.nih.gov/articles/PMC11514727/) | Sherin, T., et al. 2025. A comprehensive review on realization of self-cleaning surfaces. Discover Materials. (https://link.springer.com/article/10.1007/s40964-024-00734-6) | Zhang, C., et al. 2023. Superior self-cleaning surfaces via the synergy of superhydrophobicity and photocatalysis. Journal of Cleaner Production. (https://www.sciencedirect.com/science/article/abs/pii/S0959652623035886) | Mao, M., et al. 2024. Scalable robust photothermal superhydrophobic coatings. Nature Communications. (https://www.nature.com/articles/s41467-024-54058-8) | International Energy Agency. 2025. Global Critical Minerals Outlook 2025. (https://www.iea.org/reports/global-critical-minerals-outlook-2025) | U.S. Geological Survey. 2025. Mineral Commodity Summaries 2025. (https://pubs.usgs.gov/publication/mcs2025)",Tier 1 preferred; Tier 2 supplemental,Medium,"Source set supports the process framing, but individual claims require direct verification.","Verify numbers, economics, timelines, and performance separately. Keep Self-cleaning surfaces wording qualified around economics, timelines, and performance unless claim-level evidence is added."
Technology / simplified PFD,Self-cleaning surfaces is represented with the simplified PFD sequence: Surface prep → Coating deposition → Curing → Field exposure → Cleaning action.,process-flow assumption,Self-cleaning surfaces,Water; Cement/concrete chemistries; Catalysts; Glass; Transparent conductors; Functional coatings; Binders; Catalysts,Catalysis; Coating; Curing; Filtration,material degradation; scale-up uncertainty,"Products exist, but long-term outdoor performance is inconsistent.",Process-route sources showing actual major unit operations or system blocks,Supported as starter-sourced framing,"Xue, S., et al. 2024. A comprehensive review on self-cleaning glass surfaces. Materials. (https://pmc.ncbi.nlm.nih.gov/articles/PMC11514727/) | Sherin, T., et al. 2025. A comprehensive review on realization of self-cleaning surfaces. Discover Materials. (https://link.springer.com/article/10.1007/s40964-024-00734-6) | Zhang, C., et al. 2023. Superior self-cleaning surfaces via the synergy of superhydrophobicity and photocatalysis. Journal of Cleaner Production. (https://www.sciencedirect.com/science/article/abs/pii/S0959652623035886) | Mao, M., et al. 2024. Scalable robust photothermal superhydrophobic coatings. Nature Communications. (https://www.nature.com/articles/s41467-024-54058-8) | International Energy Agency. 2025. Global Critical Minerals Outlook 2025. (https://www.iea.org/reports/global-critical-minerals-outlook-2025) | U.S. Geological Survey. 2025. Mineral Commodity Summaries 2025. (https://pubs.usgs.gov/publication/mcs2025)",Tier 1 preferred; Tier 2 supplemental,Medium,Mini-PFDs are simplified; exact process routes can vary by architecture/vendor/design.,Treat the mini-PFD as a teaching abstraction unless a source directly supports the sequence.
Technology / readiness gap,"Self-cleaning surfaces readiness gap: Products exist, but long-term outdoor performance is inconsistent.",readiness/economics claim,Self-cleaning surfaces,Water; Cement/concrete chemistries; Catalysts; Glass; Transparent conductors; Functional coatings; Binders; Catalysts,Catalysis; Coating; Curing; Filtration,material degradation; scale-up uncertainty,"Products exist, but long-term outdoor performance is inconsistent.",TRL/MRL/IRL plus domain-specific demonstration/commercialization sources,Supported as starter-sourced framing,"Xue, S., et al. 2024. A comprehensive review on self-cleaning glass surfaces. Materials. (https://pmc.ncbi.nlm.nih.gov/articles/PMC11514727/) | Sherin, T., et al. 2025. A comprehensive review on realization of self-cleaning surfaces. Discover Materials. (https://link.springer.com/article/10.1007/s40964-024-00734-6) | Zhang, C., et al. 2023. Superior self-cleaning surfaces via the synergy of superhydrophobicity and photocatalysis. Journal of Cleaner Production. (https://www.sciencedirect.com/science/article/abs/pii/S0959652623035886) | Mao, M., et al. 2024. Scalable robust photothermal superhydrophobic coatings. Nature Communications. (https://www.nature.com/articles/s41467-024-54058-8) | International Energy Agency. 2025. Global Critical Minerals Outlook 2025. (https://www.iea.org/reports/global-critical-minerals-outlook-2025) | U.S. Geological Survey. 2025. Mineral Commodity Summaries 2025. (https://pubs.usgs.gov/publication/mcs2025)",Tier 1 preferred; Tier 2 supplemental,Medium,"Source set supports the process framing, but individual claims require direct verification.","Qualify readiness gaps with the specific maturity dimension: technical, manufacturing, integration, infrastructure, safety, or economics."
Technology / scale trigger,"Self-cleaning surfaces scale trigger: Coatings must survive abrasion, weather, and cleaning chemicals.",readiness/economics claim + engineering inference,Self-cleaning surfaces,Water; Cement/concrete chemistries; Catalysts; Glass; Transparent conductors; Functional coatings; Binders; Catalysts,Catalysis; Coating; Curing; Filtration,material degradation; scale-up uncertainty,"Coatings must survive abrasion, weather, and cleaning chemicals.","Techno-economic analysis, pilot data, manufacturing learning, reliability, regulatory/permitting evidence",Needs claim-level verification,"Xue, S., et al. 2024. A comprehensive review on self-cleaning glass surfaces. Materials. (https://pmc.ncbi.nlm.nih.gov/articles/PMC11514727/) | Sherin, T., et al. 2025. A comprehensive review on realization of self-cleaning surfaces. Discover Materials. (https://link.springer.com/article/10.1007/s40964-024-00734-6) | Zhang, C., et al. 2023. Superior self-cleaning surfaces via the synergy of superhydrophobicity and photocatalysis. Journal of Cleaner Production. (https://www.sciencedirect.com/science/article/abs/pii/S0959652623035886) | Mao, M., et al. 2024. Scalable robust photothermal superhydrophobic coatings. Nature Communications. (https://www.nature.com/articles/s41467-024-54058-8) | International Energy Agency. 2025. Global Critical Minerals Outlook 2025. (https://www.iea.org/reports/global-critical-minerals-outlook-2025) | U.S. Geological Survey. 2025. Mineral Commodity Summaries 2025. (https://pubs.usgs.gov/publication/mcs2025)",Tier 1 preferred; Tier 2 supplemental,Low-Medium,"Scale-trigger language is often inferential and should be verified with TEA, deployment data, or agency roadmap sources.",Phrase scale triggers as hypotheses unless a direct source supports the causal threshold.
Technology / realistic pathway,"Anti-icing materials: Icephobic coatings, heating elements, surface textures, and phase-change materials.",process-flow assumption + engineering inference,Anti-icing materials,Lithium; Electrolytes; Graphite; Aluminum; Functional coatings; Binders; Metals and alloys; Electrolytes,Coating; Heat exchange; Curing; Filtration,energy penalty; material degradation; heat management; safety risk,"Many coatings work in tests, but severe weather and abrasion reduce life.","Direct sources for process route, materials, bottlenecks, readiness, economics, and safety/regulatory issues",Supported as starter-sourced framing,"Huang, W., et al. 2022. Icephobic/anti-icing properties of superhydrophobic surfaces. Advances in Colloid and Interface Science. (https://www.sciencedirect.com/science/article/abs/pii/S0001868622000604) | Mao, M., et al. 2024. Scalable robust photothermal superhydrophobic coatings. Nature Communications. (https://www.nature.com/articles/s41467-024-54058-8) | U.S. Department of Energy. 2015. Bandwidth Study on Energy Use and Potential Energy Saving Opportunities in U.S. Chemical Manufacturing. (https://www.energy.gov/cmei/ito/articles/bandwidth-study-us-chemical-manufacturing) | Wang, S., and M. W. Urban. 2020. Self-healing polymers. Nature Reviews Materials. (https://ui.adsabs.harvard.edu/abs/2020NatRM...5..562W/abstract) | International Energy Agency. 2025. Global Critical Minerals Outlook 2025. (https://www.iea.org/reports/global-critical-minerals-outlook-2025) | U.S. Geological Survey. 2025. Mineral Commodity Summaries 2025. (https://pubs.usgs.gov/publication/mcs2025)",Tier 1 preferred; Tier 2 supplemental,Medium,"Source set supports the process framing, but individual claims require direct verification.","Verify numbers, economics, timelines, and performance separately. Keep Anti-icing materials wording qualified around economics, timelines, and performance unless claim-level evidence is added."
Technology / simplified PFD,Anti-icing materials is represented with the simplified PFD sequence: Surface prep → Coating/heater integration → Environmental exposure → Ice prevention/removal → Inspection.,process-flow assumption,Anti-icing materials,Lithium; Electrolytes; Graphite; Aluminum; Functional coatings; Binders; Metals and alloys; Electrolytes,Coating; Heat exchange; Curing; Filtration,energy penalty; material degradation; heat management; safety risk,"Many coatings work in tests, but severe weather and abrasion reduce life.",Process-route sources showing actual major unit operations or system blocks,Supported as starter-sourced framing,"Huang, W., et al. 2022. Icephobic/anti-icing properties of superhydrophobic surfaces. Advances in Colloid and Interface Science. (https://www.sciencedirect.com/science/article/abs/pii/S0001868622000604) | Mao, M., et al. 2024. Scalable robust photothermal superhydrophobic coatings. Nature Communications. (https://www.nature.com/articles/s41467-024-54058-8) | U.S. Department of Energy. 2015. Bandwidth Study on Energy Use and Potential Energy Saving Opportunities in U.S. Chemical Manufacturing. (https://www.energy.gov/cmei/ito/articles/bandwidth-study-us-chemical-manufacturing) | Wang, S., and M. W. Urban. 2020. Self-healing polymers. Nature Reviews Materials. (https://ui.adsabs.harvard.edu/abs/2020NatRM...5..562W/abstract) | International Energy Agency. 2025. Global Critical Minerals Outlook 2025. (https://www.iea.org/reports/global-critical-minerals-outlook-2025) | U.S. Geological Survey. 2025. Mineral Commodity Summaries 2025. (https://pubs.usgs.gov/publication/mcs2025)",Tier 1 preferred; Tier 2 supplemental,Medium,Mini-PFDs are simplified; exact process routes can vary by architecture/vendor/design.,Treat the mini-PFD as a teaching abstraction unless a source directly supports the sequence.
Technology / readiness gap,"Anti-icing materials readiness gap: Many coatings work in tests, but severe weather and abrasion reduce life.",readiness/economics claim,Anti-icing materials,Lithium; Electrolytes; Graphite; Aluminum; Functional coatings; Binders; Metals and alloys; Electrolytes,Coating; Heat exchange; Curing; Filtration,energy penalty; material degradation; heat management; safety risk,"Many coatings work in tests, but severe weather and abrasion reduce life.",TRL/MRL/IRL plus domain-specific demonstration/commercialization sources,Supported as starter-sourced framing,"Huang, W., et al. 2022. Icephobic/anti-icing properties of superhydrophobic surfaces. Advances in Colloid and Interface Science. (https://www.sciencedirect.com/science/article/abs/pii/S0001868622000604) | Mao, M., et al. 2024. Scalable robust photothermal superhydrophobic coatings. Nature Communications. (https://www.nature.com/articles/s41467-024-54058-8) | U.S. Department of Energy. 2015. Bandwidth Study on Energy Use and Potential Energy Saving Opportunities in U.S. Chemical Manufacturing. (https://www.energy.gov/cmei/ito/articles/bandwidth-study-us-chemical-manufacturing) | Wang, S., and M. W. Urban. 2020. Self-healing polymers. Nature Reviews Materials. (https://ui.adsabs.harvard.edu/abs/2020NatRM...5..562W/abstract) | International Energy Agency. 2025. Global Critical Minerals Outlook 2025. (https://www.iea.org/reports/global-critical-minerals-outlook-2025) | U.S. Geological Survey. 2025. Mineral Commodity Summaries 2025. (https://pubs.usgs.gov/publication/mcs2025)",Tier 1 preferred; Tier 2 supplemental,Medium,"Source set supports the process framing, but individual claims require direct verification.","Qualify readiness gaps with the specific maturity dimension: technical, manufacturing, integration, infrastructure, safety, or economics."
Technology / scale trigger,"Anti-icing materials scale trigger: Materials must perform under real icing, erosion, UV, and maintenance.",readiness/economics claim + engineering inference,Anti-icing materials,Lithium; Electrolytes; Graphite; Aluminum; Functional coatings; Binders; Metals and alloys; Electrolytes,Coating; Heat exchange; Curing; Filtration,energy penalty; material degradation; heat management; safety risk,"Materials must perform under real icing, erosion, UV, and maintenance.","Techno-economic analysis, pilot data, manufacturing learning, reliability, regulatory/permitting evidence",Needs claim-level verification,"Huang, W., et al. 2022. Icephobic/anti-icing properties of superhydrophobic surfaces. Advances in Colloid and Interface Science. (https://www.sciencedirect.com/science/article/abs/pii/S0001868622000604) | Mao, M., et al. 2024. Scalable robust photothermal superhydrophobic coatings. Nature Communications. (https://www.nature.com/articles/s41467-024-54058-8) | U.S. Department of Energy. 2015. Bandwidth Study on Energy Use and Potential Energy Saving Opportunities in U.S. Chemical Manufacturing. (https://www.energy.gov/cmei/ito/articles/bandwidth-study-us-chemical-manufacturing) | Wang, S., and M. W. Urban. 2020. Self-healing polymers. Nature Reviews Materials. (https://ui.adsabs.harvard.edu/abs/2020NatRM...5..562W/abstract) | International Energy Agency. 2025. Global Critical Minerals Outlook 2025. (https://www.iea.org/reports/global-critical-minerals-outlook-2025) | U.S. Geological Survey. 2025. Mineral Commodity Summaries 2025. (https://pubs.usgs.gov/publication/mcs2025)",Tier 1 preferred; Tier 2 supplemental,Low-Medium,"Scale-trigger language is often inferential and should be verified with TEA, deployment data, or agency roadmap sources.",Phrase scale triggers as hypotheses unless a direct source supports the causal threshold.
Technology / realistic pathway,"Aerogel insulation cities: Silica or polymer aerogel production, drying processes, composite panels, fire safety, and cost reduction.",process-flow assumption + engineering inference,Aerogel insulation cities,Aluminum; Polymers; Polymers,Drying; Solvent recovery; Coating; Curing; Filtration,energy penalty; safety risk; cost curve problem; scale-up uncertainty,Aerogels are commercial but too expensive for universal building use.,"Direct sources for process route, materials, bottlenecks, readiness, economics, and safety/regulatory issues",Supported as starter-sourced framing,"Lu, L., et al. 2024. A state-of-the-art review of novel aerogel insulation materials for building applications. Energy Sources, Part A. (https://www.tandfonline.com/doi/full/10.1080/15567036.2024.2424915) | Huang, G., et al. 2024. Radiative cooling and indoor light management enabled by a transparent, haze-free metafilm. Nature Communications. (https://www.nature.com/articles/s41467-024-48150-2) | U.S. Department of Energy Building Technologies Office. 2023. Better Windows, Better Outcomes: How Electrochromics Improve Health, Productivity, and Efficiency. (https://www.energy.gov/sites/default/files/2023-12/bto-electrochromic-window-report-121123.pdf) | National Academies of Sciences, Engineering, and Medicine. 2020. Deployment of Deep Decarbonization Technologies. (https://www.nationalacademies.org/read/25656/chapter/6) | International Energy Agency. 2025. Global Critical Minerals Outlook 2025. (https://www.iea.org/reports/global-critical-minerals-outlook-2025) | U.S. Geological Survey. 2025. Mineral Commodity Summaries 2025. (https://pubs.usgs.gov/publication/mcs2025)",Tier 1 preferred; Tier 2 supplemental,Medium,"Source set supports the process framing, but individual claims require direct verification.","Verify numbers, economics, timelines, and performance separately. Keep Aerogel insulation cities wording qualified around economics, timelines, and performance unless claim-level evidence is added."
Technology / simplified PFD,Aerogel insulation cities is represented with the simplified PFD sequence: Sol-gel formation → Aging → Drying → Composite integration → Panel installation.,process-flow assumption,Aerogel insulation cities,Aluminum; Polymers; Polymers,Drying; Solvent recovery; Coating; Curing; Filtration,energy penalty; safety risk; cost curve problem; scale-up uncertainty,Aerogels are commercial but too expensive for universal building use.,Process-route sources showing actual major unit operations or system blocks,Supported as starter-sourced framing,"Lu, L., et al. 2024. A state-of-the-art review of novel aerogel insulation materials for building applications. Energy Sources, Part A. (https://www.tandfonline.com/doi/full/10.1080/15567036.2024.2424915) | Huang, G., et al. 2024. Radiative cooling and indoor light management enabled by a transparent, haze-free metafilm. Nature Communications. (https://www.nature.com/articles/s41467-024-48150-2) | U.S. Department of Energy Building Technologies Office. 2023. Better Windows, Better Outcomes: How Electrochromics Improve Health, Productivity, and Efficiency. (https://www.energy.gov/sites/default/files/2023-12/bto-electrochromic-window-report-121123.pdf) | National Academies of Sciences, Engineering, and Medicine. 2020. Deployment of Deep Decarbonization Technologies. (https://www.nationalacademies.org/read/25656/chapter/6) | International Energy Agency. 2025. Global Critical Minerals Outlook 2025. (https://www.iea.org/reports/global-critical-minerals-outlook-2025) | U.S. Geological Survey. 2025. Mineral Commodity Summaries 2025. (https://pubs.usgs.gov/publication/mcs2025)",Tier 1 preferred; Tier 2 supplemental,Medium,Mini-PFDs are simplified; exact process routes can vary by architecture/vendor/design.,Treat the mini-PFD as a teaching abstraction unless a source directly supports the sequence.
Technology / readiness gap,Aerogel insulation cities readiness gap: Aerogels are commercial but too expensive for universal building use.,readiness/economics claim,Aerogel insulation cities,Aluminum; Polymers; Polymers,Drying; Solvent recovery; Coating; Curing; Filtration,energy penalty; safety risk; cost curve problem; scale-up uncertainty,Aerogels are commercial but too expensive for universal building use.,TRL/MRL/IRL plus domain-specific demonstration/commercialization sources,Supported as starter-sourced framing,"Lu, L., et al. 2024. A state-of-the-art review of novel aerogel insulation materials for building applications. Energy Sources, Part A. (https://www.tandfonline.com/doi/full/10.1080/15567036.2024.2424915) | Huang, G., et al. 2024. Radiative cooling and indoor light management enabled by a transparent, haze-free metafilm. Nature Communications. (https://www.nature.com/articles/s41467-024-48150-2) | U.S. Department of Energy Building Technologies Office. 2023. Better Windows, Better Outcomes: How Electrochromics Improve Health, Productivity, and Efficiency. (https://www.energy.gov/sites/default/files/2023-12/bto-electrochromic-window-report-121123.pdf) | National Academies of Sciences, Engineering, and Medicine. 2020. Deployment of Deep Decarbonization Technologies. (https://www.nationalacademies.org/read/25656/chapter/6) | International Energy Agency. 2025. Global Critical Minerals Outlook 2025. (https://www.iea.org/reports/global-critical-minerals-outlook-2025) | U.S. Geological Survey. 2025. Mineral Commodity Summaries 2025. (https://pubs.usgs.gov/publication/mcs2025)",Tier 1 preferred; Tier 2 supplemental,Medium,"Source set supports the process framing, but individual claims require direct verification.","Qualify readiness gaps with the specific maturity dimension: technical, manufacturing, integration, infrastructure, safety, or economics."
Technology / scale trigger,Aerogel insulation cities scale trigger: Panel manufacturing must lower cost while preserving insulation value.,readiness/economics claim + engineering inference,Aerogel insulation cities,Aluminum; Polymers; Polymers,Drying; Solvent recovery; Coating; Curing; Filtration,energy penalty; safety risk; cost curve problem; scale-up uncertainty,Panel manufacturing must lower cost while preserving insulation value.,"Techno-economic analysis, pilot data, manufacturing learning, reliability, regulatory/permitting evidence",Needs claim-level verification,"Lu, L., et al. 2024. A state-of-the-art review of novel aerogel insulation materials for building applications. Energy Sources, Part A. (https://www.tandfonline.com/doi/full/10.1080/15567036.2024.2424915) | Huang, G., et al. 2024. Radiative cooling and indoor light management enabled by a transparent, haze-free metafilm. Nature Communications. (https://www.nature.com/articles/s41467-024-48150-2) | U.S. Department of Energy Building Technologies Office. 2023. Better Windows, Better Outcomes: How Electrochromics Improve Health, Productivity, and Efficiency. (https://www.energy.gov/sites/default/files/2023-12/bto-electrochromic-window-report-121123.pdf) | National Academies of Sciences, Engineering, and Medicine. 2020. Deployment of Deep Decarbonization Technologies. (https://www.nationalacademies.org/read/25656/chapter/6) | International Energy Agency. 2025. Global Critical Minerals Outlook 2025. (https://www.iea.org/reports/global-critical-minerals-outlook-2025) | U.S. Geological Survey. 2025. Mineral Commodity Summaries 2025. (https://pubs.usgs.gov/publication/mcs2025)",Tier 1 preferred; Tier 2 supplemental,Low-Medium,"Scale-trigger language is often inferential and should be verified with TEA, deployment data, or agency roadmap sources.",Phrase scale triggers as hypotheses unless a direct source supports the causal threshold.
Technology / realistic pathway,"Shape-shifting materials: Shape-memory alloys or polymers, embedded heaters, soft robotics, and control systems.",process-flow assumption + engineering inference,Shape-shifting materials,Polymers; Water; Catalysts; Polymers; Catalysts,Heat exchange; Coating; Curing; Filtration,energy penalty; material degradation; heat management; reliability gap,"Actuating materials are real, but robust large motions are application-specific.","Direct sources for process route, materials, bottlenecks, readiness, economics, and safety/regulatory issues",Partially supported / needs cautious wording,"Hwang, D., et al. 2022. Shape morphing mechanical metamaterials through reversible plasticity. Science Robotics. (https://www.science.org/doi/10.1126/scirobotics.abg2171) | Programmable shape-morphing of rose-shaped mechanical metamaterials. 2022. APL Materials. (https://pubs.aip.org/aip/apm/article/10/8/080701/2834994/Programmable-shape-morphing-of-rose-shaped) | Wang, S., and M. W. Urban. 2020. Self-healing polymers. Nature Reviews Materials. (https://ui.adsabs.harvard.edu/abs/2020NatRM...5..562W/abstract) | Goldstein, S. C., et al. Claytronics: A Scalable Basis for Future Robots. Carnegie Mellon University. (https://kilthub.cmu.edu/articles/journal_contribution/Claytronics_A_Scalable_Basis_For_Future_Robots/6604088) | International Energy Agency. 2025. Global Critical Minerals Outlook 2025. (https://www.iea.org/reports/global-critical-minerals-outlook-2025) | U.S. Geological Survey. 2025. Mineral Commodity Summaries 2025. (https://pubs.usgs.gov/publication/mcs2025)",Tier 1 preferred; Tier 2 supplemental,Low-Medium,"Sources support adjacent mechanisms, components, or analogues, not the full system.","Frame as speculative analogue evidence. Keep Shape-shifting materials wording qualified around economics, timelines, and performance unless claim-level evidence is added."
Technology / simplified PFD,Shape-shifting materials is represented with the simplified PFD sequence: Material fabrication → Actuator programming → Stimulus input → Shape response → Reset.,process-flow assumption,Shape-shifting materials,Polymers; Water; Catalysts; Polymers; Catalysts,Heat exchange; Coating; Curing; Filtration,energy penalty; material degradation; heat management; reliability gap,"Actuating materials are real, but robust large motions are application-specific.",Process-route sources showing actual major unit operations or system blocks,Partially supported / needs cautious wording,"Hwang, D., et al. 2022. Shape morphing mechanical metamaterials through reversible plasticity. Science Robotics. (https://www.science.org/doi/10.1126/scirobotics.abg2171) | Programmable shape-morphing of rose-shaped mechanical metamaterials. 2022. APL Materials. (https://pubs.aip.org/aip/apm/article/10/8/080701/2834994/Programmable-shape-morphing-of-rose-shaped) | Wang, S., and M. W. Urban. 2020. Self-healing polymers. Nature Reviews Materials. (https://ui.adsabs.harvard.edu/abs/2020NatRM...5..562W/abstract) | Goldstein, S. C., et al. Claytronics: A Scalable Basis for Future Robots. Carnegie Mellon University. (https://kilthub.cmu.edu/articles/journal_contribution/Claytronics_A_Scalable_Basis_For_Future_Robots/6604088) | International Energy Agency. 2025. Global Critical Minerals Outlook 2025. (https://www.iea.org/reports/global-critical-minerals-outlook-2025) | U.S. Geological Survey. 2025. Mineral Commodity Summaries 2025. (https://pubs.usgs.gov/publication/mcs2025)",Tier 1 preferred; Tier 2 supplemental,Low-Medium,Mini-PFDs are simplified; exact process routes can vary by architecture/vendor/design.,Treat the mini-PFD as a teaching abstraction unless a source directly supports the sequence.
Technology / readiness gap,"Shape-shifting materials readiness gap: Actuating materials are real, but robust large motions are application-specific.",readiness/economics claim,Shape-shifting materials,Polymers; Water; Catalysts; Polymers; Catalysts,Heat exchange; Coating; Curing; Filtration,energy penalty; material degradation; heat management; reliability gap,"Actuating materials are real, but robust large motions are application-specific.",TRL/MRL/IRL plus domain-specific demonstration/commercialization sources,Partially supported / needs cautious wording,"Hwang, D., et al. 2022. Shape morphing mechanical metamaterials through reversible plasticity. Science Robotics. (https://www.science.org/doi/10.1126/scirobotics.abg2171) | Programmable shape-morphing of rose-shaped mechanical metamaterials. 2022. APL Materials. (https://pubs.aip.org/aip/apm/article/10/8/080701/2834994/Programmable-shape-morphing-of-rose-shaped) | Wang, S., and M. W. Urban. 2020. Self-healing polymers. Nature Reviews Materials. (https://ui.adsabs.harvard.edu/abs/2020NatRM...5..562W/abstract) | Goldstein, S. C., et al. Claytronics: A Scalable Basis for Future Robots. Carnegie Mellon University. (https://kilthub.cmu.edu/articles/journal_contribution/Claytronics_A_Scalable_Basis_For_Future_Robots/6604088) | International Energy Agency. 2025. Global Critical Minerals Outlook 2025. (https://www.iea.org/reports/global-critical-minerals-outlook-2025) | U.S. Geological Survey. 2025. Mineral Commodity Summaries 2025. (https://pubs.usgs.gov/publication/mcs2025)",Tier 1 preferred; Tier 2 supplemental,Low-Medium,"Sources support adjacent mechanisms, components, or analogues, not the full system.","Qualify readiness gaps with the specific maturity dimension: technical, manufacturing, integration, infrastructure, safety, or economics."
Technology / scale trigger,"Shape-shifting materials scale trigger: Repeated shape change must be fast, efficient, and fatigue-resistant.",readiness/economics claim + engineering inference,Shape-shifting materials,Polymers; Water; Catalysts; Polymers; Catalysts,Heat exchange; Coating; Curing; Filtration,energy penalty; material degradation; heat management; reliability gap,"Repeated shape change must be fast, efficient, and fatigue-resistant.","Techno-economic analysis, pilot data, manufacturing learning, reliability, regulatory/permitting evidence",Partially supported / needs cautious wording,"Hwang, D., et al. 2022. Shape morphing mechanical metamaterials through reversible plasticity. Science Robotics. (https://www.science.org/doi/10.1126/scirobotics.abg2171) | Programmable shape-morphing of rose-shaped mechanical metamaterials. 2022. APL Materials. (https://pubs.aip.org/aip/apm/article/10/8/080701/2834994/Programmable-shape-morphing-of-rose-shaped) | Wang, S., and M. W. Urban. 2020. Self-healing polymers. Nature Reviews Materials. (https://ui.adsabs.harvard.edu/abs/2020NatRM...5..562W/abstract) | Goldstein, S. C., et al. Claytronics: A Scalable Basis for Future Robots. Carnegie Mellon University. (https://kilthub.cmu.edu/articles/journal_contribution/Claytronics_A_Scalable_Basis_For_Future_Robots/6604088) | International Energy Agency. 2025. Global Critical Minerals Outlook 2025. (https://www.iea.org/reports/global-critical-minerals-outlook-2025) | U.S. Geological Survey. 2025. Mineral Commodity Summaries 2025. (https://pubs.usgs.gov/publication/mcs2025)",Tier 1 preferred; Tier 2 supplemental,Low-Medium,"Scale-trigger language is often inferential and should be verified with TEA, deployment data, or agency roadmap sources.",Phrase scale triggers as hypotheses unless a direct source supports the causal threshold.
Technology / realistic pathway,"Self-healing polymers: Dynamic covalent bonds, microcapsules, supramolecular networks, and thermal or light activation.",process-flow assumption + engineering inference,Self-healing polymers,Polymers; Water; Catalysts; Functional coatings; Binders; Polymers; Catalysts,Coating; Curing; Filtration,energy penalty; heat management; scale-up uncertainty,Coatings are closer than structural plastics.,"Direct sources for process route, materials, bottlenecks, readiness, economics, and safety/regulatory issues",Supported as starter-sourced framing,"Wang, S., and M. W. Urban. 2020. Self-healing polymers. Nature Reviews Materials. (https://ui.adsabs.harvard.edu/abs/2020NatRM...5..562W/abstract) | U.S. Department of Energy. 2015. Bandwidth Study on Energy Use and Potential Energy Saving Opportunities in U.S. Chemical Manufacturing. (https://www.energy.gov/cmei/ito/articles/bandwidth-study-us-chemical-manufacturing) | Recent advances in conductive materials for printed electronics. 2024. Polymer Advanced Technologies. (https://onlinelibrary.wiley.com/doi/10.1002/pat.6581) | International Energy Agency. 2025. Global Critical Minerals Outlook 2025. (https://www.iea.org/reports/global-critical-minerals-outlook-2025) | U.S. Geological Survey. 2025. Mineral Commodity Summaries 2025. (https://pubs.usgs.gov/publication/mcs2025) | Tiwary, S. K., et al. 2024. Graphene oxide-based membranes for water desalination: progress and challenges. npj Clean Water. (https://www.nature.com/articles/s41699-024-00462-z)",Tier 1 preferred; Tier 2 supplemental,Medium,"Source set supports the process framing, but individual claims require direct verification.","Verify numbers, economics, timelines, and performance separately. Keep Self-healing polymers wording qualified around economics, timelines, and performance unless claim-level evidence is added."
Technology / simplified PFD,Self-healing polymers is represented with the simplified PFD sequence: Polymer synthesis → Healing chemistry integration → Product forming → Damage activation → Repair.,process-flow assumption,Self-healing polymers,Polymers; Water; Catalysts; Functional coatings; Binders; Polymers; Catalysts,Coating; Curing; Filtration,energy penalty; heat management; scale-up uncertainty,Coatings are closer than structural plastics.,Process-route sources showing actual major unit operations or system blocks,Supported as starter-sourced framing,"Wang, S., and M. W. Urban. 2020. Self-healing polymers. Nature Reviews Materials. (https://ui.adsabs.harvard.edu/abs/2020NatRM...5..562W/abstract) | U.S. Department of Energy. 2015. Bandwidth Study on Energy Use and Potential Energy Saving Opportunities in U.S. Chemical Manufacturing. (https://www.energy.gov/cmei/ito/articles/bandwidth-study-us-chemical-manufacturing) | Recent advances in conductive materials for printed electronics. 2024. Polymer Advanced Technologies. (https://onlinelibrary.wiley.com/doi/10.1002/pat.6581) | International Energy Agency. 2025. Global Critical Minerals Outlook 2025. (https://www.iea.org/reports/global-critical-minerals-outlook-2025) | U.S. Geological Survey. 2025. Mineral Commodity Summaries 2025. (https://pubs.usgs.gov/publication/mcs2025) | Tiwary, S. K., et al. 2024. Graphene oxide-based membranes for water desalination: progress and challenges. npj Clean Water. (https://www.nature.com/articles/s41699-024-00462-z)",Tier 1 preferred; Tier 2 supplemental,Medium,Mini-PFDs are simplified; exact process routes can vary by architecture/vendor/design.,Treat the mini-PFD as a teaching abstraction unless a source directly supports the sequence.
Technology / readiness gap,Self-healing polymers readiness gap: Coatings are closer than structural plastics.,readiness/economics claim,Self-healing polymers,Polymers; Water; Catalysts; Functional coatings; Binders; Polymers; Catalysts,Coating; Curing; Filtration,energy penalty; heat management; scale-up uncertainty,Coatings are closer than structural plastics.,TRL/MRL/IRL plus domain-specific demonstration/commercialization sources,Supported as starter-sourced framing,"Wang, S., and M. W. Urban. 2020. Self-healing polymers. Nature Reviews Materials. (https://ui.adsabs.harvard.edu/abs/2020NatRM...5..562W/abstract) | U.S. Department of Energy. 2015. Bandwidth Study on Energy Use and Potential Energy Saving Opportunities in U.S. Chemical Manufacturing. (https://www.energy.gov/cmei/ito/articles/bandwidth-study-us-chemical-manufacturing) | Recent advances in conductive materials for printed electronics. 2024. Polymer Advanced Technologies. (https://onlinelibrary.wiley.com/doi/10.1002/pat.6581) | International Energy Agency. 2025. Global Critical Minerals Outlook 2025. (https://www.iea.org/reports/global-critical-minerals-outlook-2025) | U.S. Geological Survey. 2025. Mineral Commodity Summaries 2025. (https://pubs.usgs.gov/publication/mcs2025) | Tiwary, S. K., et al. 2024. Graphene oxide-based membranes for water desalination: progress and challenges. npj Clean Water. (https://www.nature.com/articles/s41699-024-00462-z)",Tier 1 preferred; Tier 2 supplemental,Medium,"Source set supports the process framing, but individual claims require direct verification.","Qualify readiness gaps with the specific maturity dimension: technical, manufacturing, integration, infrastructure, safety, or economics."
Technology / scale trigger,Self-healing polymers scale trigger: Healing must not sacrifice mechanical strength or processing speed.,readiness/economics claim + engineering inference,Self-healing polymers,Polymers; Water; Catalysts; Functional coatings; Binders; Polymers; Catalysts,Coating; Curing; Filtration,energy penalty; heat management; scale-up uncertainty,Healing must not sacrifice mechanical strength or processing speed.,"Techno-economic analysis, pilot data, manufacturing learning, reliability, regulatory/permitting evidence",Needs claim-level verification,"Wang, S., and M. W. Urban. 2020. Self-healing polymers. Nature Reviews Materials. (https://ui.adsabs.harvard.edu/abs/2020NatRM...5..562W/abstract) | U.S. Department of Energy. 2015. Bandwidth Study on Energy Use and Potential Energy Saving Opportunities in U.S. Chemical Manufacturing. (https://www.energy.gov/cmei/ito/articles/bandwidth-study-us-chemical-manufacturing) | Recent advances in conductive materials for printed electronics. 2024. Polymer Advanced Technologies. (https://onlinelibrary.wiley.com/doi/10.1002/pat.6581) | International Energy Agency. 2025. Global Critical Minerals Outlook 2025. (https://www.iea.org/reports/global-critical-minerals-outlook-2025) | U.S. Geological Survey. 2025. Mineral Commodity Summaries 2025. (https://pubs.usgs.gov/publication/mcs2025) | Tiwary, S. K., et al. 2024. Graphene oxide-based membranes for water desalination: progress and challenges. npj Clean Water. (https://www.nature.com/articles/s41699-024-00462-z)",Tier 1 preferred; Tier 2 supplemental,Low-Medium,"Scale-trigger language is often inferential and should be verified with TEA, deployment data, or agency roadmap sources.",Phrase scale triggers as hypotheses unless a direct source supports the causal threshold.
Technology / realistic pathway,"Transparent displays everywhere: Transparent OLEDs, microLEDs, conductive films, encapsulation, and power/data integration.",process-flow assumption + engineering inference,Transparent displays everywhere,Lithium; Electrolytes; Graphite; Copper; Glass; Transparent conductors; Silicon wafers; Photoresists; Thin films,Heat exchange,energy penalty; material degradation; heat management; data/control problem,"Displays exist, but durable architectural integration is limited.","Direct sources for process route, materials, bottlenecks, readiness, economics, and safety/regulatory issues",Supported as starter-sourced framing,"Planar. 2020. Transparent OLED: 8 Things You Need to Know About Transparent OLED Technology. (https://www.planar.com/media/438854/ebook-transparent-oled.pdf) | OLED-Info. 2025. Transparent OLEDs: Introduction and Market Status. (https://www.oled-info.com/transparent-oleds) | Cheng, D., et al. 2021. Design and manufacture of AR head-mounted displays: A review. Light: Advanced Manufacturing. (https://www.light-am.com/fileGXJZZ/journal/article/xjzz/2021/3/PDF/LAM2020120035.pdf) | Ding, Y., et al. 2023. Waveguide-based augmented reality displays. Light: Science & Applications. (https://link.springer.com/article/10.1186/s43593-023-00057-z) | National Institute of Standards and Technology. 2023. CHIPS Metrology Program. (https://www.nist.gov/chips/research-development-programs/metrology-program) | National Institute of Standards and Technology. 2023. Metrology Gaps in the Semiconductor Ecosystem. (https://www.nist.gov/system/files/documents/2023/06/05/CHIPS_Metrology-Gaps-in-the-Semi-Ecosystem_0.pdf)",Tier 1 preferred; Tier 2 supplemental,Medium,"Source set supports the process framing, but individual claims require direct verification.","Verify numbers, economics, timelines, and performance separately. Keep Transparent displays everywhere wording qualified around economics, timelines, and performance unless claim-level evidence is added."
Technology / simplified PFD,Transparent displays everywhere is represented with the simplified PFD sequence: Glass/substrate → Transparent electronics → Emissive layer → Encapsulation → Display integration.,process-flow assumption,Transparent displays everywhere,Lithium; Electrolytes; Graphite; Copper; Glass; Transparent conductors; Silicon wafers; Photoresists; Thin films,Heat exchange,energy penalty; material degradation; heat management; data/control problem,"Displays exist, but durable architectural integration is limited.",Process-route sources showing actual major unit operations or system blocks,Supported as starter-sourced framing,"Planar. 2020. Transparent OLED: 8 Things You Need to Know About Transparent OLED Technology. (https://www.planar.com/media/438854/ebook-transparent-oled.pdf) | OLED-Info. 2025. Transparent OLEDs: Introduction and Market Status. (https://www.oled-info.com/transparent-oleds) | Cheng, D., et al. 2021. Design and manufacture of AR head-mounted displays: A review. Light: Advanced Manufacturing. (https://www.light-am.com/fileGXJZZ/journal/article/xjzz/2021/3/PDF/LAM2020120035.pdf) | Ding, Y., et al. 2023. Waveguide-based augmented reality displays. Light: Science & Applications. (https://link.springer.com/article/10.1186/s43593-023-00057-z) | National Institute of Standards and Technology. 2023. CHIPS Metrology Program. (https://www.nist.gov/chips/research-development-programs/metrology-program) | National Institute of Standards and Technology. 2023. Metrology Gaps in the Semiconductor Ecosystem. (https://www.nist.gov/system/files/documents/2023/06/05/CHIPS_Metrology-Gaps-in-the-Semi-Ecosystem_0.pdf)",Tier 1 preferred; Tier 2 supplemental,Medium,Mini-PFDs are simplified; exact process routes can vary by architecture/vendor/design.,Treat the mini-PFD as a teaching abstraction unless a source directly supports the sequence.
Technology / readiness gap,"Transparent displays everywhere readiness gap: Displays exist, but durable architectural integration is limited.",readiness/economics claim,Transparent displays everywhere,Lithium; Electrolytes; Graphite; Copper; Glass; Transparent conductors; Silicon wafers; Photoresists; Thin films,Heat exchange,energy penalty; material degradation; heat management; data/control problem,"Displays exist, but durable architectural integration is limited.",TRL/MRL/IRL plus domain-specific demonstration/commercialization sources,Supported as starter-sourced framing,"Planar. 2020. Transparent OLED: 8 Things You Need to Know About Transparent OLED Technology. (https://www.planar.com/media/438854/ebook-transparent-oled.pdf) | OLED-Info. 2025. Transparent OLEDs: Introduction and Market Status. (https://www.oled-info.com/transparent-oleds) | Cheng, D., et al. 2021. Design and manufacture of AR head-mounted displays: A review. Light: Advanced Manufacturing. (https://www.light-am.com/fileGXJZZ/journal/article/xjzz/2021/3/PDF/LAM2020120035.pdf) | Ding, Y., et al. 2023. Waveguide-based augmented reality displays. Light: Science & Applications. (https://link.springer.com/article/10.1186/s43593-023-00057-z) | National Institute of Standards and Technology. 2023. CHIPS Metrology Program. (https://www.nist.gov/chips/research-development-programs/metrology-program) | National Institute of Standards and Technology. 2023. Metrology Gaps in the Semiconductor Ecosystem. (https://www.nist.gov/system/files/documents/2023/06/05/CHIPS_Metrology-Gaps-in-the-Semi-Ecosystem_0.pdf)",Tier 1 preferred; Tier 2 supplemental,Medium,"Source set supports the process framing, but individual claims require direct verification.","Qualify readiness gaps with the specific maturity dimension: technical, manufacturing, integration, infrastructure, safety, or economics."
Technology / scale trigger,"Transparent displays everywhere scale trigger: Panels must be bright, transparent, repairable, and power-efficient.",readiness/economics claim + engineering inference,Transparent displays everywhere,Lithium; Electrolytes; Graphite; Copper; Glass; Transparent conductors; Silicon wafers; Photoresists; Thin films,Heat exchange,energy penalty; material degradation; heat management; data/control problem,"Panels must be bright, transparent, repairable, and power-efficient.","Techno-economic analysis, pilot data, manufacturing learning, reliability, regulatory/permitting evidence",Needs claim-level verification,"Planar. 2020. Transparent OLED: 8 Things You Need to Know About Transparent OLED Technology. (https://www.planar.com/media/438854/ebook-transparent-oled.pdf) | OLED-Info. 2025. Transparent OLEDs: Introduction and Market Status. (https://www.oled-info.com/transparent-oleds) | Cheng, D., et al. 2021. Design and manufacture of AR head-mounted displays: A review. Light: Advanced Manufacturing. (https://www.light-am.com/fileGXJZZ/journal/article/xjzz/2021/3/PDF/LAM2020120035.pdf) | Ding, Y., et al. 2023. Waveguide-based augmented reality displays. Light: Science & Applications. (https://link.springer.com/article/10.1186/s43593-023-00057-z) | National Institute of Standards and Technology. 2023. CHIPS Metrology Program. (https://www.nist.gov/chips/research-development-programs/metrology-program) | National Institute of Standards and Technology. 2023. Metrology Gaps in the Semiconductor Ecosystem. (https://www.nist.gov/system/files/documents/2023/06/05/CHIPS_Metrology-Gaps-in-the-Semi-Ecosystem_0.pdf)",Tier 1 preferred; Tier 2 supplemental,Low-Medium,"Scale-trigger language is often inferential and should be verified with TEA, deployment data, or agency roadmap sources.",Phrase scale triggers as hypotheses unless a direct source supports the causal threshold.
Technology / realistic pathway,"Holographic interfaces: Light-field displays, volumetric displays, spatial light modulators, and eye tracking.",process-flow assumption + engineering inference,Holographic interfaces,Water; Catalysts; Silicon wafers; Photoresists; Thin films; Catalysts,Heat exchange,energy penalty; heat management; data/control problem; extreme environment durability,Niche systems exist; consumer-scale high-resolution volume is hard.,"Direct sources for process route, materials, bottlenecks, readiness, economics, and safety/regulatory issues",Supported as starter-sourced framing,"Chang, C., et al. 2020. Toward the next-generation VR/AR optics: A review of holographic near-eye displays from a human-centric perspective. Optica. (https://pmc.ncbi.nlm.nih.gov/articles/PMC8208705/) | Park, J.-H. 2022. Holographic techniques for augmented reality and virtual reality near-eye displays. Light: Advanced Manufacturing. (https://www.light-am.com/en/article/doi/10.37188/lam.2022.009) | Ding, Y., et al. 2023. Waveguide-based augmented reality displays. Light: Science & Applications. (https://link.springer.com/article/10.1186/s43593-023-00057-z) | Cheng, D., et al. 2021. Design and manufacture of AR head-mounted displays: A review. Light: Advanced Manufacturing. (https://www.light-am.com/fileGXJZZ/journal/article/xjzz/2021/3/PDF/LAM2020120035.pdf) | National Institute of Standards and Technology. 2023. CHIPS Metrology Program. (https://www.nist.gov/chips/research-development-programs/metrology-program) | National Institute of Standards and Technology. 2023. Metrology Gaps in the Semiconductor Ecosystem. (https://www.nist.gov/system/files/documents/2023/06/05/CHIPS_Metrology-Gaps-in-the-Semi-Ecosystem_0.pdf)",Tier 1 preferred; Tier 2 supplemental,Medium,"Source set supports the process framing, but individual claims require direct verification.","Verify numbers, economics, timelines, and performance separately. Keep Holographic interfaces wording qualified around economics, timelines, and performance unless claim-level evidence is added."
Technology / simplified PFD,Holographic interfaces is represented with the simplified PFD sequence: 3D data → Optical computation → Light modulation → Volumetric/light-field projection → User feedback.,process-flow assumption,Holographic interfaces,Water; Catalysts; Silicon wafers; Photoresists; Thin films; Catalysts,Heat exchange,energy penalty; heat management; data/control problem; extreme environment durability,Niche systems exist; consumer-scale high-resolution volume is hard.,Process-route sources showing actual major unit operations or system blocks,Supported as starter-sourced framing,"Chang, C., et al. 2020. Toward the next-generation VR/AR optics: A review of holographic near-eye displays from a human-centric perspective. Optica. (https://pmc.ncbi.nlm.nih.gov/articles/PMC8208705/) | Park, J.-H. 2022. Holographic techniques for augmented reality and virtual reality near-eye displays. Light: Advanced Manufacturing. (https://www.light-am.com/en/article/doi/10.37188/lam.2022.009) | Ding, Y., et al. 2023. Waveguide-based augmented reality displays. Light: Science & Applications. (https://link.springer.com/article/10.1186/s43593-023-00057-z) | Cheng, D., et al. 2021. Design and manufacture of AR head-mounted displays: A review. Light: Advanced Manufacturing. (https://www.light-am.com/fileGXJZZ/journal/article/xjzz/2021/3/PDF/LAM2020120035.pdf) | National Institute of Standards and Technology. 2023. CHIPS Metrology Program. (https://www.nist.gov/chips/research-development-programs/metrology-program) | National Institute of Standards and Technology. 2023. Metrology Gaps in the Semiconductor Ecosystem. (https://www.nist.gov/system/files/documents/2023/06/05/CHIPS_Metrology-Gaps-in-the-Semi-Ecosystem_0.pdf)",Tier 1 preferred; Tier 2 supplemental,Medium,Mini-PFDs are simplified; exact process routes can vary by architecture/vendor/design.,Treat the mini-PFD as a teaching abstraction unless a source directly supports the sequence.
Technology / readiness gap,Holographic interfaces readiness gap: Niche systems exist; consumer-scale high-resolution volume is hard.,readiness/economics claim,Holographic interfaces,Water; Catalysts; Silicon wafers; Photoresists; Thin films; Catalysts,Heat exchange,energy penalty; heat management; data/control problem; extreme environment durability,Niche systems exist; consumer-scale high-resolution volume is hard.,TRL/MRL/IRL plus domain-specific demonstration/commercialization sources,Supported as starter-sourced framing,"Chang, C., et al. 2020. Toward the next-generation VR/AR optics: A review of holographic near-eye displays from a human-centric perspective. Optica. (https://pmc.ncbi.nlm.nih.gov/articles/PMC8208705/) | Park, J.-H. 2022. Holographic techniques for augmented reality and virtual reality near-eye displays. Light: Advanced Manufacturing. (https://www.light-am.com/en/article/doi/10.37188/lam.2022.009) | Ding, Y., et al. 2023. Waveguide-based augmented reality displays. Light: Science & Applications. (https://link.springer.com/article/10.1186/s43593-023-00057-z) | Cheng, D., et al. 2021. Design and manufacture of AR head-mounted displays: A review. Light: Advanced Manufacturing. (https://www.light-am.com/fileGXJZZ/journal/article/xjzz/2021/3/PDF/LAM2020120035.pdf) | National Institute of Standards and Technology. 2023. CHIPS Metrology Program. (https://www.nist.gov/chips/research-development-programs/metrology-program) | National Institute of Standards and Technology. 2023. Metrology Gaps in the Semiconductor Ecosystem. (https://www.nist.gov/system/files/documents/2023/06/05/CHIPS_Metrology-Gaps-in-the-Semi-Ecosystem_0.pdf)",Tier 1 preferred; Tier 2 supplemental,Medium,"Source set supports the process framing, but individual claims require direct verification.","Qualify readiness gaps with the specific maturity dimension: technical, manufacturing, integration, infrastructure, safety, or economics."
Technology / scale trigger,Holographic interfaces scale trigger: Optics and compute must deliver bright 3D imagery without bulky hardware.,readiness/economics claim + engineering inference,Holographic interfaces,Water; Catalysts; Silicon wafers; Photoresists; Thin films; Catalysts,Heat exchange,energy penalty; heat management; data/control problem; extreme environment durability,Optics and compute must deliver bright 3D imagery without bulky hardware.,"Techno-economic analysis, pilot data, manufacturing learning, reliability, regulatory/permitting evidence",Needs claim-level verification,"Chang, C., et al. 2020. Toward the next-generation VR/AR optics: A review of holographic near-eye displays from a human-centric perspective. Optica. (https://pmc.ncbi.nlm.nih.gov/articles/PMC8208705/) | Park, J.-H. 2022. Holographic techniques for augmented reality and virtual reality near-eye displays. Light: Advanced Manufacturing. (https://www.light-am.com/en/article/doi/10.37188/lam.2022.009) | Ding, Y., et al. 2023. Waveguide-based augmented reality displays. Light: Science & Applications. (https://link.springer.com/article/10.1186/s43593-023-00057-z) | Cheng, D., et al. 2021. Design and manufacture of AR head-mounted displays: A review. Light: Advanced Manufacturing. (https://www.light-am.com/fileGXJZZ/journal/article/xjzz/2021/3/PDF/LAM2020120035.pdf) | National Institute of Standards and Technology. 2023. CHIPS Metrology Program. (https://www.nist.gov/chips/research-development-programs/metrology-program) | National Institute of Standards and Technology. 2023. Metrology Gaps in the Semiconductor Ecosystem. (https://www.nist.gov/system/files/documents/2023/06/05/CHIPS_Metrology-Gaps-in-the-Semi-Ecosystem_0.pdf)",Tier 1 preferred; Tier 2 supplemental,Low-Medium,"Scale-trigger language is often inferential and should be verified with TEA, deployment data, or agency roadmap sources.",Phrase scale triggers as hypotheses unless a direct source supports the causal threshold.
Technology / realistic pathway,"Room-temperature superconductors: Materials discovery, high-throughput synthesis, pressure-free stability, and wire or tape manufacturing.",process-flow assumption + engineering inference,Room-temperature superconductors,Lithium; Electrolytes; Graphite; Copper; Rare earth elements; Electrolytes,Coating; Curing; Filtration,energy penalty; infrastructure gap; data/control problem; scale-up uncertainty,No broadly verified ambient superconductor exists for engineering deployment.,"Direct sources for process route, materials, bottlenecks, readiness, economics, and safety/regulatory issues",Partially supported / needs cautious wording,"Sun, Y., et al. 2024. Clathrate metal superhydrides under high-pressure conditions. National Science Review. (https://pmc.ncbi.nlm.nih.gov/articles/PMC11173197/) | Hirsch, J. E. 2024. Are hydrides under high-pressure–high-temperature superconductors? National Science Review. (https://academic.oup.com/nsr/article/11/7/nwad174/7202350) | Science. 2022. Room-temperature superconductivity study retracted. (https://www.science.org/content/article/something-seriously-wrong-room-temperature-superconductivity-study-retracted) | Roadblocks to ambient-pressure room-temperature superconductivity. 2025. Journal of Applied Physics. (https://pubs.aip.org/aip/jap/article/137/9/093903/3338176/Roadblocks-to-ambient-pressure-room-temperature) | International Energy Agency. 2025. Global Critical Minerals Outlook 2025. (https://www.iea.org/reports/global-critical-minerals-outlook-2025) | U.S. Geological Survey. 2025. Mineral Commodity Summaries 2025. (https://pubs.usgs.gov/publication/mcs2025)",Tier 1 preferred; Tier 2 supplemental,Low-Medium,"Sources support adjacent mechanisms, components, or analogues, not the full system.","Frame as speculative analogue evidence. Keep Room-temperature superconductors wording qualified around economics, timelines, and performance unless claim-level evidence is added."
Technology / simplified PFD,Room-temperature superconductors is represented with the simplified PFD sequence: Material synthesis → Phase stabilization → Wire fabrication → Property testing → Device integration.,process-flow assumption,Room-temperature superconductors,Lithium; Electrolytes; Graphite; Copper; Rare earth elements; Electrolytes,Coating; Curing; Filtration,energy penalty; infrastructure gap; data/control problem; scale-up uncertainty,No broadly verified ambient superconductor exists for engineering deployment.,Process-route sources showing actual major unit operations or system blocks,Partially supported / needs cautious wording,"Sun, Y., et al. 2024. Clathrate metal superhydrides under high-pressure conditions. National Science Review. (https://pmc.ncbi.nlm.nih.gov/articles/PMC11173197/) | Hirsch, J. E. 2024. Are hydrides under high-pressure–high-temperature superconductors? National Science Review. (https://academic.oup.com/nsr/article/11/7/nwad174/7202350) | Science. 2022. Room-temperature superconductivity study retracted. (https://www.science.org/content/article/something-seriously-wrong-room-temperature-superconductivity-study-retracted) | Roadblocks to ambient-pressure room-temperature superconductivity. 2025. Journal of Applied Physics. (https://pubs.aip.org/aip/jap/article/137/9/093903/3338176/Roadblocks-to-ambient-pressure-room-temperature) | International Energy Agency. 2025. Global Critical Minerals Outlook 2025. (https://www.iea.org/reports/global-critical-minerals-outlook-2025) | U.S. Geological Survey. 2025. Mineral Commodity Summaries 2025. (https://pubs.usgs.gov/publication/mcs2025)",Tier 1 preferred; Tier 2 supplemental,Low-Medium,Mini-PFDs are simplified; exact process routes can vary by architecture/vendor/design.,Treat the mini-PFD as a teaching abstraction unless a source directly supports the sequence.
Technology / readiness gap,Room-temperature superconductors readiness gap: No broadly verified ambient superconductor exists for engineering deployment.,readiness/economics claim,Room-temperature superconductors,Lithium; Electrolytes; Graphite; Copper; Rare earth elements; Electrolytes,Coating; Curing; Filtration,energy penalty; infrastructure gap; data/control problem; scale-up uncertainty,No broadly verified ambient superconductor exists for engineering deployment.,TRL/MRL/IRL plus domain-specific demonstration/commercialization sources,Partially supported / needs cautious wording,"Sun, Y., et al. 2024. Clathrate metal superhydrides under high-pressure conditions. National Science Review. (https://pmc.ncbi.nlm.nih.gov/articles/PMC11173197/) | Hirsch, J. E. 2024. Are hydrides under high-pressure–high-temperature superconductors? National Science Review. (https://academic.oup.com/nsr/article/11/7/nwad174/7202350) | Science. 2022. Room-temperature superconductivity study retracted. (https://www.science.org/content/article/something-seriously-wrong-room-temperature-superconductivity-study-retracted) | Roadblocks to ambient-pressure room-temperature superconductivity. 2025. Journal of Applied Physics. (https://pubs.aip.org/aip/jap/article/137/9/093903/3338176/Roadblocks-to-ambient-pressure-room-temperature) | International Energy Agency. 2025. Global Critical Minerals Outlook 2025. (https://www.iea.org/reports/global-critical-minerals-outlook-2025) | U.S. Geological Survey. 2025. Mineral Commodity Summaries 2025. (https://pubs.usgs.gov/publication/mcs2025)",Tier 1 preferred; Tier 2 supplemental,Low-Medium,"Sources support adjacent mechanisms, components, or analogues, not the full system.","Qualify readiness gaps with the specific maturity dimension: technical, manufacturing, integration, infrastructure, safety, or economics."
Technology / scale trigger,Room-temperature superconductors scale trigger: A stable material must be independently verified and manufacturable as wire or tape.,readiness/economics claim + engineering inference,Room-temperature superconductors,Lithium; Electrolytes; Graphite; Copper; Rare earth elements; Electrolytes,Coating; Curing; Filtration,energy penalty; infrastructure gap; data/control problem; scale-up uncertainty,A stable material must be independently verified and manufacturable as wire or tape.,"Techno-economic analysis, pilot data, manufacturing learning, reliability, regulatory/permitting evidence",Partially supported / needs cautious wording,"Sun, Y., et al. 2024. Clathrate metal superhydrides under high-pressure conditions. National Science Review. (https://pmc.ncbi.nlm.nih.gov/articles/PMC11173197/) | Hirsch, J. E. 2024. Are hydrides under high-pressure–high-temperature superconductors? National Science Review. (https://academic.oup.com/nsr/article/11/7/nwad174/7202350) | Science. 2022. Room-temperature superconductivity study retracted. (https://www.science.org/content/article/something-seriously-wrong-room-temperature-superconductivity-study-retracted) | Roadblocks to ambient-pressure room-temperature superconductivity. 2025. Journal of Applied Physics. (https://pubs.aip.org/aip/jap/article/137/9/093903/3338176/Roadblocks-to-ambient-pressure-room-temperature) | International Energy Agency. 2025. Global Critical Minerals Outlook 2025. (https://www.iea.org/reports/global-critical-minerals-outlook-2025) | U.S. Geological Survey. 2025. Mineral Commodity Summaries 2025. (https://pubs.usgs.gov/publication/mcs2025)",Tier 1 preferred; Tier 2 supplemental,Low-Medium,"Scale-trigger language is often inferential and should be verified with TEA, deployment data, or agency roadmap sources.",Phrase scale triggers as hypotheses unless a direct source supports the causal threshold.
Technology / realistic pathway,"Bio-inspired structural materials: Hierarchical composites, additive manufacturing, biomimetic assembly, and fiber alignment.",process-flow assumption + engineering inference,Bio-inspired structural materials,Aluminum; Cement/concrete chemistries; Biomass-derived feedstocks,Curing; Coating; Filtration,low yield; manufacturing repeatability; cost curve problem; data/control problem,We can mimic pieces of nature; industrial hierarchy control is the bottleneck.,"Direct sources for process route, materials, bottlenecks, readiness, economics, and safety/regulatory issues",Supported as starter-sourced framing,"Wang, S., and M. W. Urban. 2020. Self-healing polymers. Nature Reviews Materials. (https://ui.adsabs.harvard.edu/abs/2020NatRM...5..562W/abstract) | Hwang, D., et al. 2022. Shape morphing mechanical metamaterials through reversible plasticity. Science Robotics. (https://www.science.org/doi/10.1126/scirobotics.abg2171) | Lu, L., et al. 2024. A state-of-the-art review of novel aerogel insulation materials for building applications. Energy Sources, Part A. (https://www.tandfonline.com/doi/full/10.1080/15567036.2024.2424915) | Zohourian, M., et al. 2025. Modular Construction: A Comprehensive Review. Buildings 15(12), 2020. (https://www.mdpi.com/2075-5309/15/12/2020) | International Energy Agency. 2025. Global Critical Minerals Outlook 2025. (https://www.iea.org/reports/global-critical-minerals-outlook-2025) | U.S. Geological Survey. 2025. Mineral Commodity Summaries 2025. (https://pubs.usgs.gov/publication/mcs2025)",Tier 1 preferred; Tier 2 supplemental,Medium,"Source set supports the process framing, but individual claims require direct verification.","Verify numbers, economics, timelines, and performance separately. Keep Bio-inspired structural materials wording qualified around economics, timelines, and performance unless claim-level evidence is added."
Technology / simplified PFD,Bio-inspired structural materials is represented with the simplified PFD sequence: Material formulation → Hierarchical structuring → Curing/consolidation → Testing → Product.,process-flow assumption,Bio-inspired structural materials,Aluminum; Cement/concrete chemistries; Biomass-derived feedstocks,Curing; Coating; Filtration,low yield; manufacturing repeatability; cost curve problem; data/control problem,We can mimic pieces of nature; industrial hierarchy control is the bottleneck.,Process-route sources showing actual major unit operations or system blocks,Supported as starter-sourced framing,"Wang, S., and M. W. Urban. 2020. Self-healing polymers. Nature Reviews Materials. (https://ui.adsabs.harvard.edu/abs/2020NatRM...5..562W/abstract) | Hwang, D., et al. 2022. Shape morphing mechanical metamaterials through reversible plasticity. Science Robotics. (https://www.science.org/doi/10.1126/scirobotics.abg2171) | Lu, L., et al. 2024. A state-of-the-art review of novel aerogel insulation materials for building applications. Energy Sources, Part A. (https://www.tandfonline.com/doi/full/10.1080/15567036.2024.2424915) | Zohourian, M., et al. 2025. Modular Construction: A Comprehensive Review. Buildings 15(12), 2020. (https://www.mdpi.com/2075-5309/15/12/2020) | International Energy Agency. 2025. Global Critical Minerals Outlook 2025. (https://www.iea.org/reports/global-critical-minerals-outlook-2025) | U.S. Geological Survey. 2025. Mineral Commodity Summaries 2025. (https://pubs.usgs.gov/publication/mcs2025)",Tier 1 preferred; Tier 2 supplemental,Medium,Mini-PFDs are simplified; exact process routes can vary by architecture/vendor/design.,Treat the mini-PFD as a teaching abstraction unless a source directly supports the sequence.
Technology / readiness gap,Bio-inspired structural materials readiness gap: We can mimic pieces of nature; industrial hierarchy control is the bottleneck.,readiness/economics claim,Bio-inspired structural materials,Aluminum; Cement/concrete chemistries; Biomass-derived feedstocks,Curing; Coating; Filtration,low yield; manufacturing repeatability; cost curve problem; data/control problem,We can mimic pieces of nature; industrial hierarchy control is the bottleneck.,TRL/MRL/IRL plus domain-specific demonstration/commercialization sources,Supported as starter-sourced framing,"Wang, S., and M. W. Urban. 2020. Self-healing polymers. Nature Reviews Materials. (https://ui.adsabs.harvard.edu/abs/2020NatRM...5..562W/abstract) | Hwang, D., et al. 2022. Shape morphing mechanical metamaterials through reversible plasticity. Science Robotics. (https://www.science.org/doi/10.1126/scirobotics.abg2171) | Lu, L., et al. 2024. A state-of-the-art review of novel aerogel insulation materials for building applications. Energy Sources, Part A. (https://www.tandfonline.com/doi/full/10.1080/15567036.2024.2424915) | Zohourian, M., et al. 2025. Modular Construction: A Comprehensive Review. Buildings 15(12), 2020. (https://www.mdpi.com/2075-5309/15/12/2020) | International Energy Agency. 2025. Global Critical Minerals Outlook 2025. (https://www.iea.org/reports/global-critical-minerals-outlook-2025) | U.S. Geological Survey. 2025. Mineral Commodity Summaries 2025. (https://pubs.usgs.gov/publication/mcs2025)",Tier 1 preferred; Tier 2 supplemental,Medium,"Source set supports the process framing, but individual claims require direct verification.","Qualify readiness gaps with the specific maturity dimension: technical, manufacturing, integration, infrastructure, safety, or economics."
Technology / scale trigger,"Bio-inspired structural materials scale trigger: Manufacturing must control structure across nano, micro, and macro scales.",readiness/economics claim + engineering inference,Bio-inspired structural materials,Aluminum; Cement/concrete chemistries; Biomass-derived feedstocks,Curing; Coating; Filtration,low yield; manufacturing repeatability; cost curve problem; data/control problem,"Manufacturing must control structure across nano, micro, and macro scales.","Techno-economic analysis, pilot data, manufacturing learning, reliability, regulatory/permitting evidence",Needs claim-level verification,"Wang, S., and M. W. Urban. 2020. Self-healing polymers. Nature Reviews Materials. (https://ui.adsabs.harvard.edu/abs/2020NatRM...5..562W/abstract) | Hwang, D., et al. 2022. Shape morphing mechanical metamaterials through reversible plasticity. Science Robotics. (https://www.science.org/doi/10.1126/scirobotics.abg2171) | Lu, L., et al. 2024. A state-of-the-art review of novel aerogel insulation materials for building applications. Energy Sources, Part A. (https://www.tandfonline.com/doi/full/10.1080/15567036.2024.2424915) | Zohourian, M., et al. 2025. Modular Construction: A Comprehensive Review. Buildings 15(12), 2020. (https://www.mdpi.com/2075-5309/15/12/2020) | International Energy Agency. 2025. Global Critical Minerals Outlook 2025. (https://www.iea.org/reports/global-critical-minerals-outlook-2025) | U.S. Geological Survey. 2025. Mineral Commodity Summaries 2025. (https://pubs.usgs.gov/publication/mcs2025)",Tier 1 preferred; Tier 2 supplemental,Low-Medium,"Scale-trigger language is often inferential and should be verified with TEA, deployment data, or agency roadmap sources.",Phrase scale triggers as hypotheses unless a direct source supports the causal threshold.
Technology / realistic pathway,"Lab-grown organs: Stem cells, scaffolds, vascularization, bioreactors, immune compatibility, and quality control.",process-flow assumption + engineering inference,Lab-grown organs,Cement/concrete chemistries; Biomass-derived feedstocks; Cementitious materials; Mineral aggregates; Growth media; Scaffolds,Fermentation; Filtration; Sterilization,data/control problem; quality-control challenge; scale-up uncertainty,Simple tissues are closer; full organs require vascular and functional complexity.,"Direct sources for process route, materials, bottlenecks, readiness, economics, and safety/regulatory issues",Partially supported / roadmap-stage,"Ikada, Y. 2006. Challenges in tissue engineering. Journal of the Royal Society Interface. (https://pmc.ncbi.nlm.nih.gov/articles/PMC1664655/) | McCorry, M. C., et al. 2022. Sensor technologies for quality control in engineered tissue manufacturing. PMC. (https://pmc.ncbi.nlm.nih.gov/articles/PMC10283157/) | Zuncheddu, D., et al. 2021. Quality control methods in musculoskeletal tissue engineering. Bone Research. (https://www.nature.com/articles/s41413-021-00167-9) | U.S. Food and Drug Administration. 2019. Organs-On-Chips for Radiation Countermeasures. (https://www.fda.gov/emergency-preparedness-and-response/preparedness-research/organs-chips-radiation-countermeasures) | Thomas, D. 2023. The U.S. Biomanufacturing Economy: Value Added, Supply Chains, Cost, Sustainability, and Efficiency. NIST AMS 100-52. (https://www.nist.gov/publications/us-biomanufacturing-economy-value-added-supply-chains-cost-sustainability-and) | National Academies of Sciences, Engineering, and Medicine. 2023. Successes and Challenges in Biomanufacturing. (https://www.nationalacademies.org/units/DELS-BLS-23-06/publication/26846)",Tier 1 preferred; Tier 2 supplemental,Medium,"Sources support active research, demonstrations, or roadmaps; scale/cost/reliability are unresolved.","Frame as roadmap-stage or early-stage. Keep Lab-grown organs wording qualified around economics, timelines, and performance unless claim-level evidence is added."
Technology / simplified PFD,Lab-grown organs is represented with the simplified PFD sequence: Patient cells → Differentiation → Scaffold seeding → Bioreactor culture → Maturation/testing.,process-flow assumption,Lab-grown organs,Cement/concrete chemistries; Biomass-derived feedstocks; Cementitious materials; Mineral aggregates; Growth media; Scaffolds,Fermentation; Filtration; Sterilization,data/control problem; quality-control challenge; scale-up uncertainty,Simple tissues are closer; full organs require vascular and functional complexity.,Process-route sources showing actual major unit operations or system blocks,Partially supported / roadmap-stage,"Ikada, Y. 2006. Challenges in tissue engineering. Journal of the Royal Society Interface. (https://pmc.ncbi.nlm.nih.gov/articles/PMC1664655/) | McCorry, M. C., et al. 2022. Sensor technologies for quality control in engineered tissue manufacturing. PMC. (https://pmc.ncbi.nlm.nih.gov/articles/PMC10283157/) | Zuncheddu, D., et al. 2021. Quality control methods in musculoskeletal tissue engineering. Bone Research. (https://www.nature.com/articles/s41413-021-00167-9) | U.S. Food and Drug Administration. 2019. Organs-On-Chips for Radiation Countermeasures. (https://www.fda.gov/emergency-preparedness-and-response/preparedness-research/organs-chips-radiation-countermeasures) | Thomas, D. 2023. The U.S. Biomanufacturing Economy: Value Added, Supply Chains, Cost, Sustainability, and Efficiency. NIST AMS 100-52. (https://www.nist.gov/publications/us-biomanufacturing-economy-value-added-supply-chains-cost-sustainability-and) | National Academies of Sciences, Engineering, and Medicine. 2023. Successes and Challenges in Biomanufacturing. (https://www.nationalacademies.org/units/DELS-BLS-23-06/publication/26846)",Tier 1 preferred; Tier 2 supplemental,Medium,Mini-PFDs are simplified; exact process routes can vary by architecture/vendor/design.,Treat the mini-PFD as a teaching abstraction unless a source directly supports the sequence.
Technology / readiness gap,Lab-grown organs readiness gap: Simple tissues are closer; full organs require vascular and functional complexity.,readiness/economics claim,Lab-grown organs,Cement/concrete chemistries; Biomass-derived feedstocks; Cementitious materials; Mineral aggregates; Growth media; Scaffolds,Fermentation; Filtration; Sterilization,data/control problem; quality-control challenge; scale-up uncertainty,Simple tissues are closer; full organs require vascular and functional complexity.,TRL/MRL/IRL plus domain-specific demonstration/commercialization sources,Partially supported / roadmap-stage,"Ikada, Y. 2006. Challenges in tissue engineering. Journal of the Royal Society Interface. (https://pmc.ncbi.nlm.nih.gov/articles/PMC1664655/) | McCorry, M. C., et al. 2022. Sensor technologies for quality control in engineered tissue manufacturing. PMC. (https://pmc.ncbi.nlm.nih.gov/articles/PMC10283157/) | Zuncheddu, D., et al. 2021. Quality control methods in musculoskeletal tissue engineering. Bone Research. (https://www.nature.com/articles/s41413-021-00167-9) | U.S. Food and Drug Administration. 2019. Organs-On-Chips for Radiation Countermeasures. (https://www.fda.gov/emergency-preparedness-and-response/preparedness-research/organs-chips-radiation-countermeasures) | Thomas, D. 2023. The U.S. Biomanufacturing Economy: Value Added, Supply Chains, Cost, Sustainability, and Efficiency. NIST AMS 100-52. (https://www.nist.gov/publications/us-biomanufacturing-economy-value-added-supply-chains-cost-sustainability-and) | National Academies of Sciences, Engineering, and Medicine. 2023. Successes and Challenges in Biomanufacturing. (https://www.nationalacademies.org/units/DELS-BLS-23-06/publication/26846)",Tier 1 preferred; Tier 2 supplemental,Medium,"Sources support active research, demonstrations, or roadmaps; scale/cost/reliability are unresolved.","Qualify readiness gaps with the specific maturity dimension: technical, manufacturing, integration, infrastructure, safety, or economics."
Technology / scale trigger,"Lab-grown organs scale trigger: Organs must mature with perfusion, function, and patient-specific compatibility.",readiness/economics claim + engineering inference,Lab-grown organs,Cement/concrete chemistries; Biomass-derived feedstocks; Cementitious materials; Mineral aggregates; Growth media; Scaffolds,Fermentation; Filtration; Sterilization,data/control problem; quality-control challenge; scale-up uncertainty,"Organs must mature with perfusion, function, and patient-specific compatibility.","Techno-economic analysis, pilot data, manufacturing learning, reliability, regulatory/permitting evidence",Partially supported / roadmap-stage,"Ikada, Y. 2006. Challenges in tissue engineering. Journal of the Royal Society Interface. (https://pmc.ncbi.nlm.nih.gov/articles/PMC1664655/) | McCorry, M. C., et al. 2022. Sensor technologies for quality control in engineered tissue manufacturing. PMC. (https://pmc.ncbi.nlm.nih.gov/articles/PMC10283157/) | Zuncheddu, D., et al. 2021. Quality control methods in musculoskeletal tissue engineering. Bone Research. (https://www.nature.com/articles/s41413-021-00167-9) | U.S. Food and Drug Administration. 2019. Organs-On-Chips for Radiation Countermeasures. (https://www.fda.gov/emergency-preparedness-and-response/preparedness-research/organs-chips-radiation-countermeasures) | Thomas, D. 2023. The U.S. Biomanufacturing Economy: Value Added, Supply Chains, Cost, Sustainability, and Efficiency. NIST AMS 100-52. (https://www.nist.gov/publications/us-biomanufacturing-economy-value-added-supply-chains-cost-sustainability-and) | National Academies of Sciences, Engineering, and Medicine. 2023. Successes and Challenges in Biomanufacturing. (https://www.nationalacademies.org/units/DELS-BLS-23-06/publication/26846)",Tier 1 preferred; Tier 2 supplemental,Medium,"Scale-trigger language is often inferential and should be verified with TEA, deployment data, or agency roadmap sources.",Phrase scale triggers as hypotheses unless a direct source supports the causal threshold.
Technology / realistic pathway,"Cultivated meat: Cell lines, growth media, bioreactors, scaffolding, downstream structuring, and food safety.",process-flow assumption + engineering inference,Cultivated meat,Biomass-derived feedstocks; Water; Catalysts; Growth media; Scaffolds; Catalysts,Fermentation; Filtration; Sterilization,separation cost; safety risk; cost curve problem; scale-up uncertainty,Products exist at limited scale; price and structure remain difficult.,"Direct sources for process route, materials, bottlenecks, readiness, economics, and safety/regulatory issues",Supported as starter-sourced framing,"Thomas, D. 2023. The U.S. Biomanufacturing Economy: Value Added, Supply Chains, Cost, Sustainability, and Efficiency. NIST AMS 100-52. (https://www.nist.gov/publications/us-biomanufacturing-economy-value-added-supply-chains-cost-sustainability-and) | National Academies of Sciences, Engineering, and Medicine. 2023. Successes and Challenges in Biomanufacturing. (https://www.nationalacademies.org/units/DELS-BLS-23-06/publication/26846) | Dohlman, E., C. Weber, and Y. Lee. 2024. Trends, Insights, and Future Prospects for Production in Controlled Environment Agriculture and Agrivoltaics. USDA ERS. (https://ers.usda.gov/sites/default/files/_laserfiche/publications/108221/EIB-264.pdf) | U.S. Department of Energy. 2015. Bandwidth Study on Energy Use and Potential Energy Saving Opportunities in U.S. Chemical Manufacturing. (https://www.energy.gov/cmei/ito/articles/bandwidth-study-us-chemical-manufacturing) | U.S. Food and Drug Administration. 2026. Emerging Technology Program. (https://www.fda.gov/about-fda/center-drug-evaluation-and-research-cder/emerging-technology-program-etp) | U.S. Food and Drug Administration. 2019. Organs-On-Chips for Radiation Countermeasures. (https://www.fda.gov/emergency-preparedness-and-response/preparedness-research/organs-chips-radiation-countermeasures)",Tier 1 preferred; Tier 2 supplemental,Medium,"Source set supports the process framing, but individual claims require direct verification.","Verify numbers, economics, timelines, and performance separately. Keep Cultivated meat wording qualified around economics, timelines, and performance unless claim-level evidence is added."
Technology / simplified PFD,Cultivated meat is represented with the simplified PFD sequence: Cell culture → Proliferation → Differentiation → Structuring → Harvesting/packaging.,process-flow assumption,Cultivated meat,Biomass-derived feedstocks; Water; Catalysts; Growth media; Scaffolds; Catalysts,Fermentation; Filtration; Sterilization,separation cost; safety risk; cost curve problem; scale-up uncertainty,Products exist at limited scale; price and structure remain difficult.,Process-route sources showing actual major unit operations or system blocks,Supported as starter-sourced framing,"Thomas, D. 2023. The U.S. Biomanufacturing Economy: Value Added, Supply Chains, Cost, Sustainability, and Efficiency. NIST AMS 100-52. (https://www.nist.gov/publications/us-biomanufacturing-economy-value-added-supply-chains-cost-sustainability-and) | National Academies of Sciences, Engineering, and Medicine. 2023. Successes and Challenges in Biomanufacturing. (https://www.nationalacademies.org/units/DELS-BLS-23-06/publication/26846) | Dohlman, E., C. Weber, and Y. Lee. 2024. Trends, Insights, and Future Prospects for Production in Controlled Environment Agriculture and Agrivoltaics. USDA ERS. (https://ers.usda.gov/sites/default/files/_laserfiche/publications/108221/EIB-264.pdf) | U.S. Department of Energy. 2015. Bandwidth Study on Energy Use and Potential Energy Saving Opportunities in U.S. Chemical Manufacturing. (https://www.energy.gov/cmei/ito/articles/bandwidth-study-us-chemical-manufacturing) | U.S. Food and Drug Administration. 2026. Emerging Technology Program. (https://www.fda.gov/about-fda/center-drug-evaluation-and-research-cder/emerging-technology-program-etp) | U.S. Food and Drug Administration. 2019. Organs-On-Chips for Radiation Countermeasures. (https://www.fda.gov/emergency-preparedness-and-response/preparedness-research/organs-chips-radiation-countermeasures)",Tier 1 preferred; Tier 2 supplemental,Medium,Mini-PFDs are simplified; exact process routes can vary by architecture/vendor/design.,Treat the mini-PFD as a teaching abstraction unless a source directly supports the sequence.
Technology / readiness gap,Cultivated meat readiness gap: Products exist at limited scale; price and structure remain difficult.,readiness/economics claim,Cultivated meat,Biomass-derived feedstocks; Water; Catalysts; Growth media; Scaffolds; Catalysts,Fermentation; Filtration; Sterilization,separation cost; safety risk; cost curve problem; scale-up uncertainty,Products exist at limited scale; price and structure remain difficult.,TRL/MRL/IRL plus domain-specific demonstration/commercialization sources,Supported as starter-sourced framing,"Thomas, D. 2023. The U.S. Biomanufacturing Economy: Value Added, Supply Chains, Cost, Sustainability, and Efficiency. NIST AMS 100-52. (https://www.nist.gov/publications/us-biomanufacturing-economy-value-added-supply-chains-cost-sustainability-and) | National Academies of Sciences, Engineering, and Medicine. 2023. Successes and Challenges in Biomanufacturing. (https://www.nationalacademies.org/units/DELS-BLS-23-06/publication/26846) | Dohlman, E., C. Weber, and Y. Lee. 2024. Trends, Insights, and Future Prospects for Production in Controlled Environment Agriculture and Agrivoltaics. USDA ERS. (https://ers.usda.gov/sites/default/files/_laserfiche/publications/108221/EIB-264.pdf) | U.S. Department of Energy. 2015. Bandwidth Study on Energy Use and Potential Energy Saving Opportunities in U.S. Chemical Manufacturing. (https://www.energy.gov/cmei/ito/articles/bandwidth-study-us-chemical-manufacturing) | U.S. Food and Drug Administration. 2026. Emerging Technology Program. (https://www.fda.gov/about-fda/center-drug-evaluation-and-research-cder/emerging-technology-program-etp) | U.S. Food and Drug Administration. 2019. Organs-On-Chips for Radiation Countermeasures. (https://www.fda.gov/emergency-preparedness-and-response/preparedness-research/organs-chips-radiation-countermeasures)",Tier 1 preferred; Tier 2 supplemental,Medium,"Source set supports the process framing, but individual claims require direct verification.","Qualify readiness gaps with the specific maturity dimension: technical, manufacturing, integration, infrastructure, safety, or economics."
Technology / scale trigger,"Cultivated meat scale trigger: Media, bioreactors, and scaffolds must reach food-scale economics.",readiness/economics claim + engineering inference,Cultivated meat,Biomass-derived feedstocks; Water; Catalysts; Growth media; Scaffolds; Catalysts,Fermentation; Filtration; Sterilization,separation cost; safety risk; cost curve problem; scale-up uncertainty,"Media, bioreactors, and scaffolds must reach food-scale economics.","Techno-economic analysis, pilot data, manufacturing learning, reliability, regulatory/permitting evidence",Needs claim-level verification,"Thomas, D. 2023. The U.S. Biomanufacturing Economy: Value Added, Supply Chains, Cost, Sustainability, and Efficiency. NIST AMS 100-52. (https://www.nist.gov/publications/us-biomanufacturing-economy-value-added-supply-chains-cost-sustainability-and) | National Academies of Sciences, Engineering, and Medicine. 2023. Successes and Challenges in Biomanufacturing. (https://www.nationalacademies.org/units/DELS-BLS-23-06/publication/26846) | Dohlman, E., C. Weber, and Y. Lee. 2024. Trends, Insights, and Future Prospects for Production in Controlled Environment Agriculture and Agrivoltaics. USDA ERS. (https://ers.usda.gov/sites/default/files/_laserfiche/publications/108221/EIB-264.pdf) | U.S. Department of Energy. 2015. Bandwidth Study on Energy Use and Potential Energy Saving Opportunities in U.S. Chemical Manufacturing. (https://www.energy.gov/cmei/ito/articles/bandwidth-study-us-chemical-manufacturing) | U.S. Food and Drug Administration. 2026. Emerging Technology Program. (https://www.fda.gov/about-fda/center-drug-evaluation-and-research-cder/emerging-technology-program-etp) | U.S. Food and Drug Administration. 2019. Organs-On-Chips for Radiation Countermeasures. (https://www.fda.gov/emergency-preparedness-and-response/preparedness-research/organs-chips-radiation-countermeasures)",Tier 1 preferred; Tier 2 supplemental,Low-Medium,"Scale-trigger language is often inferential and should be verified with TEA, deployment data, or agency roadmap sources.",Phrase scale triggers as hypotheses unless a direct source supports the causal threshold.
Technology / realistic pathway,"Personalized medicine factories: Genomic data, cell processing, automated biomanufacturing, rapid QA, and cold-chain logistics.",process-flow assumption + engineering inference,Personalized medicine factories,Biomass-derived feedstocks; Water; Catalysts; Growth media; Scaffolds; Catalysts,Fermentation; Filtration; Sterilization,regulatory barrier; cost curve problem; data/control problem; quality-control challenge,Personalized therapies exist but remain expensive and operationally complex.,"Direct sources for process route, materials, bottlenecks, readiness, economics, and safety/regulatory issues",Supported as starter-sourced framing,"U.S. Food and Drug Administration. 2026. Emerging Technology Program. (https://www.fda.gov/about-fda/center-drug-evaluation-and-research-cder/emerging-technology-program-etp) | U.S. Food and Drug Administration. 2025. Advanced Manufacturing Technologies Designation Program Guidance. (https://www.fda.gov/regulatory-information/search-fda-guidance-documents/advanced-manufacturing-technologies-designation-program) | U.S. Food and Drug Administration. 2025. Examples of Accepted Emerging Technologies. (https://www.fda.gov/about-fda/center-drug-evaluation-and-research-cder/examples-accepted-emerging-technologies) | Thomas, D. 2023. The U.S. Biomanufacturing Economy: Value Added, Supply Chains, Cost, Sustainability, and Efficiency. NIST AMS 100-52. (https://www.nist.gov/publications/us-biomanufacturing-economy-value-added-supply-chains-cost-sustainability-and) | National Academies of Sciences, Engineering, and Medicine. 2023. Successes and Challenges in Biomanufacturing. (https://www.nationalacademies.org/units/DELS-BLS-23-06/publication/26846) | U.S. Food and Drug Administration. 2019. Organs-On-Chips for Radiation Countermeasures. (https://www.fda.gov/emergency-preparedness-and-response/preparedness-research/organs-chips-radiation-countermeasures)",Tier 1 preferred; Tier 2 supplemental,Medium,"Source set supports the process framing, but individual claims require direct verification.","Verify numbers, economics, timelines, and performance separately. Keep Personalized medicine factories wording qualified around economics, timelines, and performance unless claim-level evidence is added."
Technology / simplified PFD,Personalized medicine factories is represented with the simplified PFD sequence: Patient sample → Genetic/cellular processing → Expansion → Formulation → QA and treatment.,process-flow assumption,Personalized medicine factories,Biomass-derived feedstocks; Water; Catalysts; Growth media; Scaffolds; Catalysts,Fermentation; Filtration; Sterilization,regulatory barrier; cost curve problem; data/control problem; quality-control challenge,Personalized therapies exist but remain expensive and operationally complex.,Process-route sources showing actual major unit operations or system blocks,Supported as starter-sourced framing,"U.S. Food and Drug Administration. 2026. Emerging Technology Program. (https://www.fda.gov/about-fda/center-drug-evaluation-and-research-cder/emerging-technology-program-etp) | U.S. Food and Drug Administration. 2025. Advanced Manufacturing Technologies Designation Program Guidance. (https://www.fda.gov/regulatory-information/search-fda-guidance-documents/advanced-manufacturing-technologies-designation-program) | U.S. Food and Drug Administration. 2025. Examples of Accepted Emerging Technologies. (https://www.fda.gov/about-fda/center-drug-evaluation-and-research-cder/examples-accepted-emerging-technologies) | Thomas, D. 2023. The U.S. Biomanufacturing Economy: Value Added, Supply Chains, Cost, Sustainability, and Efficiency. NIST AMS 100-52. (https://www.nist.gov/publications/us-biomanufacturing-economy-value-added-supply-chains-cost-sustainability-and) | National Academies of Sciences, Engineering, and Medicine. 2023. Successes and Challenges in Biomanufacturing. (https://www.nationalacademies.org/units/DELS-BLS-23-06/publication/26846) | U.S. Food and Drug Administration. 2019. Organs-On-Chips for Radiation Countermeasures. (https://www.fda.gov/emergency-preparedness-and-response/preparedness-research/organs-chips-radiation-countermeasures)",Tier 1 preferred; Tier 2 supplemental,Medium,Mini-PFDs are simplified; exact process routes can vary by architecture/vendor/design.,Treat the mini-PFD as a teaching abstraction unless a source directly supports the sequence.
Technology / readiness gap,Personalized medicine factories readiness gap: Personalized therapies exist but remain expensive and operationally complex.,readiness/economics claim,Personalized medicine factories,Biomass-derived feedstocks; Water; Catalysts; Growth media; Scaffolds; Catalysts,Fermentation; Filtration; Sterilization,regulatory barrier; cost curve problem; data/control problem; quality-control challenge,Personalized therapies exist but remain expensive and operationally complex.,TRL/MRL/IRL plus domain-specific demonstration/commercialization sources,Supported as starter-sourced framing,"U.S. Food and Drug Administration. 2026. Emerging Technology Program. (https://www.fda.gov/about-fda/center-drug-evaluation-and-research-cder/emerging-technology-program-etp) | U.S. Food and Drug Administration. 2025. Advanced Manufacturing Technologies Designation Program Guidance. (https://www.fda.gov/regulatory-information/search-fda-guidance-documents/advanced-manufacturing-technologies-designation-program) | U.S. Food and Drug Administration. 2025. Examples of Accepted Emerging Technologies. (https://www.fda.gov/about-fda/center-drug-evaluation-and-research-cder/examples-accepted-emerging-technologies) | Thomas, D. 2023. The U.S. Biomanufacturing Economy: Value Added, Supply Chains, Cost, Sustainability, and Efficiency. NIST AMS 100-52. (https://www.nist.gov/publications/us-biomanufacturing-economy-value-added-supply-chains-cost-sustainability-and) | National Academies of Sciences, Engineering, and Medicine. 2023. Successes and Challenges in Biomanufacturing. (https://www.nationalacademies.org/units/DELS-BLS-23-06/publication/26846) | U.S. Food and Drug Administration. 2019. Organs-On-Chips for Radiation Countermeasures. (https://www.fda.gov/emergency-preparedness-and-response/preparedness-research/organs-chips-radiation-countermeasures)",Tier 1 preferred; Tier 2 supplemental,Medium,"Source set supports the process framing, but individual claims require direct verification.","Qualify readiness gaps with the specific maturity dimension: technical, manufacturing, integration, infrastructure, safety, or economics."
Technology / scale trigger,"Personalized medicine factories scale trigger: Autologous workflows must become automated, closed, and rapidly releasable.",readiness/economics claim + engineering inference,Personalized medicine factories,Biomass-derived feedstocks; Water; Catalysts; Growth media; Scaffolds; Catalysts,Fermentation; Filtration; Sterilization,regulatory barrier; cost curve problem; data/control problem; quality-control challenge,"Autologous workflows must become automated, closed, and rapidly releasable.","Techno-economic analysis, pilot data, manufacturing learning, reliability, regulatory/permitting evidence",Needs claim-level verification,"U.S. Food and Drug Administration. 2026. Emerging Technology Program. (https://www.fda.gov/about-fda/center-drug-evaluation-and-research-cder/emerging-technology-program-etp) | U.S. Food and Drug Administration. 2025. Advanced Manufacturing Technologies Designation Program Guidance. (https://www.fda.gov/regulatory-information/search-fda-guidance-documents/advanced-manufacturing-technologies-designation-program) | U.S. Food and Drug Administration. 2025. Examples of Accepted Emerging Technologies. (https://www.fda.gov/about-fda/center-drug-evaluation-and-research-cder/examples-accepted-emerging-technologies) | Thomas, D. 2023. The U.S. Biomanufacturing Economy: Value Added, Supply Chains, Cost, Sustainability, and Efficiency. NIST AMS 100-52. (https://www.nist.gov/publications/us-biomanufacturing-economy-value-added-supply-chains-cost-sustainability-and) | National Academies of Sciences, Engineering, and Medicine. 2023. Successes and Challenges in Biomanufacturing. (https://www.nationalacademies.org/units/DELS-BLS-23-06/publication/26846) | U.S. Food and Drug Administration. 2019. Organs-On-Chips for Radiation Countermeasures. (https://www.fda.gov/emergency-preparedness-and-response/preparedness-research/organs-chips-radiation-countermeasures)",Tier 1 preferred; Tier 2 supplemental,Low-Medium,"Scale-trigger language is often inferential and should be verified with TEA, deployment data, or agency roadmap sources.",Phrase scale triggers as hypotheses unless a direct source supports the causal threshold.
Technology / realistic pathway,"Neural interfaces: Implantable electrodes, biocompatible materials, signal processing, wireless power/data, and surgical methods.",process-flow assumption + engineering inference,Neural interfaces,Sorbents; Biomass-derived feedstocks; Sorbents,Fermentation; Filtration; Sterilization,energy penalty; regulatory barrier; data/control problem; scale-up uncertainty,Clinical systems exist for narrow uses; long-term high-bandwidth interfaces are early.,"Direct sources for process route, materials, bottlenecks, readiness, economics, and safety/regulatory issues",Supported as starter-sourced framing,"U.S. Food and Drug Administration. 2021. Implanted Brain-Computer Interface Devices for Patients with Paralysis or Amputation: Non-clinical Testing and Clinical Considerations. (https://www.fda.gov/media/120362/download) | U.S. Government Accountability Office. 2025. Science & Tech Spotlight: Brain-Computer Interfaces. (https://www.gao.gov/products/gao-25-107549) | U.S. Government Accountability Office. 2025. Brain-Computer Interfaces: Benefits and Policy Issues. (https://www.gao.gov/products/gao-25-107549) | U.S. Food and Drug Administration. 2019. Organs-On-Chips for Radiation Countermeasures. (https://www.fda.gov/emergency-preparedness-and-response/preparedness-research/organs-chips-radiation-countermeasures) | Thomas, D. 2023. The U.S. Biomanufacturing Economy: Value Added, Supply Chains, Cost, Sustainability, and Efficiency. NIST AMS 100-52. (https://www.nist.gov/publications/us-biomanufacturing-economy-value-added-supply-chains-cost-sustainability-and) | National Academies of Sciences, Engineering, and Medicine. 2023. Successes and Challenges in Biomanufacturing. (https://www.nationalacademies.org/units/DELS-BLS-23-06/publication/26846)",Tier 1 preferred; Tier 2 supplemental,Medium,"Source set supports the process framing, but individual claims require direct verification.","Verify numbers, economics, timelines, and performance separately. Keep Neural interfaces wording qualified around economics, timelines, and performance unless claim-level evidence is added."
Technology / simplified PFD,Neural interfaces is represented with the simplified PFD sequence: Neural signal → Electrode capture → Signal processing → Command output → Feedback.,process-flow assumption,Neural interfaces,Sorbents; Biomass-derived feedstocks; Sorbents,Fermentation; Filtration; Sterilization,energy penalty; regulatory barrier; data/control problem; scale-up uncertainty,Clinical systems exist for narrow uses; long-term high-bandwidth interfaces are early.,Process-route sources showing actual major unit operations or system blocks,Supported as starter-sourced framing,"U.S. Food and Drug Administration. 2021. Implanted Brain-Computer Interface Devices for Patients with Paralysis or Amputation: Non-clinical Testing and Clinical Considerations. (https://www.fda.gov/media/120362/download) | U.S. Government Accountability Office. 2025. Science & Tech Spotlight: Brain-Computer Interfaces. (https://www.gao.gov/products/gao-25-107549) | U.S. Government Accountability Office. 2025. Brain-Computer Interfaces: Benefits and Policy Issues. (https://www.gao.gov/products/gao-25-107549) | U.S. Food and Drug Administration. 2019. Organs-On-Chips for Radiation Countermeasures. (https://www.fda.gov/emergency-preparedness-and-response/preparedness-research/organs-chips-radiation-countermeasures) | Thomas, D. 2023. The U.S. Biomanufacturing Economy: Value Added, Supply Chains, Cost, Sustainability, and Efficiency. NIST AMS 100-52. (https://www.nist.gov/publications/us-biomanufacturing-economy-value-added-supply-chains-cost-sustainability-and) | National Academies of Sciences, Engineering, and Medicine. 2023. Successes and Challenges in Biomanufacturing. (https://www.nationalacademies.org/units/DELS-BLS-23-06/publication/26846)",Tier 1 preferred; Tier 2 supplemental,Medium,Mini-PFDs are simplified; exact process routes can vary by architecture/vendor/design.,Treat the mini-PFD as a teaching abstraction unless a source directly supports the sequence.
Technology / readiness gap,Neural interfaces readiness gap: Clinical systems exist for narrow uses; long-term high-bandwidth interfaces are early.,readiness/economics claim,Neural interfaces,Sorbents; Biomass-derived feedstocks; Sorbents,Fermentation; Filtration; Sterilization,energy penalty; regulatory barrier; data/control problem; scale-up uncertainty,Clinical systems exist for narrow uses; long-term high-bandwidth interfaces are early.,TRL/MRL/IRL plus domain-specific demonstration/commercialization sources,Supported as starter-sourced framing,"U.S. Food and Drug Administration. 2021. Implanted Brain-Computer Interface Devices for Patients with Paralysis or Amputation: Non-clinical Testing and Clinical Considerations. (https://www.fda.gov/media/120362/download) | U.S. Government Accountability Office. 2025. Science & Tech Spotlight: Brain-Computer Interfaces. (https://www.gao.gov/products/gao-25-107549) | U.S. Government Accountability Office. 2025. Brain-Computer Interfaces: Benefits and Policy Issues. (https://www.gao.gov/products/gao-25-107549) | U.S. Food and Drug Administration. 2019. Organs-On-Chips for Radiation Countermeasures. (https://www.fda.gov/emergency-preparedness-and-response/preparedness-research/organs-chips-radiation-countermeasures) | Thomas, D. 2023. The U.S. Biomanufacturing Economy: Value Added, Supply Chains, Cost, Sustainability, and Efficiency. NIST AMS 100-52. (https://www.nist.gov/publications/us-biomanufacturing-economy-value-added-supply-chains-cost-sustainability-and) | National Academies of Sciences, Engineering, and Medicine. 2023. Successes and Challenges in Biomanufacturing. (https://www.nationalacademies.org/units/DELS-BLS-23-06/publication/26846)",Tier 1 preferred; Tier 2 supplemental,Medium,"Source set supports the process framing, but individual claims require direct verification.","Qualify readiness gaps with the specific maturity dimension: technical, manufacturing, integration, infrastructure, safety, or economics."
Technology / scale trigger,Neural interfaces scale trigger: Interfaces must remain stable and safe for years.,readiness/economics claim + engineering inference,Neural interfaces,Sorbents; Biomass-derived feedstocks; Sorbents,Fermentation; Filtration; Sterilization,energy penalty; regulatory barrier; data/control problem; scale-up uncertainty,Interfaces must remain stable and safe for years.,"Techno-economic analysis, pilot data, manufacturing learning, reliability, regulatory/permitting evidence",Needs claim-level verification,"U.S. Food and Drug Administration. 2021. Implanted Brain-Computer Interface Devices for Patients with Paralysis or Amputation: Non-clinical Testing and Clinical Considerations. (https://www.fda.gov/media/120362/download) | U.S. Government Accountability Office. 2025. Science & Tech Spotlight: Brain-Computer Interfaces. (https://www.gao.gov/products/gao-25-107549) | U.S. Government Accountability Office. 2025. Brain-Computer Interfaces: Benefits and Policy Issues. (https://www.gao.gov/products/gao-25-107549) | U.S. Food and Drug Administration. 2019. Organs-On-Chips for Radiation Countermeasures. (https://www.fda.gov/emergency-preparedness-and-response/preparedness-research/organs-chips-radiation-countermeasures) | Thomas, D. 2023. The U.S. Biomanufacturing Economy: Value Added, Supply Chains, Cost, Sustainability, and Efficiency. NIST AMS 100-52. (https://www.nist.gov/publications/us-biomanufacturing-economy-value-added-supply-chains-cost-sustainability-and) | National Academies of Sciences, Engineering, and Medicine. 2023. Successes and Challenges in Biomanufacturing. (https://www.nationalacademies.org/units/DELS-BLS-23-06/publication/26846)",Tier 1 preferred; Tier 2 supplemental,Low-Medium,"Scale-trigger language is often inferential and should be verified with TEA, deployment data, or agency roadmap sources.",Phrase scale triggers as hypotheses unless a direct source supports the causal threshold.
Technology / realistic pathway,"Artificial limbs with touch feedback: Sensors, haptics, neural interfaces, lightweight actuators, and adaptive control.",process-flow assumption + engineering inference,Artificial limbs with touch feedback,Aluminum; Sorbents; Sorbents,Fermentation; Filtration; Sterilization,reliability gap; maintenance burden; cost curve problem; data/control problem,"Advanced prototypes work, but cost and fitting complexity limit access.","Direct sources for process route, materials, bottlenecks, readiness, economics, and safety/regulatory issues",Supported as starter-sourced framing,"Sensinger, J. W., and Dosen, S. 2020. A Review of Sensory Feedback in Upper-Limb Prostheses From the Perspective of Human Motor Control. Frontiers in Neuroscience. (https://pmc.ncbi.nlm.nih.gov/articles/PMC7324654/) | Abd, M. A., et al. 2022. Multichannel haptic feedback unlocks prosthetic hand dexterity. Scientific Reports. (https://www.nature.com/articles/s41598-022-04953-1) | U.S. Food and Drug Administration. 2021. Implanted Brain-Computer Interface Devices for Patients with Paralysis or Amputation: Non-clinical Testing and Clinical Considerations. (https://www.fda.gov/media/120362/download) | McCorry, M. C., et al. 2022. Sensor technologies for quality control in engineered tissue manufacturing. PMC. (https://pmc.ncbi.nlm.nih.gov/articles/PMC10283157/) | Thomas, D. 2023. The U.S. Biomanufacturing Economy: Value Added, Supply Chains, Cost, Sustainability, and Efficiency. NIST AMS 100-52. (https://www.nist.gov/publications/us-biomanufacturing-economy-value-added-supply-chains-cost-sustainability-and) | National Academies of Sciences, Engineering, and Medicine. 2023. Successes and Challenges in Biomanufacturing. (https://www.nationalacademies.org/units/DELS-BLS-23-06/publication/26846)",Tier 1 preferred; Tier 2 supplemental,Medium,"Source set supports the process framing, but individual claims require direct verification.","Verify numbers, economics, timelines, and performance separately. Keep Artificial limbs with touch feedback wording qualified around economics, timelines, and performance unless claim-level evidence is added."
Technology / simplified PFD,Artificial limbs with touch feedback is represented with the simplified PFD sequence: User intent → Signal capture → Actuator movement → Sensor feedback → Neural/haptic response.,process-flow assumption,Artificial limbs with touch feedback,Aluminum; Sorbents; Sorbents,Fermentation; Filtration; Sterilization,reliability gap; maintenance burden; cost curve problem; data/control problem,"Advanced prototypes work, but cost and fitting complexity limit access.",Process-route sources showing actual major unit operations or system blocks,Supported as starter-sourced framing,"Sensinger, J. W., and Dosen, S. 2020. A Review of Sensory Feedback in Upper-Limb Prostheses From the Perspective of Human Motor Control. Frontiers in Neuroscience. (https://pmc.ncbi.nlm.nih.gov/articles/PMC7324654/) | Abd, M. A., et al. 2022. Multichannel haptic feedback unlocks prosthetic hand dexterity. Scientific Reports. (https://www.nature.com/articles/s41598-022-04953-1) | U.S. Food and Drug Administration. 2021. Implanted Brain-Computer Interface Devices for Patients with Paralysis or Amputation: Non-clinical Testing and Clinical Considerations. (https://www.fda.gov/media/120362/download) | McCorry, M. C., et al. 2022. Sensor technologies for quality control in engineered tissue manufacturing. PMC. (https://pmc.ncbi.nlm.nih.gov/articles/PMC10283157/) | Thomas, D. 2023. The U.S. Biomanufacturing Economy: Value Added, Supply Chains, Cost, Sustainability, and Efficiency. NIST AMS 100-52. (https://www.nist.gov/publications/us-biomanufacturing-economy-value-added-supply-chains-cost-sustainability-and) | National Academies of Sciences, Engineering, and Medicine. 2023. Successes and Challenges in Biomanufacturing. (https://www.nationalacademies.org/units/DELS-BLS-23-06/publication/26846)",Tier 1 preferred; Tier 2 supplemental,Medium,Mini-PFDs are simplified; exact process routes can vary by architecture/vendor/design.,Treat the mini-PFD as a teaching abstraction unless a source directly supports the sequence.
Technology / readiness gap,"Artificial limbs with touch feedback readiness gap: Advanced prototypes work, but cost and fitting complexity limit access.",readiness/economics claim,Artificial limbs with touch feedback,Aluminum; Sorbents; Sorbents,Fermentation; Filtration; Sterilization,reliability gap; maintenance burden; cost curve problem; data/control problem,"Advanced prototypes work, but cost and fitting complexity limit access.",TRL/MRL/IRL plus domain-specific demonstration/commercialization sources,Supported as starter-sourced framing,"Sensinger, J. W., and Dosen, S. 2020. A Review of Sensory Feedback in Upper-Limb Prostheses From the Perspective of Human Motor Control. Frontiers in Neuroscience. (https://pmc.ncbi.nlm.nih.gov/articles/PMC7324654/) | Abd, M. A., et al. 2022. Multichannel haptic feedback unlocks prosthetic hand dexterity. Scientific Reports. (https://www.nature.com/articles/s41598-022-04953-1) | U.S. Food and Drug Administration. 2021. Implanted Brain-Computer Interface Devices for Patients with Paralysis or Amputation: Non-clinical Testing and Clinical Considerations. (https://www.fda.gov/media/120362/download) | McCorry, M. C., et al. 2022. Sensor technologies for quality control in engineered tissue manufacturing. PMC. (https://pmc.ncbi.nlm.nih.gov/articles/PMC10283157/) | Thomas, D. 2023. The U.S. Biomanufacturing Economy: Value Added, Supply Chains, Cost, Sustainability, and Efficiency. NIST AMS 100-52. (https://www.nist.gov/publications/us-biomanufacturing-economy-value-added-supply-chains-cost-sustainability-and) | National Academies of Sciences, Engineering, and Medicine. 2023. Successes and Challenges in Biomanufacturing. (https://www.nationalacademies.org/units/DELS-BLS-23-06/publication/26846)",Tier 1 preferred; Tier 2 supplemental,Medium,"Source set supports the process framing, but individual claims require direct verification.","Qualify readiness gaps with the specific maturity dimension: technical, manufacturing, integration, infrastructure, safety, or economics."
Technology / scale trigger,"Artificial limbs with touch feedback scale trigger: Feedback systems must become robust, serviceable, and reimbursable.",readiness/economics claim + engineering inference,Artificial limbs with touch feedback,Aluminum; Sorbents; Sorbents,Fermentation; Filtration; Sterilization,reliability gap; maintenance burden; cost curve problem; data/control problem,"Feedback systems must become robust, serviceable, and reimbursable.","Techno-economic analysis, pilot data, manufacturing learning, reliability, regulatory/permitting evidence",Needs claim-level verification,"Sensinger, J. W., and Dosen, S. 2020. A Review of Sensory Feedback in Upper-Limb Prostheses From the Perspective of Human Motor Control. Frontiers in Neuroscience. (https://pmc.ncbi.nlm.nih.gov/articles/PMC7324654/) | Abd, M. A., et al. 2022. Multichannel haptic feedback unlocks prosthetic hand dexterity. Scientific Reports. (https://www.nature.com/articles/s41598-022-04953-1) | U.S. Food and Drug Administration. 2021. Implanted Brain-Computer Interface Devices for Patients with Paralysis or Amputation: Non-clinical Testing and Clinical Considerations. (https://www.fda.gov/media/120362/download) | McCorry, M. C., et al. 2022. Sensor technologies for quality control in engineered tissue manufacturing. PMC. (https://pmc.ncbi.nlm.nih.gov/articles/PMC10283157/) | Thomas, D. 2023. The U.S. Biomanufacturing Economy: Value Added, Supply Chains, Cost, Sustainability, and Efficiency. NIST AMS 100-52. (https://www.nist.gov/publications/us-biomanufacturing-economy-value-added-supply-chains-cost-sustainability-and) | National Academies of Sciences, Engineering, and Medicine. 2023. Successes and Challenges in Biomanufacturing. (https://www.nationalacademies.org/units/DELS-BLS-23-06/publication/26846)",Tier 1 preferred; Tier 2 supplemental,Low-Medium,"Scale-trigger language is often inferential and should be verified with TEA, deployment data, or agency roadmap sources.",Phrase scale triggers as hypotheses unless a direct source supports the causal threshold.
Technology / realistic pathway,"Anti-aging therapies: Senolytics, gene therapies, regenerative medicine, biomarkers, and controlled trials.",process-flow assumption + engineering inference,Anti-aging therapies,Biomass-derived feedstocks; Water; Catalysts; Catalysts,Fermentation; Filtration; Sterilization,safety risk; data/control problem; scale-up uncertainty,"Specific age-related mechanisms are targetable, but broad lifespan extension is unproven.","Direct sources for process route, materials, bottlenecks, readiness, economics, and safety/regulatory issues",Partially supported / roadmap-stage,"Kirkland, J. L., and Tchkonia, T. 2020. Senolytic drugs: from discovery to translation. Journal of Internal Medicine. (https://pubmed.ncbi.nlm.nih.gov/32686219/) | Lelarge, V., et al. 2024. Senolytics: from pharmacological inhibitors to immunotherapies, a promising future? npj Aging. (https://www.nature.com/articles/s41514-024-00138-4) | ClinicalTrials.gov. NCT04313634. Targeting Cellular Senescence With Senolytics to Improve Skeletal Health in Older Humans. (https://clinicaltrials.gov/study/NCT04313634) | U.S. Food and Drug Administration. 2026. Emerging Technology Program. (https://www.fda.gov/about-fda/center-drug-evaluation-and-research-cder/emerging-technology-program-etp) | Thomas, D. 2023. The U.S. Biomanufacturing Economy: Value Added, Supply Chains, Cost, Sustainability, and Efficiency. NIST AMS 100-52. (https://www.nist.gov/publications/us-biomanufacturing-economy-value-added-supply-chains-cost-sustainability-and) | National Academies of Sciences, Engineering, and Medicine. 2023. Successes and Challenges in Biomanufacturing. (https://www.nationalacademies.org/units/DELS-BLS-23-06/publication/26846)",Tier 1 preferred; Tier 2 supplemental,Medium,"Sources support active research, demonstrations, or roadmaps; scale/cost/reliability are unresolved.","Frame as roadmap-stage or early-stage. Keep Anti-aging therapies wording qualified around economics, timelines, and performance unless claim-level evidence is added."
Technology / simplified PFD,Anti-aging therapies is represented with the simplified PFD sequence: Biomarker diagnosis → Targeted therapy → Monitoring → Adjustment → Long-term outcomes.,process-flow assumption,Anti-aging therapies,Biomass-derived feedstocks; Water; Catalysts; Catalysts,Fermentation; Filtration; Sterilization,safety risk; data/control problem; scale-up uncertainty,"Specific age-related mechanisms are targetable, but broad lifespan extension is unproven.",Process-route sources showing actual major unit operations or system blocks,Partially supported / roadmap-stage,"Kirkland, J. L., and Tchkonia, T. 2020. Senolytic drugs: from discovery to translation. Journal of Internal Medicine. (https://pubmed.ncbi.nlm.nih.gov/32686219/) | Lelarge, V., et al. 2024. Senolytics: from pharmacological inhibitors to immunotherapies, a promising future? npj Aging. (https://www.nature.com/articles/s41514-024-00138-4) | ClinicalTrials.gov. NCT04313634. Targeting Cellular Senescence With Senolytics to Improve Skeletal Health in Older Humans. (https://clinicaltrials.gov/study/NCT04313634) | U.S. Food and Drug Administration. 2026. Emerging Technology Program. (https://www.fda.gov/about-fda/center-drug-evaluation-and-research-cder/emerging-technology-program-etp) | Thomas, D. 2023. The U.S. Biomanufacturing Economy: Value Added, Supply Chains, Cost, Sustainability, and Efficiency. NIST AMS 100-52. (https://www.nist.gov/publications/us-biomanufacturing-economy-value-added-supply-chains-cost-sustainability-and) | National Academies of Sciences, Engineering, and Medicine. 2023. Successes and Challenges in Biomanufacturing. (https://www.nationalacademies.org/units/DELS-BLS-23-06/publication/26846)",Tier 1 preferred; Tier 2 supplemental,Medium,Mini-PFDs are simplified; exact process routes can vary by architecture/vendor/design.,Treat the mini-PFD as a teaching abstraction unless a source directly supports the sequence.
Technology / readiness gap,"Anti-aging therapies readiness gap: Specific age-related mechanisms are targetable, but broad lifespan extension is unproven.",readiness/economics claim,Anti-aging therapies,Biomass-derived feedstocks; Water; Catalysts; Catalysts,Fermentation; Filtration; Sterilization,safety risk; data/control problem; scale-up uncertainty,"Specific age-related mechanisms are targetable, but broad lifespan extension is unproven.",TRL/MRL/IRL plus domain-specific demonstration/commercialization sources,Partially supported / roadmap-stage,"Kirkland, J. L., and Tchkonia, T. 2020. Senolytic drugs: from discovery to translation. Journal of Internal Medicine. (https://pubmed.ncbi.nlm.nih.gov/32686219/) | Lelarge, V., et al. 2024. Senolytics: from pharmacological inhibitors to immunotherapies, a promising future? npj Aging. (https://www.nature.com/articles/s41514-024-00138-4) | ClinicalTrials.gov. NCT04313634. Targeting Cellular Senescence With Senolytics to Improve Skeletal Health in Older Humans. (https://clinicaltrials.gov/study/NCT04313634) | U.S. Food and Drug Administration. 2026. Emerging Technology Program. (https://www.fda.gov/about-fda/center-drug-evaluation-and-research-cder/emerging-technology-program-etp) | Thomas, D. 2023. The U.S. Biomanufacturing Economy: Value Added, Supply Chains, Cost, Sustainability, and Efficiency. NIST AMS 100-52. (https://www.nist.gov/publications/us-biomanufacturing-economy-value-added-supply-chains-cost-sustainability-and) | National Academies of Sciences, Engineering, and Medicine. 2023. Successes and Challenges in Biomanufacturing. (https://www.nationalacademies.org/units/DELS-BLS-23-06/publication/26846)",Tier 1 preferred; Tier 2 supplemental,Medium,"Sources support active research, demonstrations, or roadmaps; scale/cost/reliability are unresolved.","Qualify readiness gaps with the specific maturity dimension: technical, manufacturing, integration, infrastructure, safety, or economics."
Technology / scale trigger,Anti-aging therapies scale trigger: Therapies must show durable benefit without unacceptable long-term risk.,readiness/economics claim + engineering inference,Anti-aging therapies,Biomass-derived feedstocks; Water; Catalysts; Catalysts,Fermentation; Filtration; Sterilization,safety risk; data/control problem; scale-up uncertainty,Therapies must show durable benefit without unacceptable long-term risk.,"Techno-economic analysis, pilot data, manufacturing learning, reliability, regulatory/permitting evidence",Partially supported / roadmap-stage,"Kirkland, J. L., and Tchkonia, T. 2020. Senolytic drugs: from discovery to translation. Journal of Internal Medicine. (https://pubmed.ncbi.nlm.nih.gov/32686219/) | Lelarge, V., et al. 2024. Senolytics: from pharmacological inhibitors to immunotherapies, a promising future? npj Aging. (https://www.nature.com/articles/s41514-024-00138-4) | ClinicalTrials.gov. NCT04313634. Targeting Cellular Senescence With Senolytics to Improve Skeletal Health in Older Humans. (https://clinicaltrials.gov/study/NCT04313634) | U.S. Food and Drug Administration. 2026. Emerging Technology Program. (https://www.fda.gov/about-fda/center-drug-evaluation-and-research-cder/emerging-technology-program-etp) | Thomas, D. 2023. The U.S. Biomanufacturing Economy: Value Added, Supply Chains, Cost, Sustainability, and Efficiency. NIST AMS 100-52. (https://www.nist.gov/publications/us-biomanufacturing-economy-value-added-supply-chains-cost-sustainability-and) | National Academies of Sciences, Engineering, and Medicine. 2023. Successes and Challenges in Biomanufacturing. (https://www.nationalacademies.org/units/DELS-BLS-23-06/publication/26846)",Tier 1 preferred; Tier 2 supplemental,Medium,"Scale-trigger language is often inferential and should be verified with TEA, deployment data, or agency roadmap sources.",Phrase scale triggers as hypotheses unless a direct source supports the causal threshold.
Technology / realistic pathway,"Synthetic blood: Oxygen carriers, hemoglobin engineering, particle stabilization, sterility, and transfusion safety.",process-flow assumption + engineering inference,Synthetic blood,Oxygen; Water; Catalysts; Catalysts,Fermentation; Filtration; Sterilization,separation cost; infrastructure gap; safety risk; supply-chain constraint,"The need is clear, but oxygen delivery without toxicity is hard.","Direct sources for process route, materials, bottlenecks, readiness, economics, and safety/regulatory issues",Partially supported / roadmap-stage,"U.S. Food and Drug Administration. 2024. Evaluating the Safety and Efficacy of Hemoglobin-Based Blood Substitutes. (https://www.fda.gov/vaccines-blood-biologics/science-research-biologics/evaluating-safety-and-efficacy-hemoglobin-based-blood-substitutes) | Chen, L., et al. 2023. Hemoglobin-Based Oxygen Carriers: Where Are We Now in 2023? International Journal of Molecular Sciences. (https://pmc.ncbi.nlm.nih.gov/articles/PMC9962799/) | U.S. Food and Drug Administration. 2025. Examples of Accepted Emerging Technologies. (https://www.fda.gov/about-fda/center-drug-evaluation-and-research-cder/examples-accepted-emerging-technologies) | McCorry, M. C., et al. 2022. Sensor technologies for quality control in engineered tissue manufacturing. PMC. (https://pmc.ncbi.nlm.nih.gov/articles/PMC10283157/) | Thomas, D. 2023. The U.S. Biomanufacturing Economy: Value Added, Supply Chains, Cost, Sustainability, and Efficiency. NIST AMS 100-52. (https://www.nist.gov/publications/us-biomanufacturing-economy-value-added-supply-chains-cost-sustainability-and) | National Academies of Sciences, Engineering, and Medicine. 2023. Successes and Challenges in Biomanufacturing. (https://www.nationalacademies.org/units/DELS-BLS-23-06/publication/26846)",Tier 1 preferred; Tier 2 supplemental,Medium,"Sources support active research, demonstrations, or roadmaps; scale/cost/reliability are unresolved.","Frame as roadmap-stage or early-stage. Keep Synthetic blood wording qualified around economics, timelines, and performance unless claim-level evidence is added."
Technology / simplified PFD,Synthetic blood is represented with the simplified PFD sequence: Hemoglobin/carrier synthesis → Stabilization → Purification → Formulation → Clinical use.,process-flow assumption,Synthetic blood,Oxygen; Water; Catalysts; Catalysts,Fermentation; Filtration; Sterilization,separation cost; infrastructure gap; safety risk; supply-chain constraint,"The need is clear, but oxygen delivery without toxicity is hard.",Process-route sources showing actual major unit operations or system blocks,Partially supported / roadmap-stage,"U.S. Food and Drug Administration. 2024. Evaluating the Safety and Efficacy of Hemoglobin-Based Blood Substitutes. (https://www.fda.gov/vaccines-blood-biologics/science-research-biologics/evaluating-safety-and-efficacy-hemoglobin-based-blood-substitutes) | Chen, L., et al. 2023. Hemoglobin-Based Oxygen Carriers: Where Are We Now in 2023? International Journal of Molecular Sciences. (https://pmc.ncbi.nlm.nih.gov/articles/PMC9962799/) | U.S. Food and Drug Administration. 2025. Examples of Accepted Emerging Technologies. (https://www.fda.gov/about-fda/center-drug-evaluation-and-research-cder/examples-accepted-emerging-technologies) | McCorry, M. C., et al. 2022. Sensor technologies for quality control in engineered tissue manufacturing. PMC. (https://pmc.ncbi.nlm.nih.gov/articles/PMC10283157/) | Thomas, D. 2023. The U.S. Biomanufacturing Economy: Value Added, Supply Chains, Cost, Sustainability, and Efficiency. NIST AMS 100-52. (https://www.nist.gov/publications/us-biomanufacturing-economy-value-added-supply-chains-cost-sustainability-and) | National Academies of Sciences, Engineering, and Medicine. 2023. Successes and Challenges in Biomanufacturing. (https://www.nationalacademies.org/units/DELS-BLS-23-06/publication/26846)",Tier 1 preferred; Tier 2 supplemental,Medium,Mini-PFDs are simplified; exact process routes can vary by architecture/vendor/design.,Treat the mini-PFD as a teaching abstraction unless a source directly supports the sequence.
Technology / readiness gap,"Synthetic blood readiness gap: The need is clear, but oxygen delivery without toxicity is hard.",readiness/economics claim,Synthetic blood,Oxygen; Water; Catalysts; Catalysts,Fermentation; Filtration; Sterilization,separation cost; infrastructure gap; safety risk; supply-chain constraint,"The need is clear, but oxygen delivery without toxicity is hard.",TRL/MRL/IRL plus domain-specific demonstration/commercialization sources,Partially supported / roadmap-stage,"U.S. Food and Drug Administration. 2024. Evaluating the Safety and Efficacy of Hemoglobin-Based Blood Substitutes. (https://www.fda.gov/vaccines-blood-biologics/science-research-biologics/evaluating-safety-and-efficacy-hemoglobin-based-blood-substitutes) | Chen, L., et al. 2023. Hemoglobin-Based Oxygen Carriers: Where Are We Now in 2023? International Journal of Molecular Sciences. (https://pmc.ncbi.nlm.nih.gov/articles/PMC9962799/) | U.S. Food and Drug Administration. 2025. Examples of Accepted Emerging Technologies. (https://www.fda.gov/about-fda/center-drug-evaluation-and-research-cder/examples-accepted-emerging-technologies) | McCorry, M. C., et al. 2022. Sensor technologies for quality control in engineered tissue manufacturing. PMC. (https://pmc.ncbi.nlm.nih.gov/articles/PMC10283157/) | Thomas, D. 2023. The U.S. Biomanufacturing Economy: Value Added, Supply Chains, Cost, Sustainability, and Efficiency. NIST AMS 100-52. (https://www.nist.gov/publications/us-biomanufacturing-economy-value-added-supply-chains-cost-sustainability-and) | National Academies of Sciences, Engineering, and Medicine. 2023. Successes and Challenges in Biomanufacturing. (https://www.nationalacademies.org/units/DELS-BLS-23-06/publication/26846)",Tier 1 preferred; Tier 2 supplemental,Medium,"Sources support active research, demonstrations, or roadmaps; scale/cost/reliability are unresolved.","Qualify readiness gaps with the specific maturity dimension: technical, manufacturing, integration, infrastructure, safety, or economics."
Technology / scale trigger,Synthetic blood scale trigger: Products must oxygenate tissue without triggering vascular or immune harm.,readiness/economics claim + engineering inference,Synthetic blood,Oxygen; Water; Catalysts; Catalysts,Fermentation; Filtration; Sterilization,separation cost; infrastructure gap; safety risk; supply-chain constraint,Products must oxygenate tissue without triggering vascular or immune harm.,"Techno-economic analysis, pilot data, manufacturing learning, reliability, regulatory/permitting evidence",Partially supported / roadmap-stage,"U.S. Food and Drug Administration. 2024. Evaluating the Safety and Efficacy of Hemoglobin-Based Blood Substitutes. (https://www.fda.gov/vaccines-blood-biologics/science-research-biologics/evaluating-safety-and-efficacy-hemoglobin-based-blood-substitutes) | Chen, L., et al. 2023. Hemoglobin-Based Oxygen Carriers: Where Are We Now in 2023? International Journal of Molecular Sciences. (https://pmc.ncbi.nlm.nih.gov/articles/PMC9962799/) | U.S. Food and Drug Administration. 2025. Examples of Accepted Emerging Technologies. (https://www.fda.gov/about-fda/center-drug-evaluation-and-research-cder/examples-accepted-emerging-technologies) | McCorry, M. C., et al. 2022. Sensor technologies for quality control in engineered tissue manufacturing. PMC. (https://pmc.ncbi.nlm.nih.gov/articles/PMC10283157/) | Thomas, D. 2023. The U.S. Biomanufacturing Economy: Value Added, Supply Chains, Cost, Sustainability, and Efficiency. NIST AMS 100-52. (https://www.nist.gov/publications/us-biomanufacturing-economy-value-added-supply-chains-cost-sustainability-and) | National Academies of Sciences, Engineering, and Medicine. 2023. Successes and Challenges in Biomanufacturing. (https://www.nationalacademies.org/units/DELS-BLS-23-06/publication/26846)",Tier 1 preferred; Tier 2 supplemental,Medium,"Scale-trigger language is often inferential and should be verified with TEA, deployment data, or agency roadmap sources.",Phrase scale triggers as hypotheses unless a direct source supports the causal threshold.
Technology / realistic pathway,"Medical nanobots: Targeted nanoparticles, drug delivery vehicles, micro/nanorobots, imaging guidance, and biodegradability.",process-flow assumption + engineering inference,Medical nanobots,Biomass-derived feedstocks; Water; Catalysts; Catalysts,Fermentation; Filtration; Sterilization,safety risk; data/control problem; scale-up uncertainty,Targeted delivery exists; autonomous repair robots are still speculative.,"Direct sources for process route, materials, bottlenecks, readiness, economics, and safety/regulatory issues",Partially supported / needs cautious wording,"Hua, S., et al. 2018. Current Trends and Challenges in the Clinical Translation of Nanoparticulate Nanomedicines. Frontiers in Pharmacology. (https://www.frontiersin.org/journals/pharmacology/articles/10.3389/fphar.2018.00790/full) | Anto, M., et al. 2025. Nano bio-robots: a new frontier in targeted therapeutic delivery. Frontiers / PMC. (https://pmc.ncbi.nlm.nih.gov/articles/PMC12631375/) | U.S. Food and Drug Administration. 2021. Implanted Brain-Computer Interface Devices for Patients with Paralysis or Amputation: Non-clinical Testing and Clinical Considerations. (https://www.fda.gov/media/120362/download) | U.S. Food and Drug Administration. 2025. Advanced Manufacturing Technologies Designation Program Guidance. (https://www.fda.gov/regulatory-information/search-fda-guidance-documents/advanced-manufacturing-technologies-designation-program) | Thomas, D. 2023. The U.S. Biomanufacturing Economy: Value Added, Supply Chains, Cost, Sustainability, and Efficiency. NIST AMS 100-52. (https://www.nist.gov/publications/us-biomanufacturing-economy-value-added-supply-chains-cost-sustainability-and) | National Academies of Sciences, Engineering, and Medicine. 2023. Successes and Challenges in Biomanufacturing. (https://www.nationalacademies.org/units/DELS-BLS-23-06/publication/26846)",Tier 1 preferred; Tier 2 supplemental,Low-Medium,"Sources support adjacent mechanisms, components, or analogues, not the full system.","Frame as speculative analogue evidence. Keep Medical nanobots wording qualified around economics, timelines, and performance unless claim-level evidence is added."
Technology / simplified PFD,Medical nanobots is represented with the simplified PFD sequence: Nanocarrier fabrication → Targeting functionalization → Injection → Navigation/accumulation → Therapy release.,process-flow assumption,Medical nanobots,Biomass-derived feedstocks; Water; Catalysts; Catalysts,Fermentation; Filtration; Sterilization,safety risk; data/control problem; scale-up uncertainty,Targeted delivery exists; autonomous repair robots are still speculative.,Process-route sources showing actual major unit operations or system blocks,Partially supported / needs cautious wording,"Hua, S., et al. 2018. Current Trends and Challenges in the Clinical Translation of Nanoparticulate Nanomedicines. Frontiers in Pharmacology. (https://www.frontiersin.org/journals/pharmacology/articles/10.3389/fphar.2018.00790/full) | Anto, M., et al. 2025. Nano bio-robots: a new frontier in targeted therapeutic delivery. Frontiers / PMC. (https://pmc.ncbi.nlm.nih.gov/articles/PMC12631375/) | U.S. Food and Drug Administration. 2021. Implanted Brain-Computer Interface Devices for Patients with Paralysis or Amputation: Non-clinical Testing and Clinical Considerations. (https://www.fda.gov/media/120362/download) | U.S. Food and Drug Administration. 2025. Advanced Manufacturing Technologies Designation Program Guidance. (https://www.fda.gov/regulatory-information/search-fda-guidance-documents/advanced-manufacturing-technologies-designation-program) | Thomas, D. 2023. The U.S. Biomanufacturing Economy: Value Added, Supply Chains, Cost, Sustainability, and Efficiency. NIST AMS 100-52. (https://www.nist.gov/publications/us-biomanufacturing-economy-value-added-supply-chains-cost-sustainability-and) | National Academies of Sciences, Engineering, and Medicine. 2023. Successes and Challenges in Biomanufacturing. (https://www.nationalacademies.org/units/DELS-BLS-23-06/publication/26846)",Tier 1 preferred; Tier 2 supplemental,Low-Medium,Mini-PFDs are simplified; exact process routes can vary by architecture/vendor/design.,Treat the mini-PFD as a teaching abstraction unless a source directly supports the sequence.
Technology / readiness gap,Medical nanobots readiness gap: Targeted delivery exists; autonomous repair robots are still speculative.,readiness/economics claim,Medical nanobots,Biomass-derived feedstocks; Water; Catalysts; Catalysts,Fermentation; Filtration; Sterilization,safety risk; data/control problem; scale-up uncertainty,Targeted delivery exists; autonomous repair robots are still speculative.,TRL/MRL/IRL plus domain-specific demonstration/commercialization sources,Partially supported / needs cautious wording,"Hua, S., et al. 2018. Current Trends and Challenges in the Clinical Translation of Nanoparticulate Nanomedicines. Frontiers in Pharmacology. (https://www.frontiersin.org/journals/pharmacology/articles/10.3389/fphar.2018.00790/full) | Anto, M., et al. 2025. Nano bio-robots: a new frontier in targeted therapeutic delivery. Frontiers / PMC. (https://pmc.ncbi.nlm.nih.gov/articles/PMC12631375/) | U.S. Food and Drug Administration. 2021. Implanted Brain-Computer Interface Devices for Patients with Paralysis or Amputation: Non-clinical Testing and Clinical Considerations. (https://www.fda.gov/media/120362/download) | U.S. Food and Drug Administration. 2025. Advanced Manufacturing Technologies Designation Program Guidance. (https://www.fda.gov/regulatory-information/search-fda-guidance-documents/advanced-manufacturing-technologies-designation-program) | Thomas, D. 2023. The U.S. Biomanufacturing Economy: Value Added, Supply Chains, Cost, Sustainability, and Efficiency. NIST AMS 100-52. (https://www.nist.gov/publications/us-biomanufacturing-economy-value-added-supply-chains-cost-sustainability-and) | National Academies of Sciences, Engineering, and Medicine. 2023. Successes and Challenges in Biomanufacturing. (https://www.nationalacademies.org/units/DELS-BLS-23-06/publication/26846)",Tier 1 preferred; Tier 2 supplemental,Low-Medium,"Sources support adjacent mechanisms, components, or analogues, not the full system.","Qualify readiness gaps with the specific maturity dimension: technical, manufacturing, integration, infrastructure, safety, or economics."
Technology / scale trigger,"Medical nanobots scale trigger: Particles must localize, act, and clear with predictable safety.",readiness/economics claim + engineering inference,Medical nanobots,Biomass-derived feedstocks; Water; Catalysts; Catalysts,Fermentation; Filtration; Sterilization,safety risk; data/control problem; scale-up uncertainty,"Particles must localize, act, and clear with predictable safety.","Techno-economic analysis, pilot data, manufacturing learning, reliability, regulatory/permitting evidence",Partially supported / needs cautious wording,"Hua, S., et al. 2018. Current Trends and Challenges in the Clinical Translation of Nanoparticulate Nanomedicines. Frontiers in Pharmacology. (https://www.frontiersin.org/journals/pharmacology/articles/10.3389/fphar.2018.00790/full) | Anto, M., et al. 2025. Nano bio-robots: a new frontier in targeted therapeutic delivery. Frontiers / PMC. (https://pmc.ncbi.nlm.nih.gov/articles/PMC12631375/) | U.S. Food and Drug Administration. 2021. Implanted Brain-Computer Interface Devices for Patients with Paralysis or Amputation: Non-clinical Testing and Clinical Considerations. (https://www.fda.gov/media/120362/download) | U.S. Food and Drug Administration. 2025. Advanced Manufacturing Technologies Designation Program Guidance. (https://www.fda.gov/regulatory-information/search-fda-guidance-documents/advanced-manufacturing-technologies-designation-program) | Thomas, D. 2023. The U.S. Biomanufacturing Economy: Value Added, Supply Chains, Cost, Sustainability, and Efficiency. NIST AMS 100-52. (https://www.nist.gov/publications/us-biomanufacturing-economy-value-added-supply-chains-cost-sustainability-and) | National Academies of Sciences, Engineering, and Medicine. 2023. Successes and Challenges in Biomanufacturing. (https://www.nationalacademies.org/units/DELS-BLS-23-06/publication/26846)",Tier 1 preferred; Tier 2 supplemental,Low-Medium,"Scale-trigger language is often inferential and should be verified with TEA, deployment data, or agency roadmap sources.",Phrase scale triggers as hypotheses unless a direct source supports the causal threshold.
Technology / realistic pathway,"Organ-on-chip drug testing: Microfluidics, cell culture, sensors, tissue models, and standardized assays.",process-flow assumption + engineering inference,Organ-on-chip drug testing,Biomass-derived feedstocks; Water; Catalysts; Silicon wafers; Photoresists; Thin films; Growth media; Scaffolds,Fermentation; Filtration; Sterilization,infrastructure gap; safety risk; regulatory barrier; data/control problem,"Useful models exist, but regulatory substitution needs validation.","Direct sources for process route, materials, bottlenecks, readiness, economics, and safety/regulatory issues",Supported as starter-sourced framing,"U.S. Food and Drug Administration. 2019. Organs-On-Chips for Radiation Countermeasures. (https://www.fda.gov/emergency-preparedness-and-response/preparedness-research/organs-chips-radiation-countermeasures) | Ma, C., et al. 2020. Organ-on-a-Chip: A new paradigm for drug development. Trends in Pharmacological Sciences / PMC. (https://pmc.ncbi.nlm.nih.gov/articles/PMC7990030/) | McCorry, M. C., et al. 2022. Sensor technologies for quality control in engineered tissue manufacturing. PMC. (https://pmc.ncbi.nlm.nih.gov/articles/PMC10283157/) | Zuncheddu, D., et al. 2021. Quality control methods in musculoskeletal tissue engineering. Bone Research. (https://www.nature.com/articles/s41413-021-00167-9) | Thomas, D. 2023. The U.S. Biomanufacturing Economy: Value Added, Supply Chains, Cost, Sustainability, and Efficiency. NIST AMS 100-52. (https://www.nist.gov/publications/us-biomanufacturing-economy-value-added-supply-chains-cost-sustainability-and) | National Academies of Sciences, Engineering, and Medicine. 2023. Successes and Challenges in Biomanufacturing. (https://www.nationalacademies.org/units/DELS-BLS-23-06/publication/26846)",Tier 1 preferred; Tier 2 supplemental,Medium,"Source set supports the process framing, but individual claims require direct verification.","Verify numbers, economics, timelines, and performance separately. Keep Organ-on-chip drug testing wording qualified around economics, timelines, and performance unless claim-level evidence is added."
Technology / simplified PFD,Organ-on-chip drug testing is represented with the simplified PFD sequence: Chip fabrication → Cell seeding → Fluid perfusion → Drug dosing → Sensor readout.,process-flow assumption,Organ-on-chip drug testing,Biomass-derived feedstocks; Water; Catalysts; Silicon wafers; Photoresists; Thin films; Growth media; Scaffolds,Fermentation; Filtration; Sterilization,infrastructure gap; safety risk; regulatory barrier; data/control problem,"Useful models exist, but regulatory substitution needs validation.",Process-route sources showing actual major unit operations or system blocks,Supported as starter-sourced framing,"U.S. Food and Drug Administration. 2019. Organs-On-Chips for Radiation Countermeasures. (https://www.fda.gov/emergency-preparedness-and-response/preparedness-research/organs-chips-radiation-countermeasures) | Ma, C., et al. 2020. Organ-on-a-Chip: A new paradigm for drug development. Trends in Pharmacological Sciences / PMC. (https://pmc.ncbi.nlm.nih.gov/articles/PMC7990030/) | McCorry, M. C., et al. 2022. Sensor technologies for quality control in engineered tissue manufacturing. PMC. (https://pmc.ncbi.nlm.nih.gov/articles/PMC10283157/) | Zuncheddu, D., et al. 2021. Quality control methods in musculoskeletal tissue engineering. Bone Research. (https://www.nature.com/articles/s41413-021-00167-9) | Thomas, D. 2023. The U.S. Biomanufacturing Economy: Value Added, Supply Chains, Cost, Sustainability, and Efficiency. NIST AMS 100-52. (https://www.nist.gov/publications/us-biomanufacturing-economy-value-added-supply-chains-cost-sustainability-and) | National Academies of Sciences, Engineering, and Medicine. 2023. Successes and Challenges in Biomanufacturing. (https://www.nationalacademies.org/units/DELS-BLS-23-06/publication/26846)",Tier 1 preferred; Tier 2 supplemental,Medium,Mini-PFDs are simplified; exact process routes can vary by architecture/vendor/design.,Treat the mini-PFD as a teaching abstraction unless a source directly supports the sequence.
Technology / readiness gap,"Organ-on-chip drug testing readiness gap: Useful models exist, but regulatory substitution needs validation.",readiness/economics claim,Organ-on-chip drug testing,Biomass-derived feedstocks; Water; Catalysts; Silicon wafers; Photoresists; Thin films; Growth media; Scaffolds,Fermentation; Filtration; Sterilization,infrastructure gap; safety risk; regulatory barrier; data/control problem,"Useful models exist, but regulatory substitution needs validation.",TRL/MRL/IRL plus domain-specific demonstration/commercialization sources,Supported as starter-sourced framing,"U.S. Food and Drug Administration. 2019. Organs-On-Chips for Radiation Countermeasures. (https://www.fda.gov/emergency-preparedness-and-response/preparedness-research/organs-chips-radiation-countermeasures) | Ma, C., et al. 2020. Organ-on-a-Chip: A new paradigm for drug development. Trends in Pharmacological Sciences / PMC. (https://pmc.ncbi.nlm.nih.gov/articles/PMC7990030/) | McCorry, M. C., et al. 2022. Sensor technologies for quality control in engineered tissue manufacturing. PMC. (https://pmc.ncbi.nlm.nih.gov/articles/PMC10283157/) | Zuncheddu, D., et al. 2021. Quality control methods in musculoskeletal tissue engineering. Bone Research. (https://www.nature.com/articles/s41413-021-00167-9) | Thomas, D. 2023. The U.S. Biomanufacturing Economy: Value Added, Supply Chains, Cost, Sustainability, and Efficiency. NIST AMS 100-52. (https://www.nist.gov/publications/us-biomanufacturing-economy-value-added-supply-chains-cost-sustainability-and) | National Academies of Sciences, Engineering, and Medicine. 2023. Successes and Challenges in Biomanufacturing. (https://www.nationalacademies.org/units/DELS-BLS-23-06/publication/26846)",Tier 1 preferred; Tier 2 supplemental,Medium,"Source set supports the process framing, but individual claims require direct verification.","Qualify readiness gaps with the specific maturity dimension: technical, manufacturing, integration, infrastructure, safety, or economics."
Technology / scale trigger,Organ-on-chip drug testing scale trigger: Assays must be reproducible across labs and predictive of human outcomes.,readiness/economics claim + engineering inference,Organ-on-chip drug testing,Biomass-derived feedstocks; Water; Catalysts; Silicon wafers; Photoresists; Thin films; Growth media; Scaffolds,Fermentation; Filtration; Sterilization,infrastructure gap; safety risk; regulatory barrier; data/control problem,Assays must be reproducible across labs and predictive of human outcomes.,"Techno-economic analysis, pilot data, manufacturing learning, reliability, regulatory/permitting evidence",Needs claim-level verification,"U.S. Food and Drug Administration. 2019. Organs-On-Chips for Radiation Countermeasures. (https://www.fda.gov/emergency-preparedness-and-response/preparedness-research/organs-chips-radiation-countermeasures) | Ma, C., et al. 2020. Organ-on-a-Chip: A new paradigm for drug development. Trends in Pharmacological Sciences / PMC. (https://pmc.ncbi.nlm.nih.gov/articles/PMC7990030/) | McCorry, M. C., et al. 2022. Sensor technologies for quality control in engineered tissue manufacturing. PMC. (https://pmc.ncbi.nlm.nih.gov/articles/PMC10283157/) | Zuncheddu, D., et al. 2021. Quality control methods in musculoskeletal tissue engineering. Bone Research. (https://www.nature.com/articles/s41413-021-00167-9) | Thomas, D. 2023. The U.S. Biomanufacturing Economy: Value Added, Supply Chains, Cost, Sustainability, and Efficiency. NIST AMS 100-52. (https://www.nist.gov/publications/us-biomanufacturing-economy-value-added-supply-chains-cost-sustainability-and) | National Academies of Sciences, Engineering, and Medicine. 2023. Successes and Challenges in Biomanufacturing. (https://www.nationalacademies.org/units/DELS-BLS-23-06/publication/26846)",Tier 1 preferred; Tier 2 supplemental,Low-Medium,"Scale-trigger language is often inferential and should be verified with TEA, deployment data, or agency roadmap sources.",Phrase scale triggers as hypotheses unless a direct source supports the causal threshold.
Technology / realistic pathway,"Cybernetic implants: Biocompatible electronics, wireless power, neural/sensor integration, and regulatory approval.",process-flow assumption + engineering inference,Cybernetic implants,Copper; Cement/concrete chemistries; Conductive inks; Solvents; Biomass-derived feedstocks; Cementitious materials; Mineral aggregates; Conductive inks,Sterilization; Fermentation; Filtration,energy penalty; safety risk; regulatory barrier; reliability gap,Medical implants are real; elective enhancement faces technical and ethical barriers.,"Direct sources for process route, materials, bottlenecks, readiness, economics, and safety/regulatory issues",Partially supported / roadmap-stage,"U.S. Food and Drug Administration. 2021. Implanted Brain-Computer Interface Devices for Patients with Paralysis or Amputation: Non-clinical Testing and Clinical Considerations. (https://www.fda.gov/media/120362/download) | U.S. Government Accountability Office. 2025. Science & Tech Spotlight: Brain-Computer Interfaces. (https://www.gao.gov/products/gao-25-107549) | Sensinger, J. W., and Dosen, S. 2020. A Review of Sensory Feedback in Upper-Limb Prostheses From the Perspective of Human Motor Control. Frontiers in Neuroscience. (https://pmc.ncbi.nlm.nih.gov/articles/PMC7324654/) | Abd, M. A., et al. 2022. Multichannel haptic feedback unlocks prosthetic hand dexterity. Scientific Reports. (https://www.nature.com/articles/s41598-022-04953-1) | Thomas, D. 2023. The U.S. Biomanufacturing Economy: Value Added, Supply Chains, Cost, Sustainability, and Efficiency. NIST AMS 100-52. (https://www.nist.gov/publications/us-biomanufacturing-economy-value-added-supply-chains-cost-sustainability-and) | National Academies of Sciences, Engineering, and Medicine. 2023. Successes and Challenges in Biomanufacturing. (https://www.nationalacademies.org/units/DELS-BLS-23-06/publication/26846)",Tier 1 preferred; Tier 2 supplemental,Medium,"Sources support active research, demonstrations, or roadmaps; scale/cost/reliability are unresolved.","Frame as roadmap-stage or early-stage. Keep Cybernetic implants wording qualified around economics, timelines, and performance unless claim-level evidence is added."
Technology / simplified PFD,Cybernetic implants is represented with the simplified PFD sequence: Implant fabrication → Sterilization → Surgical integration → Signal/control loop → Monitoring.,process-flow assumption,Cybernetic implants,Copper; Cement/concrete chemistries; Conductive inks; Solvents; Biomass-derived feedstocks; Cementitious materials; Mineral aggregates; Conductive inks,Sterilization; Fermentation; Filtration,energy penalty; safety risk; regulatory barrier; reliability gap,Medical implants are real; elective enhancement faces technical and ethical barriers.,Process-route sources showing actual major unit operations or system blocks,Partially supported / roadmap-stage,"U.S. Food and Drug Administration. 2021. Implanted Brain-Computer Interface Devices for Patients with Paralysis or Amputation: Non-clinical Testing and Clinical Considerations. (https://www.fda.gov/media/120362/download) | U.S. Government Accountability Office. 2025. Science & Tech Spotlight: Brain-Computer Interfaces. (https://www.gao.gov/products/gao-25-107549) | Sensinger, J. W., and Dosen, S. 2020. A Review of Sensory Feedback in Upper-Limb Prostheses From the Perspective of Human Motor Control. Frontiers in Neuroscience. (https://pmc.ncbi.nlm.nih.gov/articles/PMC7324654/) | Abd, M. A., et al. 2022. Multichannel haptic feedback unlocks prosthetic hand dexterity. Scientific Reports. (https://www.nature.com/articles/s41598-022-04953-1) | Thomas, D. 2023. The U.S. Biomanufacturing Economy: Value Added, Supply Chains, Cost, Sustainability, and Efficiency. NIST AMS 100-52. (https://www.nist.gov/publications/us-biomanufacturing-economy-value-added-supply-chains-cost-sustainability-and) | National Academies of Sciences, Engineering, and Medicine. 2023. Successes and Challenges in Biomanufacturing. (https://www.nationalacademies.org/units/DELS-BLS-23-06/publication/26846)",Tier 1 preferred; Tier 2 supplemental,Medium,Mini-PFDs are simplified; exact process routes can vary by architecture/vendor/design.,Treat the mini-PFD as a teaching abstraction unless a source directly supports the sequence.
Technology / readiness gap,Cybernetic implants readiness gap: Medical implants are real; elective enhancement faces technical and ethical barriers.,readiness/economics claim,Cybernetic implants,Copper; Cement/concrete chemistries; Conductive inks; Solvents; Biomass-derived feedstocks; Cementitious materials; Mineral aggregates; Conductive inks,Sterilization; Fermentation; Filtration,energy penalty; safety risk; regulatory barrier; reliability gap,Medical implants are real; elective enhancement faces technical and ethical barriers.,TRL/MRL/IRL plus domain-specific demonstration/commercialization sources,Partially supported / roadmap-stage,"U.S. Food and Drug Administration. 2021. Implanted Brain-Computer Interface Devices for Patients with Paralysis or Amputation: Non-clinical Testing and Clinical Considerations. (https://www.fda.gov/media/120362/download) | U.S. Government Accountability Office. 2025. Science & Tech Spotlight: Brain-Computer Interfaces. (https://www.gao.gov/products/gao-25-107549) | Sensinger, J. W., and Dosen, S. 2020. A Review of Sensory Feedback in Upper-Limb Prostheses From the Perspective of Human Motor Control. Frontiers in Neuroscience. (https://pmc.ncbi.nlm.nih.gov/articles/PMC7324654/) | Abd, M. A., et al. 2022. Multichannel haptic feedback unlocks prosthetic hand dexterity. Scientific Reports. (https://www.nature.com/articles/s41598-022-04953-1) | Thomas, D. 2023. The U.S. Biomanufacturing Economy: Value Added, Supply Chains, Cost, Sustainability, and Efficiency. NIST AMS 100-52. (https://www.nist.gov/publications/us-biomanufacturing-economy-value-added-supply-chains-cost-sustainability-and) | National Academies of Sciences, Engineering, and Medicine. 2023. Successes and Challenges in Biomanufacturing. (https://www.nationalacademies.org/units/DELS-BLS-23-06/publication/26846)",Tier 1 preferred; Tier 2 supplemental,Medium,"Sources support active research, demonstrations, or roadmaps; scale/cost/reliability are unresolved.","Qualify readiness gaps with the specific maturity dimension: technical, manufacturing, integration, infrastructure, safety, or economics."
Technology / scale trigger,Cybernetic implants scale trigger: Long-term safety and consent frameworks must be stronger than novelty demand.,readiness/economics claim + engineering inference,Cybernetic implants,Copper; Cement/concrete chemistries; Conductive inks; Solvents; Biomass-derived feedstocks; Cementitious materials; Mineral aggregates; Conductive inks,Sterilization; Fermentation; Filtration,energy penalty; safety risk; regulatory barrier; reliability gap,Long-term safety and consent frameworks must be stronger than novelty demand.,"Techno-economic analysis, pilot data, manufacturing learning, reliability, regulatory/permitting evidence",Partially supported / roadmap-stage,"U.S. Food and Drug Administration. 2021. Implanted Brain-Computer Interface Devices for Patients with Paralysis or Amputation: Non-clinical Testing and Clinical Considerations. (https://www.fda.gov/media/120362/download) | U.S. Government Accountability Office. 2025. Science & Tech Spotlight: Brain-Computer Interfaces. (https://www.gao.gov/products/gao-25-107549) | Sensinger, J. W., and Dosen, S. 2020. A Review of Sensory Feedback in Upper-Limb Prostheses From the Perspective of Human Motor Control. Frontiers in Neuroscience. (https://pmc.ncbi.nlm.nih.gov/articles/PMC7324654/) | Abd, M. A., et al. 2022. Multichannel haptic feedback unlocks prosthetic hand dexterity. Scientific Reports. (https://www.nature.com/articles/s41598-022-04953-1) | Thomas, D. 2023. The U.S. Biomanufacturing Economy: Value Added, Supply Chains, Cost, Sustainability, and Efficiency. NIST AMS 100-52. (https://www.nist.gov/publications/us-biomanufacturing-economy-value-added-supply-chains-cost-sustainability-and) | National Academies of Sciences, Engineering, and Medicine. 2023. Successes and Challenges in Biomanufacturing. (https://www.nationalacademies.org/units/DELS-BLS-23-06/publication/26846)",Tier 1 preferred; Tier 2 supplemental,Medium,"Scale-trigger language is often inferential and should be verified with TEA, deployment data, or agency roadmap sources.",Phrase scale triggers as hypotheses unless a direct source supports the causal threshold.
Technology / realistic pathway,"Quantum computers: Stable qubits, error correction, cryogenics, control electronics, and scalable fabrication.",process-flow assumption + engineering inference,Quantum computers,Copper; Water; Catalysts; Catalysts,,low yield; manufacturing repeatability; safety risk; data/control problem,Noisy systems exist; fault-tolerant useful machines need many more reliable qubits.,"Direct sources for process route, materials, bottlenecks, readiness, economics, and safety/regulatory issues",Partially supported / roadmap-stage,"National Academies of Sciences, Engineering, and Medicine. 2019. Quantum Computing: Progress and Prospects. (https://www.nationalacademies.org/publications/25196) | National Institute of Standards and Technology. 2025. Quantum Computing Explained. (https://www.nist.gov/quantum-information-science/quantum-computing-explained) | National Institute of Standards and Technology. 2023. CHIPS Metrology Program. (https://www.nist.gov/chips/research-development-programs/metrology-program) | National Institute of Standards and Technology. 2023. Metrology Gaps in the Semiconductor Ecosystem. (https://www.nist.gov/system/files/documents/2023/06/05/CHIPS_Metrology-Gaps-in-the-Semi-Ecosystem_0.pdf) | International Energy Agency. 2023. Data Centres and Data Transmission Networks. (https://www.iea.org/energy-system/buildings/data-centres-and-data-transmission-networks) | International Energy Agency. 2025. Energy demand from AI. (https://www.iea.org/reports/energy-and-ai/energy-demand-from-ai)",Tier 1 preferred; Tier 2 supplemental,Medium,"Sources support active research, demonstrations, or roadmaps; scale/cost/reliability are unresolved.","Frame as roadmap-stage or early-stage. Keep Quantum computers wording qualified around economics, timelines, and performance unless claim-level evidence is added."
Technology / simplified PFD,Quantum computers is represented with the simplified PFD sequence: Qubit fabrication → Cryogenic operation → Gate control → Error correction → Computation output.,process-flow assumption,Quantum computers,Copper; Water; Catalysts; Catalysts,,low yield; manufacturing repeatability; safety risk; data/control problem,Noisy systems exist; fault-tolerant useful machines need many more reliable qubits.,Process-route sources showing actual major unit operations or system blocks,Partially supported / roadmap-stage,"National Academies of Sciences, Engineering, and Medicine. 2019. Quantum Computing: Progress and Prospects. (https://www.nationalacademies.org/publications/25196) | National Institute of Standards and Technology. 2025. Quantum Computing Explained. (https://www.nist.gov/quantum-information-science/quantum-computing-explained) | National Institute of Standards and Technology. 2023. CHIPS Metrology Program. (https://www.nist.gov/chips/research-development-programs/metrology-program) | National Institute of Standards and Technology. 2023. Metrology Gaps in the Semiconductor Ecosystem. (https://www.nist.gov/system/files/documents/2023/06/05/CHIPS_Metrology-Gaps-in-the-Semi-Ecosystem_0.pdf) | International Energy Agency. 2023. Data Centres and Data Transmission Networks. (https://www.iea.org/energy-system/buildings/data-centres-and-data-transmission-networks) | International Energy Agency. 2025. Energy demand from AI. (https://www.iea.org/reports/energy-and-ai/energy-demand-from-ai)",Tier 1 preferred; Tier 2 supplemental,Medium,Mini-PFDs are simplified; exact process routes can vary by architecture/vendor/design.,Treat the mini-PFD as a teaching abstraction unless a source directly supports the sequence.
Technology / readiness gap,Quantum computers readiness gap: Noisy systems exist; fault-tolerant useful machines need many more reliable qubits.,readiness/economics claim,Quantum computers,Copper; Water; Catalysts; Catalysts,,low yield; manufacturing repeatability; safety risk; data/control problem,Noisy systems exist; fault-tolerant useful machines need many more reliable qubits.,TRL/MRL/IRL plus domain-specific demonstration/commercialization sources,Partially supported / roadmap-stage,"National Academies of Sciences, Engineering, and Medicine. 2019. Quantum Computing: Progress and Prospects. (https://www.nationalacademies.org/publications/25196) | National Institute of Standards and Technology. 2025. Quantum Computing Explained. (https://www.nist.gov/quantum-information-science/quantum-computing-explained) | National Institute of Standards and Technology. 2023. CHIPS Metrology Program. (https://www.nist.gov/chips/research-development-programs/metrology-program) | National Institute of Standards and Technology. 2023. Metrology Gaps in the Semiconductor Ecosystem. (https://www.nist.gov/system/files/documents/2023/06/05/CHIPS_Metrology-Gaps-in-the-Semi-Ecosystem_0.pdf) | International Energy Agency. 2023. Data Centres and Data Transmission Networks. (https://www.iea.org/energy-system/buildings/data-centres-and-data-transmission-networks) | International Energy Agency. 2025. Energy demand from AI. (https://www.iea.org/reports/energy-and-ai/energy-demand-from-ai)",Tier 1 preferred; Tier 2 supplemental,Medium,"Sources support active research, demonstrations, or roadmaps; scale/cost/reliability are unresolved.","Qualify readiness gaps with the specific maturity dimension: technical, manufacturing, integration, infrastructure, safety, or economics."
Technology / scale trigger,Quantum computers scale trigger: Error correction overhead must become manufacturable and economical.,readiness/economics claim + engineering inference,Quantum computers,Copper; Water; Catalysts; Catalysts,,low yield; manufacturing repeatability; safety risk; data/control problem,Error correction overhead must become manufacturable and economical.,"Techno-economic analysis, pilot data, manufacturing learning, reliability, regulatory/permitting evidence",Partially supported / roadmap-stage,"National Academies of Sciences, Engineering, and Medicine. 2019. Quantum Computing: Progress and Prospects. (https://www.nationalacademies.org/publications/25196) | National Institute of Standards and Technology. 2025. Quantum Computing Explained. (https://www.nist.gov/quantum-information-science/quantum-computing-explained) | National Institute of Standards and Technology. 2023. CHIPS Metrology Program. (https://www.nist.gov/chips/research-development-programs/metrology-program) | National Institute of Standards and Technology. 2023. Metrology Gaps in the Semiconductor Ecosystem. (https://www.nist.gov/system/files/documents/2023/06/05/CHIPS_Metrology-Gaps-in-the-Semi-Ecosystem_0.pdf) | International Energy Agency. 2023. Data Centres and Data Transmission Networks. (https://www.iea.org/energy-system/buildings/data-centres-and-data-transmission-networks) | International Energy Agency. 2025. Energy demand from AI. (https://www.iea.org/reports/energy-and-ai/energy-demand-from-ai)",Tier 1 preferred; Tier 2 supplemental,Medium,"Scale-trigger language is often inferential and should be verified with TEA, deployment data, or agency roadmap sources.",Phrase scale triggers as hypotheses unless a direct source supports the causal threshold.
Technology / realistic pathway,"Neuromorphic computing: Memristors, analog circuits, spiking networks, semiconductor integration, and new software stacks.",process-flow assumption + engineering inference,Neuromorphic computing,Silicon; Photoresists; Lithium; Electrolytes; Graphite; Silicon wafers; Photoresists; Thin films; Electrolytes,,energy penalty; data/control problem; scale-up uncertainty,Research chips exist; software and foundry integration lag mainstream hardware.,"Direct sources for process route, materials, bottlenecks, readiness, economics, and safety/regulatory issues",Supported as starter-sourced framing,"National Institute of Standards and Technology. 2023. CHIPS Metrology Program. (https://www.nist.gov/chips/research-development-programs/metrology-program) | National Institute of Standards and Technology. 2023. Metrology Gaps in the Semiconductor Ecosystem. (https://www.nist.gov/system/files/documents/2023/06/05/CHIPS_Metrology-Gaps-in-the-Semi-Ecosystem_0.pdf) | National Academies of Sciences, Engineering, and Medicine. 2024. Options for a National Plan for Smart Manufacturing. (https://www.nationalacademies.org/publications/27260) | International Energy Agency. 2023. Data Centres and Data Transmission Networks. (https://www.iea.org/energy-system/buildings/data-centres-and-data-transmission-networks) | National Academies of Sciences, Engineering, and Medicine. 2019. Quantum Computing: Progress and Prospects. (https://www.nationalacademies.org/publications/25196) | International Energy Agency. 2025. Energy demand from AI. (https://www.iea.org/reports/energy-and-ai/energy-demand-from-ai)",Tier 1 preferred; Tier 2 supplemental,Medium,"Source set supports the process framing, but individual claims require direct verification.","Verify numbers, economics, timelines, and performance separately. Keep Neuromorphic computing wording qualified around economics, timelines, and performance unless claim-level evidence is added."
Technology / simplified PFD,Neuromorphic computing is represented with the simplified PFD sequence: Device fabrication → Synaptic array integration → Training/inference → Output → Model update.,process-flow assumption,Neuromorphic computing,Silicon; Photoresists; Lithium; Electrolytes; Graphite; Silicon wafers; Photoresists; Thin films; Electrolytes,,energy penalty; data/control problem; scale-up uncertainty,Research chips exist; software and foundry integration lag mainstream hardware.,Process-route sources showing actual major unit operations or system blocks,Supported as starter-sourced framing,"National Institute of Standards and Technology. 2023. CHIPS Metrology Program. (https://www.nist.gov/chips/research-development-programs/metrology-program) | National Institute of Standards and Technology. 2023. Metrology Gaps in the Semiconductor Ecosystem. (https://www.nist.gov/system/files/documents/2023/06/05/CHIPS_Metrology-Gaps-in-the-Semi-Ecosystem_0.pdf) | National Academies of Sciences, Engineering, and Medicine. 2024. Options for a National Plan for Smart Manufacturing. (https://www.nationalacademies.org/publications/27260) | International Energy Agency. 2023. Data Centres and Data Transmission Networks. (https://www.iea.org/energy-system/buildings/data-centres-and-data-transmission-networks) | National Academies of Sciences, Engineering, and Medicine. 2019. Quantum Computing: Progress and Prospects. (https://www.nationalacademies.org/publications/25196) | International Energy Agency. 2025. Energy demand from AI. (https://www.iea.org/reports/energy-and-ai/energy-demand-from-ai)",Tier 1 preferred; Tier 2 supplemental,Medium,Mini-PFDs are simplified; exact process routes can vary by architecture/vendor/design.,Treat the mini-PFD as a teaching abstraction unless a source directly supports the sequence.
Technology / readiness gap,Neuromorphic computing readiness gap: Research chips exist; software and foundry integration lag mainstream hardware.,readiness/economics claim,Neuromorphic computing,Silicon; Photoresists; Lithium; Electrolytes; Graphite; Silicon wafers; Photoresists; Thin films; Electrolytes,,energy penalty; data/control problem; scale-up uncertainty,Research chips exist; software and foundry integration lag mainstream hardware.,TRL/MRL/IRL plus domain-specific demonstration/commercialization sources,Supported as starter-sourced framing,"National Institute of Standards and Technology. 2023. CHIPS Metrology Program. (https://www.nist.gov/chips/research-development-programs/metrology-program) | National Institute of Standards and Technology. 2023. Metrology Gaps in the Semiconductor Ecosystem. (https://www.nist.gov/system/files/documents/2023/06/05/CHIPS_Metrology-Gaps-in-the-Semi-Ecosystem_0.pdf) | National Academies of Sciences, Engineering, and Medicine. 2024. Options for a National Plan for Smart Manufacturing. (https://www.nationalacademies.org/publications/27260) | International Energy Agency. 2023. Data Centres and Data Transmission Networks. (https://www.iea.org/energy-system/buildings/data-centres-and-data-transmission-networks) | National Academies of Sciences, Engineering, and Medicine. 2019. Quantum Computing: Progress and Prospects. (https://www.nationalacademies.org/publications/25196) | International Energy Agency. 2025. Energy demand from AI. (https://www.iea.org/reports/energy-and-ai/energy-demand-from-ai)",Tier 1 preferred; Tier 2 supplemental,Medium,"Source set supports the process framing, but individual claims require direct verification.","Qualify readiness gaps with the specific maturity dimension: technical, manufacturing, integration, infrastructure, safety, or economics."
Technology / scale trigger,Neuromorphic computing scale trigger: Devices must be reliable enough for standard chip manufacturing.,readiness/economics claim + engineering inference,Neuromorphic computing,Silicon; Photoresists; Lithium; Electrolytes; Graphite; Silicon wafers; Photoresists; Thin films; Electrolytes,,energy penalty; data/control problem; scale-up uncertainty,Devices must be reliable enough for standard chip manufacturing.,"Techno-economic analysis, pilot data, manufacturing learning, reliability, regulatory/permitting evidence",Needs claim-level verification,"National Institute of Standards and Technology. 2023. CHIPS Metrology Program. (https://www.nist.gov/chips/research-development-programs/metrology-program) | National Institute of Standards and Technology. 2023. Metrology Gaps in the Semiconductor Ecosystem. (https://www.nist.gov/system/files/documents/2023/06/05/CHIPS_Metrology-Gaps-in-the-Semi-Ecosystem_0.pdf) | National Academies of Sciences, Engineering, and Medicine. 2024. Options for a National Plan for Smart Manufacturing. (https://www.nationalacademies.org/publications/27260) | International Energy Agency. 2023. Data Centres and Data Transmission Networks. (https://www.iea.org/energy-system/buildings/data-centres-and-data-transmission-networks) | National Academies of Sciences, Engineering, and Medicine. 2019. Quantum Computing: Progress and Prospects. (https://www.nationalacademies.org/publications/25196) | International Energy Agency. 2025. Energy demand from AI. (https://www.iea.org/reports/energy-and-ai/energy-demand-from-ai)",Tier 1 preferred; Tier 2 supplemental,Low-Medium,"Scale-trigger language is often inferential and should be verified with TEA, deployment data, or agency roadmap sources.",Phrase scale triggers as hypotheses unless a direct source supports the causal threshold.
Technology / realistic pathway,"AI assistants embedded everywhere: Edge computing, sensors, privacy-preserving AI, energy-efficient chips, and interoperability.",process-flow assumption + engineering inference,AI assistants embedded everywhere,Lithium; Electrolytes; Graphite; Silicon wafers; Photoresists; Thin films; Electrolytes,,energy penalty; regulatory barrier; public acceptance; data/control problem,"Assistants are widespread, but safe ambient integration needs governance.","Direct sources for process route, materials, bottlenecks, readiness, economics, and safety/regulatory issues",Supported as starter-sourced framing,"International Energy Agency. 2025. Energy demand from AI. (https://www.iea.org/reports/energy-and-ai/energy-demand-from-ai) | International Energy Agency. 2023. Data Centres and Data Transmission Networks. (https://www.iea.org/energy-system/buildings/data-centres-and-data-transmission-networks) | National Institute of Standards and Technology. 2023. CHIPS Metrology Program. (https://www.nist.gov/chips/research-development-programs/metrology-program) | National Academies of Sciences, Engineering, and Medicine. 2024. Options for a National Plan for Smart Manufacturing. (https://www.nationalacademies.org/publications/27260) | National Institute of Standards and Technology. 2023. Metrology Gaps in the Semiconductor Ecosystem. (https://www.nist.gov/system/files/documents/2023/06/05/CHIPS_Metrology-Gaps-in-the-Semi-Ecosystem_0.pdf) | National Academies of Sciences, Engineering, and Medicine. 2019. Quantum Computing: Progress and Prospects. (https://www.nationalacademies.org/publications/25196)",Tier 1 preferred; Tier 2 supplemental,Medium,"Source set supports the process framing, but individual claims require direct verification.","Verify numbers, economics, timelines, and performance separately. Keep AI assistants embedded everywhere wording qualified around economics, timelines, and performance unless claim-level evidence is added."
Technology / simplified PFD,AI assistants embedded everywhere is represented with the simplified PFD sequence: Sensor data → Edge processing → AI model → Action/recommendation → Feedback.,process-flow assumption,AI assistants embedded everywhere,Lithium; Electrolytes; Graphite; Silicon wafers; Photoresists; Thin films; Electrolytes,,energy penalty; regulatory barrier; public acceptance; data/control problem,"Assistants are widespread, but safe ambient integration needs governance.",Process-route sources showing actual major unit operations or system blocks,Supported as starter-sourced framing,"International Energy Agency. 2025. Energy demand from AI. (https://www.iea.org/reports/energy-and-ai/energy-demand-from-ai) | International Energy Agency. 2023. Data Centres and Data Transmission Networks. (https://www.iea.org/energy-system/buildings/data-centres-and-data-transmission-networks) | National Institute of Standards and Technology. 2023. CHIPS Metrology Program. (https://www.nist.gov/chips/research-development-programs/metrology-program) | National Academies of Sciences, Engineering, and Medicine. 2024. Options for a National Plan for Smart Manufacturing. (https://www.nationalacademies.org/publications/27260) | National Institute of Standards and Technology. 2023. Metrology Gaps in the Semiconductor Ecosystem. (https://www.nist.gov/system/files/documents/2023/06/05/CHIPS_Metrology-Gaps-in-the-Semi-Ecosystem_0.pdf) | National Academies of Sciences, Engineering, and Medicine. 2019. Quantum Computing: Progress and Prospects. (https://www.nationalacademies.org/publications/25196)",Tier 1 preferred; Tier 2 supplemental,Medium,Mini-PFDs are simplified; exact process routes can vary by architecture/vendor/design.,Treat the mini-PFD as a teaching abstraction unless a source directly supports the sequence.
Technology / readiness gap,"AI assistants embedded everywhere readiness gap: Assistants are widespread, but safe ambient integration needs governance.",readiness/economics claim,AI assistants embedded everywhere,Lithium; Electrolytes; Graphite; Silicon wafers; Photoresists; Thin films; Electrolytes,,energy penalty; regulatory barrier; public acceptance; data/control problem,"Assistants are widespread, but safe ambient integration needs governance.",TRL/MRL/IRL plus domain-specific demonstration/commercialization sources,Supported as starter-sourced framing,"International Energy Agency. 2025. Energy demand from AI. (https://www.iea.org/reports/energy-and-ai/energy-demand-from-ai) | International Energy Agency. 2023. Data Centres and Data Transmission Networks. (https://www.iea.org/energy-system/buildings/data-centres-and-data-transmission-networks) | National Institute of Standards and Technology. 2023. CHIPS Metrology Program. (https://www.nist.gov/chips/research-development-programs/metrology-program) | National Academies of Sciences, Engineering, and Medicine. 2024. Options for a National Plan for Smart Manufacturing. (https://www.nationalacademies.org/publications/27260) | National Institute of Standards and Technology. 2023. Metrology Gaps in the Semiconductor Ecosystem. (https://www.nist.gov/system/files/documents/2023/06/05/CHIPS_Metrology-Gaps-in-the-Semi-Ecosystem_0.pdf) | National Academies of Sciences, Engineering, and Medicine. 2019. Quantum Computing: Progress and Prospects. (https://www.nationalacademies.org/publications/25196)",Tier 1 preferred; Tier 2 supplemental,Medium,"Source set supports the process framing, but individual claims require direct verification.","Qualify readiness gaps with the specific maturity dimension: technical, manufacturing, integration, infrastructure, safety, or economics."
Technology / scale trigger,AI assistants embedded everywhere scale trigger: Systems must be useful while minimizing surveillance and failure risk.,readiness/economics claim + engineering inference,AI assistants embedded everywhere,Lithium; Electrolytes; Graphite; Silicon wafers; Photoresists; Thin films; Electrolytes,,energy penalty; regulatory barrier; public acceptance; data/control problem,Systems must be useful while minimizing surveillance and failure risk.,"Techno-economic analysis, pilot data, manufacturing learning, reliability, regulatory/permitting evidence",Needs claim-level verification,"International Energy Agency. 2025. Energy demand from AI. (https://www.iea.org/reports/energy-and-ai/energy-demand-from-ai) | International Energy Agency. 2023. Data Centres and Data Transmission Networks. (https://www.iea.org/energy-system/buildings/data-centres-and-data-transmission-networks) | National Institute of Standards and Technology. 2023. CHIPS Metrology Program. (https://www.nist.gov/chips/research-development-programs/metrology-program) | National Academies of Sciences, Engineering, and Medicine. 2024. Options for a National Plan for Smart Manufacturing. (https://www.nationalacademies.org/publications/27260) | National Institute of Standards and Technology. 2023. Metrology Gaps in the Semiconductor Ecosystem. (https://www.nist.gov/system/files/documents/2023/06/05/CHIPS_Metrology-Gaps-in-the-Semi-Ecosystem_0.pdf) | National Academies of Sciences, Engineering, and Medicine. 2019. Quantum Computing: Progress and Prospects. (https://www.nationalacademies.org/publications/25196)",Tier 1 preferred; Tier 2 supplemental,Low-Medium,"Scale-trigger language is often inferential and should be verified with TEA, deployment data, or agency roadmap sources.",Phrase scale triggers as hypotheses unless a direct source supports the causal threshold.
Technology / realistic pathway,"Fully immersive VR worlds: Displays, optics, haptics, low-latency rendering, spatial audio, and motion tracking.",process-flow assumption + engineering inference,Fully immersive VR worlds,Lithium; Electrolytes; Graphite; Silicon wafers; Photoresists; Thin films; Electrolytes,,public acceptance; data/control problem; scale-up uncertainty,"VR is real, but full-body realism and long-duration comfort remain limited.","Direct sources for process route, materials, bottlenecks, readiness, economics, and safety/regulatory issues",Supported as starter-sourced framing,"Chang, C., et al. 2020. Toward the next-generation VR/AR optics: A review of holographic near-eye displays from a human-centric perspective. Optica. (https://pmc.ncbi.nlm.nih.gov/articles/PMC8208705/) | Park, J.-H. 2022. Holographic techniques for augmented reality and virtual reality near-eye displays. Light: Advanced Manufacturing. (https://www.light-am.com/en/article/doi/10.37188/lam.2022.009) | Shi, Y., et al. 2024. Haptic Sensing and Feedback Techniques toward Virtual Reality. Advanced Science / PMC. (https://pmc.ncbi.nlm.nih.gov/articles/PMC10964227/) | International Energy Agency. 2023. Data Centres and Data Transmission Networks. (https://www.iea.org/energy-system/buildings/data-centres-and-data-transmission-networks) | National Institute of Standards and Technology. 2023. CHIPS Metrology Program. (https://www.nist.gov/chips/research-development-programs/metrology-program) | National Institute of Standards and Technology. 2023. Metrology Gaps in the Semiconductor Ecosystem. (https://www.nist.gov/system/files/documents/2023/06/05/CHIPS_Metrology-Gaps-in-the-Semi-Ecosystem_0.pdf)",Tier 1 preferred; Tier 2 supplemental,Medium,"Source set supports the process framing, but individual claims require direct verification.","Verify numbers, economics, timelines, and performance separately. Keep Fully immersive VR worlds wording qualified around economics, timelines, and performance unless claim-level evidence is added."
Technology / simplified PFD,Fully immersive VR worlds is represented with the simplified PFD sequence: User tracking → Rendering engine → Display/haptics/audio → Sensory feedback → Session adaptation.,process-flow assumption,Fully immersive VR worlds,Lithium; Electrolytes; Graphite; Silicon wafers; Photoresists; Thin films; Electrolytes,,public acceptance; data/control problem; scale-up uncertainty,"VR is real, but full-body realism and long-duration comfort remain limited.",Process-route sources showing actual major unit operations or system blocks,Supported as starter-sourced framing,"Chang, C., et al. 2020. Toward the next-generation VR/AR optics: A review of holographic near-eye displays from a human-centric perspective. Optica. (https://pmc.ncbi.nlm.nih.gov/articles/PMC8208705/) | Park, J.-H. 2022. Holographic techniques for augmented reality and virtual reality near-eye displays. Light: Advanced Manufacturing. (https://www.light-am.com/en/article/doi/10.37188/lam.2022.009) | Shi, Y., et al. 2024. Haptic Sensing and Feedback Techniques toward Virtual Reality. Advanced Science / PMC. (https://pmc.ncbi.nlm.nih.gov/articles/PMC10964227/) | International Energy Agency. 2023. Data Centres and Data Transmission Networks. (https://www.iea.org/energy-system/buildings/data-centres-and-data-transmission-networks) | National Institute of Standards and Technology. 2023. CHIPS Metrology Program. (https://www.nist.gov/chips/research-development-programs/metrology-program) | National Institute of Standards and Technology. 2023. Metrology Gaps in the Semiconductor Ecosystem. (https://www.nist.gov/system/files/documents/2023/06/05/CHIPS_Metrology-Gaps-in-the-Semi-Ecosystem_0.pdf)",Tier 1 preferred; Tier 2 supplemental,Medium,Mini-PFDs are simplified; exact process routes can vary by architecture/vendor/design.,Treat the mini-PFD as a teaching abstraction unless a source directly supports the sequence.
Technology / readiness gap,"Fully immersive VR worlds readiness gap: VR is real, but full-body realism and long-duration comfort remain limited.",readiness/economics claim,Fully immersive VR worlds,Lithium; Electrolytes; Graphite; Silicon wafers; Photoresists; Thin films; Electrolytes,,public acceptance; data/control problem; scale-up uncertainty,"VR is real, but full-body realism and long-duration comfort remain limited.",TRL/MRL/IRL plus domain-specific demonstration/commercialization sources,Supported as starter-sourced framing,"Chang, C., et al. 2020. Toward the next-generation VR/AR optics: A review of holographic near-eye displays from a human-centric perspective. Optica. (https://pmc.ncbi.nlm.nih.gov/articles/PMC8208705/) | Park, J.-H. 2022. Holographic techniques for augmented reality and virtual reality near-eye displays. Light: Advanced Manufacturing. (https://www.light-am.com/en/article/doi/10.37188/lam.2022.009) | Shi, Y., et al. 2024. Haptic Sensing and Feedback Techniques toward Virtual Reality. Advanced Science / PMC. (https://pmc.ncbi.nlm.nih.gov/articles/PMC10964227/) | International Energy Agency. 2023. Data Centres and Data Transmission Networks. (https://www.iea.org/energy-system/buildings/data-centres-and-data-transmission-networks) | National Institute of Standards and Technology. 2023. CHIPS Metrology Program. (https://www.nist.gov/chips/research-development-programs/metrology-program) | National Institute of Standards and Technology. 2023. Metrology Gaps in the Semiconductor Ecosystem. (https://www.nist.gov/system/files/documents/2023/06/05/CHIPS_Metrology-Gaps-in-the-Semi-Ecosystem_0.pdf)",Tier 1 preferred; Tier 2 supplemental,Medium,"Source set supports the process framing, but individual claims require direct verification.","Qualify readiness gaps with the specific maturity dimension: technical, manufacturing, integration, infrastructure, safety, or economics."
Technology / scale trigger,"Fully immersive VR worlds scale trigger: Hardware must become lighter, lower-latency, and socially acceptable.",readiness/economics claim + engineering inference,Fully immersive VR worlds,Lithium; Electrolytes; Graphite; Silicon wafers; Photoresists; Thin films; Electrolytes,,public acceptance; data/control problem; scale-up uncertainty,"Hardware must become lighter, lower-latency, and socially acceptable.","Techno-economic analysis, pilot data, manufacturing learning, reliability, regulatory/permitting evidence",Needs claim-level verification,"Chang, C., et al. 2020. Toward the next-generation VR/AR optics: A review of holographic near-eye displays from a human-centric perspective. Optica. (https://pmc.ncbi.nlm.nih.gov/articles/PMC8208705/) | Park, J.-H. 2022. Holographic techniques for augmented reality and virtual reality near-eye displays. Light: Advanced Manufacturing. (https://www.light-am.com/en/article/doi/10.37188/lam.2022.009) | Shi, Y., et al. 2024. Haptic Sensing and Feedback Techniques toward Virtual Reality. Advanced Science / PMC. (https://pmc.ncbi.nlm.nih.gov/articles/PMC10964227/) | International Energy Agency. 2023. Data Centres and Data Transmission Networks. (https://www.iea.org/energy-system/buildings/data-centres-and-data-transmission-networks) | National Institute of Standards and Technology. 2023. CHIPS Metrology Program. (https://www.nist.gov/chips/research-development-programs/metrology-program) | National Institute of Standards and Technology. 2023. Metrology Gaps in the Semiconductor Ecosystem. (https://www.nist.gov/system/files/documents/2023/06/05/CHIPS_Metrology-Gaps-in-the-Semi-Ecosystem_0.pdf)",Tier 1 preferred; Tier 2 supplemental,Low-Medium,"Scale-trigger language is often inferential and should be verified with TEA, deployment data, or agency roadmap sources.",Phrase scale triggers as hypotheses unless a direct source supports the causal threshold.
Technology / realistic pathway,"Augmented reality cities: AR glasses, mapping, localization, edge computing, visual interfaces, and safety standards.",process-flow assumption + engineering inference,Augmented reality cities,Lithium; Electrolytes; Graphite; Glass; Transparent conductors; Silicon wafers; Photoresists; Thin films,,infrastructure gap; safety risk; regulatory barrier; public acceptance,AR works on phones and some headsets; everyday city use needs better hardware.,"Direct sources for process route, materials, bottlenecks, readiness, economics, and safety/regulatory issues",Supported as starter-sourced framing,"Ding, Y., et al. 2023. Waveguide-based augmented reality displays. Light: Science & Applications. (https://link.springer.com/article/10.1186/s43593-023-00057-z) | Cheng, D., et al. 2021. Design and manufacture of AR head-mounted displays: A review. Light: Advanced Manufacturing. (https://www.light-am.com/fileGXJZZ/journal/article/xjzz/2021/3/PDF/LAM2020120035.pdf) | Park, J.-H. 2022. Holographic techniques for augmented reality and virtual reality near-eye displays. Light: Advanced Manufacturing. (https://www.light-am.com/en/article/doi/10.37188/lam.2022.009) | Trubia, S., et al. 2020. Smart Roads: An Overview of What Future Mobility Will Look Like. Infrastructures. (https://www.iris.unict.it/retrieve/dfe4d22e-2622-bb0a-e053-d805fe0a78d9/infrastructures-smart%20roads05-00107.pdf) | National Institute of Standards and Technology. 2023. CHIPS Metrology Program. (https://www.nist.gov/chips/research-development-programs/metrology-program) | National Institute of Standards and Technology. 2023. Metrology Gaps in the Semiconductor Ecosystem. (https://www.nist.gov/system/files/documents/2023/06/05/CHIPS_Metrology-Gaps-in-the-Semi-Ecosystem_0.pdf)",Tier 1 preferred; Tier 2 supplemental,Medium,"Source set supports the process framing, but individual claims require direct verification.","Verify numbers, economics, timelines, and performance separately. Keep Augmented reality cities wording qualified around economics, timelines, and performance unless claim-level evidence is added."
Technology / simplified PFD,Augmented reality cities is represented with the simplified PFD sequence: Spatial map → User localization → Content rendering → Display overlay → Interaction.,process-flow assumption,Augmented reality cities,Lithium; Electrolytes; Graphite; Glass; Transparent conductors; Silicon wafers; Photoresists; Thin films,,infrastructure gap; safety risk; regulatory barrier; public acceptance,AR works on phones and some headsets; everyday city use needs better hardware.,Process-route sources showing actual major unit operations or system blocks,Supported as starter-sourced framing,"Ding, Y., et al. 2023. Waveguide-based augmented reality displays. Light: Science & Applications. (https://link.springer.com/article/10.1186/s43593-023-00057-z) | Cheng, D., et al. 2021. Design and manufacture of AR head-mounted displays: A review. Light: Advanced Manufacturing. (https://www.light-am.com/fileGXJZZ/journal/article/xjzz/2021/3/PDF/LAM2020120035.pdf) | Park, J.-H. 2022. Holographic techniques for augmented reality and virtual reality near-eye displays. Light: Advanced Manufacturing. (https://www.light-am.com/en/article/doi/10.37188/lam.2022.009) | Trubia, S., et al. 2020. Smart Roads: An Overview of What Future Mobility Will Look Like. Infrastructures. (https://www.iris.unict.it/retrieve/dfe4d22e-2622-bb0a-e053-d805fe0a78d9/infrastructures-smart%20roads05-00107.pdf) | National Institute of Standards and Technology. 2023. CHIPS Metrology Program. (https://www.nist.gov/chips/research-development-programs/metrology-program) | National Institute of Standards and Technology. 2023. Metrology Gaps in the Semiconductor Ecosystem. (https://www.nist.gov/system/files/documents/2023/06/05/CHIPS_Metrology-Gaps-in-the-Semi-Ecosystem_0.pdf)",Tier 1 preferred; Tier 2 supplemental,Medium,Mini-PFDs are simplified; exact process routes can vary by architecture/vendor/design.,Treat the mini-PFD as a teaching abstraction unless a source directly supports the sequence.
Technology / readiness gap,Augmented reality cities readiness gap: AR works on phones and some headsets; everyday city use needs better hardware.,readiness/economics claim,Augmented reality cities,Lithium; Electrolytes; Graphite; Glass; Transparent conductors; Silicon wafers; Photoresists; Thin films,,infrastructure gap; safety risk; regulatory barrier; public acceptance,AR works on phones and some headsets; everyday city use needs better hardware.,TRL/MRL/IRL plus domain-specific demonstration/commercialization sources,Supported as starter-sourced framing,"Ding, Y., et al. 2023. Waveguide-based augmented reality displays. Light: Science & Applications. (https://link.springer.com/article/10.1186/s43593-023-00057-z) | Cheng, D., et al. 2021. Design and manufacture of AR head-mounted displays: A review. Light: Advanced Manufacturing. (https://www.light-am.com/fileGXJZZ/journal/article/xjzz/2021/3/PDF/LAM2020120035.pdf) | Park, J.-H. 2022. Holographic techniques for augmented reality and virtual reality near-eye displays. Light: Advanced Manufacturing. (https://www.light-am.com/en/article/doi/10.37188/lam.2022.009) | Trubia, S., et al. 2020. Smart Roads: An Overview of What Future Mobility Will Look Like. Infrastructures. (https://www.iris.unict.it/retrieve/dfe4d22e-2622-bb0a-e053-d805fe0a78d9/infrastructures-smart%20roads05-00107.pdf) | National Institute of Standards and Technology. 2023. CHIPS Metrology Program. (https://www.nist.gov/chips/research-development-programs/metrology-program) | National Institute of Standards and Technology. 2023. Metrology Gaps in the Semiconductor Ecosystem. (https://www.nist.gov/system/files/documents/2023/06/05/CHIPS_Metrology-Gaps-in-the-Semi-Ecosystem_0.pdf)",Tier 1 preferred; Tier 2 supplemental,Medium,"Source set supports the process framing, but individual claims require direct verification.","Qualify readiness gaps with the specific maturity dimension: technical, manufacturing, integration, infrastructure, safety, or economics."
Technology / scale trigger,"Augmented reality cities scale trigger: Glasses must be useful, comfortable, private, and safe in public.",readiness/economics claim + engineering inference,Augmented reality cities,Lithium; Electrolytes; Graphite; Glass; Transparent conductors; Silicon wafers; Photoresists; Thin films,,infrastructure gap; safety risk; regulatory barrier; public acceptance,"Glasses must be useful, comfortable, private, and safe in public.","Techno-economic analysis, pilot data, manufacturing learning, reliability, regulatory/permitting evidence",Needs claim-level verification,"Ding, Y., et al. 2023. Waveguide-based augmented reality displays. Light: Science & Applications. (https://link.springer.com/article/10.1186/s43593-023-00057-z) | Cheng, D., et al. 2021. Design and manufacture of AR head-mounted displays: A review. Light: Advanced Manufacturing. (https://www.light-am.com/fileGXJZZ/journal/article/xjzz/2021/3/PDF/LAM2020120035.pdf) | Park, J.-H. 2022. Holographic techniques for augmented reality and virtual reality near-eye displays. Light: Advanced Manufacturing. (https://www.light-am.com/en/article/doi/10.37188/lam.2022.009) | Trubia, S., et al. 2020. Smart Roads: An Overview of What Future Mobility Will Look Like. Infrastructures. (https://www.iris.unict.it/retrieve/dfe4d22e-2622-bb0a-e053-d805fe0a78d9/infrastructures-smart%20roads05-00107.pdf) | National Institute of Standards and Technology. 2023. CHIPS Metrology Program. (https://www.nist.gov/chips/research-development-programs/metrology-program) | National Institute of Standards and Technology. 2023. Metrology Gaps in the Semiconductor Ecosystem. (https://www.nist.gov/system/files/documents/2023/06/05/CHIPS_Metrology-Gaps-in-the-Semi-Ecosystem_0.pdf)",Tier 1 preferred; Tier 2 supplemental,Low-Medium,"Scale-trigger language is often inferential and should be verified with TEA, deployment data, or agency roadmap sources.",Phrase scale triggers as hypotheses unless a direct source supports the causal threshold.
Technology / realistic pathway,"Universal real-time translation: Speech recognition, neural translation, low-latency inference, context modeling, and wearable devices.",process-flow assumption + engineering inference,Universal real-time translation,Lithium; Electrolytes; Graphite; Smart textiles; Flexible electronics; Electrolytes,,energy penalty; data/control problem; scale-up uncertainty,"Translation is powerful but still fails in culture, domain, and noisy context.","Direct sources for process route, materials, bottlenecks, readiness, economics, and safety/regulatory issues",Supported as starter-sourced framing,"Papi, S., et al. 2025. How “Real” is Your Real-Time Simultaneous Speech-to-Text Translation? Transactions of the Association for Computational Linguistics. (https://aclanthology.org/2025.tacl-1.14.pdf) | Liu, X., et al. 2024. Recent Advances in End-to-End Simultaneous Speech Translation. IJCAI. (https://www.ijcai.org/proceedings/2024/0900.pdf) | Google Research. 2025. Real-time speech-to-speech translation. (https://research.google/blog/real-time-speech-to-speech-translation/) | International Energy Agency. 2025. Energy demand from AI. (https://www.iea.org/reports/energy-and-ai/energy-demand-from-ai) | National Institute of Standards and Technology. 2023. CHIPS Metrology Program. (https://www.nist.gov/chips/research-development-programs/metrology-program) | National Institute of Standards and Technology. 2023. Metrology Gaps in the Semiconductor Ecosystem. (https://www.nist.gov/system/files/documents/2023/06/05/CHIPS_Metrology-Gaps-in-the-Semi-Ecosystem_0.pdf)",Tier 1 preferred; Tier 2 supplemental,Medium,"Source set supports the process framing, but individual claims require direct verification.","Verify numbers, economics, timelines, and performance separately. Keep Universal real-time translation wording qualified around economics, timelines, and performance unless claim-level evidence is added."
Technology / simplified PFD,Universal real-time translation is represented with the simplified PFD sequence: Speech input → Recognition → Translation model → Speech synthesis → User output.,process-flow assumption,Universal real-time translation,Lithium; Electrolytes; Graphite; Smart textiles; Flexible electronics; Electrolytes,,energy penalty; data/control problem; scale-up uncertainty,"Translation is powerful but still fails in culture, domain, and noisy context.",Process-route sources showing actual major unit operations or system blocks,Supported as starter-sourced framing,"Papi, S., et al. 2025. How “Real” is Your Real-Time Simultaneous Speech-to-Text Translation? Transactions of the Association for Computational Linguistics. (https://aclanthology.org/2025.tacl-1.14.pdf) | Liu, X., et al. 2024. Recent Advances in End-to-End Simultaneous Speech Translation. IJCAI. (https://www.ijcai.org/proceedings/2024/0900.pdf) | Google Research. 2025. Real-time speech-to-speech translation. (https://research.google/blog/real-time-speech-to-speech-translation/) | International Energy Agency. 2025. Energy demand from AI. (https://www.iea.org/reports/energy-and-ai/energy-demand-from-ai) | National Institute of Standards and Technology. 2023. CHIPS Metrology Program. (https://www.nist.gov/chips/research-development-programs/metrology-program) | National Institute of Standards and Technology. 2023. Metrology Gaps in the Semiconductor Ecosystem. (https://www.nist.gov/system/files/documents/2023/06/05/CHIPS_Metrology-Gaps-in-the-Semi-Ecosystem_0.pdf)",Tier 1 preferred; Tier 2 supplemental,Medium,Mini-PFDs are simplified; exact process routes can vary by architecture/vendor/design.,Treat the mini-PFD as a teaching abstraction unless a source directly supports the sequence.
Technology / readiness gap,"Universal real-time translation readiness gap: Translation is powerful but still fails in culture, domain, and noisy context.",readiness/economics claim,Universal real-time translation,Lithium; Electrolytes; Graphite; Smart textiles; Flexible electronics; Electrolytes,,energy penalty; data/control problem; scale-up uncertainty,"Translation is powerful but still fails in culture, domain, and noisy context.",TRL/MRL/IRL plus domain-specific demonstration/commercialization sources,Supported as starter-sourced framing,"Papi, S., et al. 2025. How “Real” is Your Real-Time Simultaneous Speech-to-Text Translation? Transactions of the Association for Computational Linguistics. (https://aclanthology.org/2025.tacl-1.14.pdf) | Liu, X., et al. 2024. Recent Advances in End-to-End Simultaneous Speech Translation. IJCAI. (https://www.ijcai.org/proceedings/2024/0900.pdf) | Google Research. 2025. Real-time speech-to-speech translation. (https://research.google/blog/real-time-speech-to-speech-translation/) | International Energy Agency. 2025. Energy demand from AI. (https://www.iea.org/reports/energy-and-ai/energy-demand-from-ai) | National Institute of Standards and Technology. 2023. CHIPS Metrology Program. (https://www.nist.gov/chips/research-development-programs/metrology-program) | National Institute of Standards and Technology. 2023. Metrology Gaps in the Semiconductor Ecosystem. (https://www.nist.gov/system/files/documents/2023/06/05/CHIPS_Metrology-Gaps-in-the-Semi-Ecosystem_0.pdf)",Tier 1 preferred; Tier 2 supplemental,Medium,"Source set supports the process framing, but individual claims require direct verification.","Qualify readiness gaps with the specific maturity dimension: technical, manufacturing, integration, infrastructure, safety, or economics."
Technology / scale trigger,"Universal real-time translation scale trigger: Systems must preserve meaning, privacy, and timing in real conversations.",readiness/economics claim + engineering inference,Universal real-time translation,Lithium; Electrolytes; Graphite; Smart textiles; Flexible electronics; Electrolytes,,energy penalty; data/control problem; scale-up uncertainty,"Systems must preserve meaning, privacy, and timing in real conversations.","Techno-economic analysis, pilot data, manufacturing learning, reliability, regulatory/permitting evidence",Needs claim-level verification,"Papi, S., et al. 2025. How “Real” is Your Real-Time Simultaneous Speech-to-Text Translation? Transactions of the Association for Computational Linguistics. (https://aclanthology.org/2025.tacl-1.14.pdf) | Liu, X., et al. 2024. Recent Advances in End-to-End Simultaneous Speech Translation. IJCAI. (https://www.ijcai.org/proceedings/2024/0900.pdf) | Google Research. 2025. Real-time speech-to-speech translation. (https://research.google/blog/real-time-speech-to-speech-translation/) | International Energy Agency. 2025. Energy demand from AI. (https://www.iea.org/reports/energy-and-ai/energy-demand-from-ai) | National Institute of Standards and Technology. 2023. CHIPS Metrology Program. (https://www.nist.gov/chips/research-development-programs/metrology-program) | National Institute of Standards and Technology. 2023. Metrology Gaps in the Semiconductor Ecosystem. (https://www.nist.gov/system/files/documents/2023/06/05/CHIPS_Metrology-Gaps-in-the-Semi-Ecosystem_0.pdf)",Tier 1 preferred; Tier 2 supplemental,Low-Medium,"Scale-trigger language is often inferential and should be verified with TEA, deployment data, or agency roadmap sources.",Phrase scale triggers as hypotheses unless a direct source supports the causal threshold.
Technology / realistic pathway,"Autonomous scientific discovery: Robotic labs, high-throughput experiments, active learning, simulation, and automated characterization.",process-flow assumption + engineering inference,Autonomous scientific discovery,Water; Catalysts; Catalysts,,public acceptance; data/control problem; quality-control challenge; scale-up uncertainty,Closed-loop labs work in focused domains; general discovery remains human-guided.,"Direct sources for process route, materials, bottlenecks, readiness, economics, and safety/regulatory issues",Partially supported / roadmap-stage,"National Academies of Sciences, Engineering, and Medicine. 2023. Foundational Research Gaps and Future Directions for Digital Twins. (https://www.nationalacademies.org/projects/DEPS-BMSA-21-03/publication/26894) | National Institute of Standards and Technology. 2024. Digital Twins for Advanced Manufacturing. (https://www.nist.gov/programs-projects/digital-twins-advanced-manufacturing) | National Academies of Sciences, Engineering, and Medicine. 2024. Options for a National Plan for Smart Manufacturing. (https://www.nationalacademies.org/publications/27260) | Machín, A., et al. 2023. Artificial Photosynthesis: Current Advancements and Future Prospects. Catalysts / PMC. (https://pmc.ncbi.nlm.nih.gov/articles/PMC10807655/) | National Institute of Standards and Technology. 2023. CHIPS Metrology Program. (https://www.nist.gov/chips/research-development-programs/metrology-program) | National Institute of Standards and Technology. 2023. Metrology Gaps in the Semiconductor Ecosystem. (https://www.nist.gov/system/files/documents/2023/06/05/CHIPS_Metrology-Gaps-in-the-Semi-Ecosystem_0.pdf)",Tier 1 preferred; Tier 2 supplemental,Medium,"Sources support active research, demonstrations, or roadmaps; scale/cost/reliability are unresolved.","Frame as roadmap-stage or early-stage. Keep Autonomous scientific discovery wording qualified around economics, timelines, and performance unless claim-level evidence is added."
Technology / simplified PFD,Autonomous scientific discovery is represented with the simplified PFD sequence: Hypothesis generation → Robotic experiment → Characterization → Model update → Next experiment.,process-flow assumption,Autonomous scientific discovery,Water; Catalysts; Catalysts,,public acceptance; data/control problem; quality-control challenge; scale-up uncertainty,Closed-loop labs work in focused domains; general discovery remains human-guided.,Process-route sources showing actual major unit operations or system blocks,Partially supported / roadmap-stage,"National Academies of Sciences, Engineering, and Medicine. 2023. Foundational Research Gaps and Future Directions for Digital Twins. (https://www.nationalacademies.org/projects/DEPS-BMSA-21-03/publication/26894) | National Institute of Standards and Technology. 2024. Digital Twins for Advanced Manufacturing. (https://www.nist.gov/programs-projects/digital-twins-advanced-manufacturing) | National Academies of Sciences, Engineering, and Medicine. 2024. Options for a National Plan for Smart Manufacturing. (https://www.nationalacademies.org/publications/27260) | Machín, A., et al. 2023. Artificial Photosynthesis: Current Advancements and Future Prospects. Catalysts / PMC. (https://pmc.ncbi.nlm.nih.gov/articles/PMC10807655/) | National Institute of Standards and Technology. 2023. CHIPS Metrology Program. (https://www.nist.gov/chips/research-development-programs/metrology-program) | National Institute of Standards and Technology. 2023. Metrology Gaps in the Semiconductor Ecosystem. (https://www.nist.gov/system/files/documents/2023/06/05/CHIPS_Metrology-Gaps-in-the-Semi-Ecosystem_0.pdf)",Tier 1 preferred; Tier 2 supplemental,Medium,Mini-PFDs are simplified; exact process routes can vary by architecture/vendor/design.,Treat the mini-PFD as a teaching abstraction unless a source directly supports the sequence.
Technology / readiness gap,Autonomous scientific discovery readiness gap: Closed-loop labs work in focused domains; general discovery remains human-guided.,readiness/economics claim,Autonomous scientific discovery,Water; Catalysts; Catalysts,,public acceptance; data/control problem; quality-control challenge; scale-up uncertainty,Closed-loop labs work in focused domains; general discovery remains human-guided.,TRL/MRL/IRL plus domain-specific demonstration/commercialization sources,Partially supported / roadmap-stage,"National Academies of Sciences, Engineering, and Medicine. 2023. Foundational Research Gaps and Future Directions for Digital Twins. (https://www.nationalacademies.org/projects/DEPS-BMSA-21-03/publication/26894) | National Institute of Standards and Technology. 2024. Digital Twins for Advanced Manufacturing. (https://www.nist.gov/programs-projects/digital-twins-advanced-manufacturing) | National Academies of Sciences, Engineering, and Medicine. 2024. Options for a National Plan for Smart Manufacturing. (https://www.nationalacademies.org/publications/27260) | Machín, A., et al. 2023. Artificial Photosynthesis: Current Advancements and Future Prospects. Catalysts / PMC. (https://pmc.ncbi.nlm.nih.gov/articles/PMC10807655/) | National Institute of Standards and Technology. 2023. CHIPS Metrology Program. (https://www.nist.gov/chips/research-development-programs/metrology-program) | National Institute of Standards and Technology. 2023. Metrology Gaps in the Semiconductor Ecosystem. (https://www.nist.gov/system/files/documents/2023/06/05/CHIPS_Metrology-Gaps-in-the-Semi-Ecosystem_0.pdf)",Tier 1 preferred; Tier 2 supplemental,Medium,"Sources support active research, demonstrations, or roadmaps; scale/cost/reliability are unresolved.","Qualify readiness gaps with the specific maturity dimension: technical, manufacturing, integration, infrastructure, safety, or economics."
Technology / scale trigger,Autonomous scientific discovery scale trigger: Automation must produce trustworthy data faster than human-led iteration.,readiness/economics claim + engineering inference,Autonomous scientific discovery,Water; Catalysts; Catalysts,,public acceptance; data/control problem; quality-control challenge; scale-up uncertainty,Automation must produce trustworthy data faster than human-led iteration.,"Techno-economic analysis, pilot data, manufacturing learning, reliability, regulatory/permitting evidence",Partially supported / roadmap-stage,"National Academies of Sciences, Engineering, and Medicine. 2023. Foundational Research Gaps and Future Directions for Digital Twins. (https://www.nationalacademies.org/projects/DEPS-BMSA-21-03/publication/26894) | National Institute of Standards and Technology. 2024. Digital Twins for Advanced Manufacturing. (https://www.nist.gov/programs-projects/digital-twins-advanced-manufacturing) | National Academies of Sciences, Engineering, and Medicine. 2024. Options for a National Plan for Smart Manufacturing. (https://www.nationalacademies.org/publications/27260) | Machín, A., et al. 2023. Artificial Photosynthesis: Current Advancements and Future Prospects. Catalysts / PMC. (https://pmc.ncbi.nlm.nih.gov/articles/PMC10807655/) | National Institute of Standards and Technology. 2023. CHIPS Metrology Program. (https://www.nist.gov/chips/research-development-programs/metrology-program) | National Institute of Standards and Technology. 2023. Metrology Gaps in the Semiconductor Ecosystem. (https://www.nist.gov/system/files/documents/2023/06/05/CHIPS_Metrology-Gaps-in-the-Semi-Ecosystem_0.pdf)",Tier 1 preferred; Tier 2 supplemental,Medium,"Scale-trigger language is often inferential and should be verified with TEA, deployment data, or agency roadmap sources.",Phrase scale triggers as hypotheses unless a direct source supports the causal threshold.
Technology / realistic pathway,"Digital immortality / mind archives: Data capture, personal AI models, memory archives, behavior modeling, and ethical boundaries.",process-flow assumption + engineering inference,Digital immortality / mind archives,Sorbents; Water; Catalysts; Sorbents; Catalysts,,public acceptance; data/control problem; scale-up uncertainty,AI likenesses are possible; personhood and continuity are not engineering claims.,"Direct sources for process route, materials, bottlenecks, readiness, economics, and safety/regulatory issues",Partially supported / needs cautious wording,"Sandberg, A., and Bostrom, N. 2008. Whole Brain Emulation: A Roadmap. Future of Humanity Institute, University of Oxford. (https://ora.ox.ac.uk/objects/uuid:a6880196-34c7-47a0-80f1-74d32ab98788) | Mandelbaum, E. 2022. The Prospects of Whole Brain Emulation within the Next Half-Century. PhilArchive copy. (https://philarchive.org/archive/MANEAM-4) | U.S. Government Accountability Office. 2025. Science & Tech Spotlight: Brain-Computer Interfaces. (https://www.gao.gov/products/gao-25-107549) | International Energy Agency. 2023. Data Centres and Data Transmission Networks. (https://www.iea.org/energy-system/buildings/data-centres-and-data-transmission-networks) | National Institute of Standards and Technology. 2023. CHIPS Metrology Program. (https://www.nist.gov/chips/research-development-programs/metrology-program) | National Institute of Standards and Technology. 2023. Metrology Gaps in the Semiconductor Ecosystem. (https://www.nist.gov/system/files/documents/2023/06/05/CHIPS_Metrology-Gaps-in-the-Semi-Ecosystem_0.pdf)",Tier 1 preferred; Tier 2 supplemental,Low-Medium,"Sources support adjacent mechanisms, components, or analogues, not the full system.","Frame as speculative analogue evidence. Keep Digital immortality / mind archives wording qualified around economics, timelines, and performance unless claim-level evidence is added."
Technology / simplified PFD,Digital immortality / mind archives is represented with the simplified PFD sequence: Personal data → Model training → Behavior simulation → Interaction engine → Archive interface.,process-flow assumption,Digital immortality / mind archives,Sorbents; Water; Catalysts; Sorbents; Catalysts,,public acceptance; data/control problem; scale-up uncertainty,AI likenesses are possible; personhood and continuity are not engineering claims.,Process-route sources showing actual major unit operations or system blocks,Partially supported / needs cautious wording,"Sandberg, A., and Bostrom, N. 2008. Whole Brain Emulation: A Roadmap. Future of Humanity Institute, University of Oxford. (https://ora.ox.ac.uk/objects/uuid:a6880196-34c7-47a0-80f1-74d32ab98788) | Mandelbaum, E. 2022. The Prospects of Whole Brain Emulation within the Next Half-Century. PhilArchive copy. (https://philarchive.org/archive/MANEAM-4) | U.S. Government Accountability Office. 2025. Science & Tech Spotlight: Brain-Computer Interfaces. (https://www.gao.gov/products/gao-25-107549) | International Energy Agency. 2023. Data Centres and Data Transmission Networks. (https://www.iea.org/energy-system/buildings/data-centres-and-data-transmission-networks) | National Institute of Standards and Technology. 2023. CHIPS Metrology Program. (https://www.nist.gov/chips/research-development-programs/metrology-program) | National Institute of Standards and Technology. 2023. Metrology Gaps in the Semiconductor Ecosystem. (https://www.nist.gov/system/files/documents/2023/06/05/CHIPS_Metrology-Gaps-in-the-Semi-Ecosystem_0.pdf)",Tier 1 preferred; Tier 2 supplemental,Low-Medium,Mini-PFDs are simplified; exact process routes can vary by architecture/vendor/design.,Treat the mini-PFD as a teaching abstraction unless a source directly supports the sequence.
Technology / readiness gap,Digital immortality / mind archives readiness gap: AI likenesses are possible; personhood and continuity are not engineering claims.,readiness/economics claim,Digital immortality / mind archives,Sorbents; Water; Catalysts; Sorbents; Catalysts,,public acceptance; data/control problem; scale-up uncertainty,AI likenesses are possible; personhood and continuity are not engineering claims.,TRL/MRL/IRL plus domain-specific demonstration/commercialization sources,Partially supported / needs cautious wording,"Sandberg, A., and Bostrom, N. 2008. Whole Brain Emulation: A Roadmap. Future of Humanity Institute, University of Oxford. (https://ora.ox.ac.uk/objects/uuid:a6880196-34c7-47a0-80f1-74d32ab98788) | Mandelbaum, E. 2022. The Prospects of Whole Brain Emulation within the Next Half-Century. PhilArchive copy. (https://philarchive.org/archive/MANEAM-4) | U.S. Government Accountability Office. 2025. Science & Tech Spotlight: Brain-Computer Interfaces. (https://www.gao.gov/products/gao-25-107549) | International Energy Agency. 2023. Data Centres and Data Transmission Networks. (https://www.iea.org/energy-system/buildings/data-centres-and-data-transmission-networks) | National Institute of Standards and Technology. 2023. CHIPS Metrology Program. (https://www.nist.gov/chips/research-development-programs/metrology-program) | National Institute of Standards and Technology. 2023. Metrology Gaps in the Semiconductor Ecosystem. (https://www.nist.gov/system/files/documents/2023/06/05/CHIPS_Metrology-Gaps-in-the-Semi-Ecosystem_0.pdf)",Tier 1 preferred; Tier 2 supplemental,Low-Medium,"Sources support adjacent mechanisms, components, or analogues, not the full system.","Qualify readiness gaps with the specific maturity dimension: technical, manufacturing, integration, infrastructure, safety, or economics."
Technology / scale trigger,"Digital immortality / mind archives scale trigger: Consent, provenance, and limits must be explicit before systems are trusted.",readiness/economics claim + engineering inference,Digital immortality / mind archives,Sorbents; Water; Catalysts; Sorbents; Catalysts,,public acceptance; data/control problem; scale-up uncertainty,"Consent, provenance, and limits must be explicit before systems are trusted.","Techno-economic analysis, pilot data, manufacturing learning, reliability, regulatory/permitting evidence",Partially supported / needs cautious wording,"Sandberg, A., and Bostrom, N. 2008. Whole Brain Emulation: A Roadmap. Future of Humanity Institute, University of Oxford. (https://ora.ox.ac.uk/objects/uuid:a6880196-34c7-47a0-80f1-74d32ab98788) | Mandelbaum, E. 2022. The Prospects of Whole Brain Emulation within the Next Half-Century. PhilArchive copy. (https://philarchive.org/archive/MANEAM-4) | U.S. Government Accountability Office. 2025. Science & Tech Spotlight: Brain-Computer Interfaces. (https://www.gao.gov/products/gao-25-107549) | International Energy Agency. 2023. Data Centres and Data Transmission Networks. (https://www.iea.org/energy-system/buildings/data-centres-and-data-transmission-networks) | National Institute of Standards and Technology. 2023. CHIPS Metrology Program. (https://www.nist.gov/chips/research-development-programs/metrology-program) | National Institute of Standards and Technology. 2023. Metrology Gaps in the Semiconductor Ecosystem. (https://www.nist.gov/system/files/documents/2023/06/05/CHIPS_Metrology-Gaps-in-the-Semi-Ecosystem_0.pdf)",Tier 1 preferred; Tier 2 supplemental,Low-Medium,"Scale-trigger language is often inferential and should be verified with TEA, deployment data, or agency roadmap sources.",Phrase scale triggers as hypotheses unless a direct source supports the causal threshold.
Technology / realistic pathway,"Lunar oxygen production: Regolith processing, molten electrolysis or reduction chemistry, oxygen separation, and storage.",process-flow assumption + engineering inference,Lunar oxygen production,Hydrogen; Oxygen; Water; Metals and alloys,Electrolysis; Liquefaction; Compression; Heat exchange,energy penalty; heat management; separation cost; reliability gap,The chemistry is plausible; lunar industrial operation is unproven.,"Direct sources for process route, materials, bottlenecks, readiness, economics, and safety/regulatory issues",Partially supported / roadmap-stage,"NASA. 2023. In-Situ Resource Utilization overview. (https://www.nasa.gov/overview-in-situ-resource-utilization/) | NASA. 2025. Environmental Control and Life Support Systems (ECLSS). (https://www.nasa.gov/reference/environmental-control-and-life-support-systems-eclss/) | Muscatello, A. C., et al. 2012. Mars In Situ Resource Utilization Technology Evaluation. NASA NTRS. (https://ntrs.nasa.gov/api/citations/20120001775/downloads/20120001775.pdf) | National Research Council. 1997. Advanced Technology for Human Support in Space. (https://www.nationalacademies.org/read/5826/chapter/4) | European Space Agency. Life support and MELiSSA regenerative loop program. (https://www.esa.int/Science_Exploration/Human_and_Robotic_Exploration/Research/Life_support) | NASA Office of Technology, Policy, and Strategy. 2024. Space-Based Solar Power. (https://www.nasa.gov/wp-content/uploads/2024/01/otps-sbsp-report-final-tagged-approved-1-8-24-tagged-v2.pdf)",Tier 1 preferred; Tier 2 supplemental,Medium,"Sources support active research, demonstrations, or roadmaps; scale/cost/reliability are unresolved.","Frame as roadmap-stage or early-stage. Keep Lunar oxygen production wording qualified around economics, timelines, and performance unless claim-level evidence is added."
Technology / simplified PFD,Lunar oxygen production is represented with the simplified PFD sequence: Regolith mining → Chemical reduction/electrolysis → Oxygen separation → Liquefaction/storage → Habitat or propellant use.,process-flow assumption,Lunar oxygen production,Hydrogen; Oxygen; Water; Metals and alloys,Electrolysis; Liquefaction; Compression; Heat exchange,energy penalty; heat management; separation cost; reliability gap,The chemistry is plausible; lunar industrial operation is unproven.,Process-route sources showing actual major unit operations or system blocks,Partially supported / roadmap-stage,"NASA. 2023. In-Situ Resource Utilization overview. (https://www.nasa.gov/overview-in-situ-resource-utilization/) | NASA. 2025. Environmental Control and Life Support Systems (ECLSS). (https://www.nasa.gov/reference/environmental-control-and-life-support-systems-eclss/) | Muscatello, A. C., et al. 2012. Mars In Situ Resource Utilization Technology Evaluation. NASA NTRS. (https://ntrs.nasa.gov/api/citations/20120001775/downloads/20120001775.pdf) | National Research Council. 1997. Advanced Technology for Human Support in Space. (https://www.nationalacademies.org/read/5826/chapter/4) | European Space Agency. Life support and MELiSSA regenerative loop program. (https://www.esa.int/Science_Exploration/Human_and_Robotic_Exploration/Research/Life_support) | NASA Office of Technology, Policy, and Strategy. 2024. Space-Based Solar Power. (https://www.nasa.gov/wp-content/uploads/2024/01/otps-sbsp-report-final-tagged-approved-1-8-24-tagged-v2.pdf)",Tier 1 preferred; Tier 2 supplemental,Medium,Mini-PFDs are simplified; exact process routes can vary by architecture/vendor/design.,Treat the mini-PFD as a teaching abstraction unless a source directly supports the sequence.
Technology / readiness gap,Lunar oxygen production readiness gap: The chemistry is plausible; lunar industrial operation is unproven.,readiness/economics claim,Lunar oxygen production,Hydrogen; Oxygen; Water; Metals and alloys,Electrolysis; Liquefaction; Compression; Heat exchange,energy penalty; heat management; separation cost; reliability gap,The chemistry is plausible; lunar industrial operation is unproven.,TRL/MRL/IRL plus domain-specific demonstration/commercialization sources,Partially supported / roadmap-stage,"NASA. 2023. In-Situ Resource Utilization overview. (https://www.nasa.gov/overview-in-situ-resource-utilization/) | NASA. 2025. Environmental Control and Life Support Systems (ECLSS). (https://www.nasa.gov/reference/environmental-control-and-life-support-systems-eclss/) | Muscatello, A. C., et al. 2012. Mars In Situ Resource Utilization Technology Evaluation. NASA NTRS. (https://ntrs.nasa.gov/api/citations/20120001775/downloads/20120001775.pdf) | National Research Council. 1997. Advanced Technology for Human Support in Space. (https://www.nationalacademies.org/read/5826/chapter/4) | European Space Agency. Life support and MELiSSA regenerative loop program. (https://www.esa.int/Science_Exploration/Human_and_Robotic_Exploration/Research/Life_support) | NASA Office of Technology, Policy, and Strategy. 2024. Space-Based Solar Power. (https://www.nasa.gov/wp-content/uploads/2024/01/otps-sbsp-report-final-tagged-approved-1-8-24-tagged-v2.pdf)",Tier 1 preferred; Tier 2 supplemental,Medium,"Sources support active research, demonstrations, or roadmaps; scale/cost/reliability are unresolved.","Qualify readiness gaps with the specific maturity dimension: technical, manufacturing, integration, infrastructure, safety, or economics."
Technology / scale trigger,"Lunar oxygen production scale trigger: Systems must run through dust, thermal cycling, and limited maintenance.",readiness/economics claim + engineering inference,Lunar oxygen production,Hydrogen; Oxygen; Water; Metals and alloys,Electrolysis; Liquefaction; Compression; Heat exchange,energy penalty; heat management; separation cost; reliability gap,"Systems must run through dust, thermal cycling, and limited maintenance.","Techno-economic analysis, pilot data, manufacturing learning, reliability, regulatory/permitting evidence",Partially supported / roadmap-stage,"NASA. 2023. In-Situ Resource Utilization overview. (https://www.nasa.gov/overview-in-situ-resource-utilization/) | NASA. 2025. Environmental Control and Life Support Systems (ECLSS). (https://www.nasa.gov/reference/environmental-control-and-life-support-systems-eclss/) | Muscatello, A. C., et al. 2012. Mars In Situ Resource Utilization Technology Evaluation. NASA NTRS. (https://ntrs.nasa.gov/api/citations/20120001775/downloads/20120001775.pdf) | National Research Council. 1997. Advanced Technology for Human Support in Space. (https://www.nationalacademies.org/read/5826/chapter/4) | European Space Agency. Life support and MELiSSA regenerative loop program. (https://www.esa.int/Science_Exploration/Human_and_Robotic_Exploration/Research/Life_support) | NASA Office of Technology, Policy, and Strategy. 2024. Space-Based Solar Power. (https://www.nasa.gov/wp-content/uploads/2024/01/otps-sbsp-report-final-tagged-approved-1-8-24-tagged-v2.pdf)",Tier 1 preferred; Tier 2 supplemental,Medium,"Scale-trigger language is often inferential and should be verified with TEA, deployment data, or agency roadmap sources.",Phrase scale triggers as hypotheses unless a direct source supports the causal threshold.
Technology / realistic pathway,"Mars fuel production: Atmospheric CO2 capture, water mining, electrolysis, Sabatier reaction, and methane/oxygen liquefaction.",process-flow assumption + engineering inference,Mars fuel production,Hydrogen; Carbon dioxide; Methane; Oxygen; Water; Sorbents; Sorbents,Electrolysis; Liquefaction; Compression; Heat exchange,energy penalty; reliability gap; maintenance burden; lifecycle/recycling issue,Subscale oxygen production was demonstrated; full propellant plants remain future systems.,"Direct sources for process route, materials, bottlenecks, readiness, economics, and safety/regulatory issues",Partially supported / roadmap-stage,"NASA. 2023. In-Situ Resource Utilization overview. (https://www.nasa.gov/overview-in-situ-resource-utilization/) | Muscatello, A. C., et al. 2012. Mars In Situ Resource Utilization Technology Evaluation. NASA NTRS. (https://ntrs.nasa.gov/api/citations/20120001775/downloads/20120001775.pdf) | NASA. 2025. Environmental Control and Life Support Systems (ECLSS). (https://www.nasa.gov/reference/environmental-control-and-life-support-systems-eclss/) | International Energy Agency. 2024. Global Hydrogen Review 2024. (https://www.iea.org/reports/global-hydrogen-review-2024) | European Space Agency. Life support and MELiSSA regenerative loop program. (https://www.esa.int/Science_Exploration/Human_and_Robotic_Exploration/Research/Life_support) | National Research Council. 1997. Advanced Technology for Human Support in Space. (https://www.nationalacademies.org/read/5826/chapter/4)",Tier 1 preferred; Tier 2 supplemental,Medium,"Sources support active research, demonstrations, or roadmaps; scale/cost/reliability are unresolved.","Frame as roadmap-stage or early-stage. Keep Mars fuel production wording qualified around economics, timelines, and performance unless claim-level evidence is added."
Technology / simplified PFD,Mars fuel production is represented with the simplified PFD sequence: CO2 and water → Electrolysis → Sabatier reactor → Methane/oxygen storage → Vehicle fueling.,process-flow assumption,Mars fuel production,Hydrogen; Carbon dioxide; Methane; Oxygen; Water; Sorbents; Sorbents,Electrolysis; Liquefaction; Compression; Heat exchange,energy penalty; reliability gap; maintenance burden; lifecycle/recycling issue,Subscale oxygen production was demonstrated; full propellant plants remain future systems.,Process-route sources showing actual major unit operations or system blocks,Partially supported / roadmap-stage,"NASA. 2023. In-Situ Resource Utilization overview. (https://www.nasa.gov/overview-in-situ-resource-utilization/) | Muscatello, A. C., et al. 2012. Mars In Situ Resource Utilization Technology Evaluation. NASA NTRS. (https://ntrs.nasa.gov/api/citations/20120001775/downloads/20120001775.pdf) | NASA. 2025. Environmental Control and Life Support Systems (ECLSS). (https://www.nasa.gov/reference/environmental-control-and-life-support-systems-eclss/) | International Energy Agency. 2024. Global Hydrogen Review 2024. (https://www.iea.org/reports/global-hydrogen-review-2024) | European Space Agency. Life support and MELiSSA regenerative loop program. (https://www.esa.int/Science_Exploration/Human_and_Robotic_Exploration/Research/Life_support) | National Research Council. 1997. Advanced Technology for Human Support in Space. (https://www.nationalacademies.org/read/5826/chapter/4)",Tier 1 preferred; Tier 2 supplemental,Medium,Mini-PFDs are simplified; exact process routes can vary by architecture/vendor/design.,Treat the mini-PFD as a teaching abstraction unless a source directly supports the sequence.
Technology / readiness gap,Mars fuel production readiness gap: Subscale oxygen production was demonstrated; full propellant plants remain future systems.,readiness/economics claim,Mars fuel production,Hydrogen; Carbon dioxide; Methane; Oxygen; Water; Sorbents; Sorbents,Electrolysis; Liquefaction; Compression; Heat exchange,energy penalty; reliability gap; maintenance burden; lifecycle/recycling issue,Subscale oxygen production was demonstrated; full propellant plants remain future systems.,TRL/MRL/IRL plus domain-specific demonstration/commercialization sources,Partially supported / roadmap-stage,"NASA. 2023. In-Situ Resource Utilization overview. (https://www.nasa.gov/overview-in-situ-resource-utilization/) | Muscatello, A. C., et al. 2012. Mars In Situ Resource Utilization Technology Evaluation. NASA NTRS. (https://ntrs.nasa.gov/api/citations/20120001775/downloads/20120001775.pdf) | NASA. 2025. Environmental Control and Life Support Systems (ECLSS). (https://www.nasa.gov/reference/environmental-control-and-life-support-systems-eclss/) | International Energy Agency. 2024. Global Hydrogen Review 2024. (https://www.iea.org/reports/global-hydrogen-review-2024) | European Space Agency. Life support and MELiSSA regenerative loop program. (https://www.esa.int/Science_Exploration/Human_and_Robotic_Exploration/Research/Life_support) | National Research Council. 1997. Advanced Technology for Human Support in Space. (https://www.nationalacademies.org/read/5826/chapter/4)",Tier 1 preferred; Tier 2 supplemental,Medium,"Sources support active research, demonstrations, or roadmaps; scale/cost/reliability are unresolved.","Qualify readiness gaps with the specific maturity dimension: technical, manufacturing, integration, infrastructure, safety, or economics."
Technology / scale trigger,Mars fuel production scale trigger: Plants must produce and store propellant before crew arrival without repair crews.,readiness/economics claim + engineering inference,Mars fuel production,Hydrogen; Carbon dioxide; Methane; Oxygen; Water; Sorbents; Sorbents,Electrolysis; Liquefaction; Compression; Heat exchange,energy penalty; reliability gap; maintenance burden; lifecycle/recycling issue,Plants must produce and store propellant before crew arrival without repair crews.,"Techno-economic analysis, pilot data, manufacturing learning, reliability, regulatory/permitting evidence",Partially supported / roadmap-stage,"NASA. 2023. In-Situ Resource Utilization overview. (https://www.nasa.gov/overview-in-situ-resource-utilization/) | Muscatello, A. C., et al. 2012. Mars In Situ Resource Utilization Technology Evaluation. NASA NTRS. (https://ntrs.nasa.gov/api/citations/20120001775/downloads/20120001775.pdf) | NASA. 2025. Environmental Control and Life Support Systems (ECLSS). (https://www.nasa.gov/reference/environmental-control-and-life-support-systems-eclss/) | International Energy Agency. 2024. Global Hydrogen Review 2024. (https://www.iea.org/reports/global-hydrogen-review-2024) | European Space Agency. Life support and MELiSSA regenerative loop program. (https://www.esa.int/Science_Exploration/Human_and_Robotic_Exploration/Research/Life_support) | National Research Council. 1997. Advanced Technology for Human Support in Space. (https://www.nationalacademies.org/read/5826/chapter/4)",Tier 1 preferred; Tier 2 supplemental,Medium,"Scale-trigger language is often inferential and should be verified with TEA, deployment data, or agency roadmap sources.",Phrase scale triggers as hypotheses unless a direct source supports the causal threshold.
Technology / realistic pathway,"Closed-loop life support: Water recycling, air revitalization, food growth, waste processing, and microbial control.",process-flow assumption + engineering inference,Closed-loop life support,Carbon dioxide; Oxygen; Water; Lithium; Electrolytes; Graphite; Electrolytes,Electrolysis; Compression; Heat exchange,energy penalty; reliability gap; maintenance burden; data/control problem,"ISS systems recover much, but fully closed long-duration loops are not solved.","Direct sources for process route, materials, bottlenecks, readiness, economics, and safety/regulatory issues",Partially supported / roadmap-stage,"NASA. 2025. Environmental Control and Life Support Systems (ECLSS). (https://www.nasa.gov/reference/environmental-control-and-life-support-systems-eclss/) | European Space Agency. Life support and MELiSSA regenerative loop program. (https://www.esa.int/Science_Exploration/Human_and_Robotic_Exploration/Research/Life_support) | National Research Council. 1997. Advanced Technology for Human Support in Space. (https://www.nationalacademies.org/read/5826/chapter/4) | National Research Council. 2012. Water Reuse: Potential for Expanding the Nation's Water Supply Through Reuse of Municipal Wastewater. (https://www.nationalacademies.org/read/13303) | NASA. 2023. In-Situ Resource Utilization overview. (https://www.nasa.gov/overview-in-situ-resource-utilization/) | NASA Office of Technology, Policy, and Strategy. 2024. Space-Based Solar Power. (https://www.nasa.gov/wp-content/uploads/2024/01/otps-sbsp-report-final-tagged-approved-1-8-24-tagged-v2.pdf)",Tier 1 preferred; Tier 2 supplemental,Medium,"Sources support active research, demonstrations, or roadmaps; scale/cost/reliability are unresolved.","Frame as roadmap-stage or early-stage. Keep Closed-loop life support wording qualified around economics, timelines, and performance unless claim-level evidence is added."
Technology / simplified PFD,Closed-loop life support is represented with the simplified PFD sequence: Human waste/CO2 → Recovery systems → Water/oxygen/food → Habitat loop → Monitoring.,process-flow assumption,Closed-loop life support,Carbon dioxide; Oxygen; Water; Lithium; Electrolytes; Graphite; Electrolytes,Electrolysis; Compression; Heat exchange,energy penalty; reliability gap; maintenance burden; data/control problem,"ISS systems recover much, but fully closed long-duration loops are not solved.",Process-route sources showing actual major unit operations or system blocks,Partially supported / roadmap-stage,"NASA. 2025. Environmental Control and Life Support Systems (ECLSS). (https://www.nasa.gov/reference/environmental-control-and-life-support-systems-eclss/) | European Space Agency. Life support and MELiSSA regenerative loop program. (https://www.esa.int/Science_Exploration/Human_and_Robotic_Exploration/Research/Life_support) | National Research Council. 1997. Advanced Technology for Human Support in Space. (https://www.nationalacademies.org/read/5826/chapter/4) | National Research Council. 2012. Water Reuse: Potential for Expanding the Nation's Water Supply Through Reuse of Municipal Wastewater. (https://www.nationalacademies.org/read/13303) | NASA. 2023. In-Situ Resource Utilization overview. (https://www.nasa.gov/overview-in-situ-resource-utilization/) | NASA Office of Technology, Policy, and Strategy. 2024. Space-Based Solar Power. (https://www.nasa.gov/wp-content/uploads/2024/01/otps-sbsp-report-final-tagged-approved-1-8-24-tagged-v2.pdf)",Tier 1 preferred; Tier 2 supplemental,Medium,Mini-PFDs are simplified; exact process routes can vary by architecture/vendor/design.,Treat the mini-PFD as a teaching abstraction unless a source directly supports the sequence.
Technology / readiness gap,"Closed-loop life support readiness gap: ISS systems recover much, but fully closed long-duration loops are not solved.",readiness/economics claim,Closed-loop life support,Carbon dioxide; Oxygen; Water; Lithium; Electrolytes; Graphite; Electrolytes,Electrolysis; Compression; Heat exchange,energy penalty; reliability gap; maintenance burden; data/control problem,"ISS systems recover much, but fully closed long-duration loops are not solved.",TRL/MRL/IRL plus domain-specific demonstration/commercialization sources,Partially supported / roadmap-stage,"NASA. 2025. Environmental Control and Life Support Systems (ECLSS). (https://www.nasa.gov/reference/environmental-control-and-life-support-systems-eclss/) | European Space Agency. Life support and MELiSSA regenerative loop program. (https://www.esa.int/Science_Exploration/Human_and_Robotic_Exploration/Research/Life_support) | National Research Council. 1997. Advanced Technology for Human Support in Space. (https://www.nationalacademies.org/read/5826/chapter/4) | National Research Council. 2012. Water Reuse: Potential for Expanding the Nation's Water Supply Through Reuse of Municipal Wastewater. (https://www.nationalacademies.org/read/13303) | NASA. 2023. In-Situ Resource Utilization overview. (https://www.nasa.gov/overview-in-situ-resource-utilization/) | NASA Office of Technology, Policy, and Strategy. 2024. Space-Based Solar Power. (https://www.nasa.gov/wp-content/uploads/2024/01/otps-sbsp-report-final-tagged-approved-1-8-24-tagged-v2.pdf)",Tier 1 preferred; Tier 2 supplemental,Medium,"Sources support active research, demonstrations, or roadmaps; scale/cost/reliability are unresolved.","Qualify readiness gaps with the specific maturity dimension: technical, manufacturing, integration, infrastructure, safety, or economics."
Technology / scale trigger,Closed-loop life support scale trigger: Loops must tolerate failures and microbial shifts for years.,readiness/economics claim + engineering inference,Closed-loop life support,Carbon dioxide; Oxygen; Water; Lithium; Electrolytes; Graphite; Electrolytes,Electrolysis; Compression; Heat exchange,energy penalty; reliability gap; maintenance burden; data/control problem,Loops must tolerate failures and microbial shifts for years.,"Techno-economic analysis, pilot data, manufacturing learning, reliability, regulatory/permitting evidence",Partially supported / roadmap-stage,"NASA. 2025. Environmental Control and Life Support Systems (ECLSS). (https://www.nasa.gov/reference/environmental-control-and-life-support-systems-eclss/) | European Space Agency. Life support and MELiSSA regenerative loop program. (https://www.esa.int/Science_Exploration/Human_and_Robotic_Exploration/Research/Life_support) | National Research Council. 1997. Advanced Technology for Human Support in Space. (https://www.nationalacademies.org/read/5826/chapter/4) | National Research Council. 2012. Water Reuse: Potential for Expanding the Nation's Water Supply Through Reuse of Municipal Wastewater. (https://www.nationalacademies.org/read/13303) | NASA. 2023. In-Situ Resource Utilization overview. (https://www.nasa.gov/overview-in-situ-resource-utilization/) | NASA Office of Technology, Policy, and Strategy. 2024. Space-Based Solar Power. (https://www.nasa.gov/wp-content/uploads/2024/01/otps-sbsp-report-final-tagged-approved-1-8-24-tagged-v2.pdf)",Tier 1 preferred; Tier 2 supplemental,Medium,"Scale-trigger language is often inferential and should be verified with TEA, deployment data, or agency roadmap sources.",Phrase scale triggers as hypotheses unless a direct source supports the causal threshold.
Technology / realistic pathway,"Space habitats: Modular structures, radiation shielding, closed-loop systems, artificial gravity concepts, and orbital logistics.",process-flow assumption + engineering inference,Space habitats,Oxygen; Aluminum,Electrolysis; Compression; Heat exchange,infrastructure gap; reliability gap; maintenance burden; cost curve problem,Stations exist; city-scale habitats need cheaper logistics and robust loops.,"Direct sources for process route, materials, bottlenecks, readiness, economics, and safety/regulatory issues",Partially supported / roadmap-stage,"NASA. 2025. Environmental Control and Life Support Systems (ECLSS). (https://www.nasa.gov/reference/environmental-control-and-life-support-systems-eclss/) | European Space Agency. Life support and MELiSSA regenerative loop program. (https://www.esa.int/Science_Exploration/Human_and_Robotic_Exploration/Research/Life_support) | National Research Council. 1997. Advanced Technology for Human Support in Space. (https://www.nationalacademies.org/read/5826/chapter/4) | NASA. 2023. In-Situ Resource Utilization overview. (https://www.nasa.gov/overview-in-situ-resource-utilization/) | NASA Office of Technology, Policy, and Strategy. 2024. Space-Based Solar Power. (https://www.nasa.gov/wp-content/uploads/2024/01/otps-sbsp-report-final-tagged-approved-1-8-24-tagged-v2.pdf) | Muscatello, A. C., et al. 2012. Mars In Situ Resource Utilization Technology Evaluation. NASA NTRS. (https://ntrs.nasa.gov/api/citations/20120001775/downloads/20120001775.pdf)",Tier 1 preferred; Tier 2 supplemental,Medium,"Sources support active research, demonstrations, or roadmaps; scale/cost/reliability are unresolved.","Frame as roadmap-stage or early-stage. Keep Space habitats wording qualified around economics, timelines, and performance unless claim-level evidence is added."
Technology / simplified PFD,Space habitats is represented with the simplified PFD sequence: Module fabrication → Launch/assembly → Life-support integration → Shielding → Operations.,process-flow assumption,Space habitats,Oxygen; Aluminum,Electrolysis; Compression; Heat exchange,infrastructure gap; reliability gap; maintenance burden; cost curve problem,Stations exist; city-scale habitats need cheaper logistics and robust loops.,Process-route sources showing actual major unit operations or system blocks,Partially supported / roadmap-stage,"NASA. 2025. Environmental Control and Life Support Systems (ECLSS). (https://www.nasa.gov/reference/environmental-control-and-life-support-systems-eclss/) | European Space Agency. Life support and MELiSSA regenerative loop program. (https://www.esa.int/Science_Exploration/Human_and_Robotic_Exploration/Research/Life_support) | National Research Council. 1997. Advanced Technology for Human Support in Space. (https://www.nationalacademies.org/read/5826/chapter/4) | NASA. 2023. In-Situ Resource Utilization overview. (https://www.nasa.gov/overview-in-situ-resource-utilization/) | NASA Office of Technology, Policy, and Strategy. 2024. Space-Based Solar Power. (https://www.nasa.gov/wp-content/uploads/2024/01/otps-sbsp-report-final-tagged-approved-1-8-24-tagged-v2.pdf) | Muscatello, A. C., et al. 2012. Mars In Situ Resource Utilization Technology Evaluation. NASA NTRS. (https://ntrs.nasa.gov/api/citations/20120001775/downloads/20120001775.pdf)",Tier 1 preferred; Tier 2 supplemental,Medium,Mini-PFDs are simplified; exact process routes can vary by architecture/vendor/design.,Treat the mini-PFD as a teaching abstraction unless a source directly supports the sequence.
Technology / readiness gap,Space habitats readiness gap: Stations exist; city-scale habitats need cheaper logistics and robust loops.,readiness/economics claim,Space habitats,Oxygen; Aluminum,Electrolysis; Compression; Heat exchange,infrastructure gap; reliability gap; maintenance burden; cost curve problem,Stations exist; city-scale habitats need cheaper logistics and robust loops.,TRL/MRL/IRL plus domain-specific demonstration/commercialization sources,Partially supported / roadmap-stage,"NASA. 2025. Environmental Control and Life Support Systems (ECLSS). (https://www.nasa.gov/reference/environmental-control-and-life-support-systems-eclss/) | European Space Agency. Life support and MELiSSA regenerative loop program. (https://www.esa.int/Science_Exploration/Human_and_Robotic_Exploration/Research/Life_support) | National Research Council. 1997. Advanced Technology for Human Support in Space. (https://www.nationalacademies.org/read/5826/chapter/4) | NASA. 2023. In-Situ Resource Utilization overview. (https://www.nasa.gov/overview-in-situ-resource-utilization/) | NASA Office of Technology, Policy, and Strategy. 2024. Space-Based Solar Power. (https://www.nasa.gov/wp-content/uploads/2024/01/otps-sbsp-report-final-tagged-approved-1-8-24-tagged-v2.pdf) | Muscatello, A. C., et al. 2012. Mars In Situ Resource Utilization Technology Evaluation. NASA NTRS. (https://ntrs.nasa.gov/api/citations/20120001775/downloads/20120001775.pdf)",Tier 1 preferred; Tier 2 supplemental,Medium,"Sources support active research, demonstrations, or roadmaps; scale/cost/reliability are unresolved.","Qualify readiness gaps with the specific maturity dimension: technical, manufacturing, integration, infrastructure, safety, or economics."
Technology / scale trigger,Space habitats scale trigger: Launch and maintenance costs must fall while life support becomes highly reliable.,readiness/economics claim + engineering inference,Space habitats,Oxygen; Aluminum,Electrolysis; Compression; Heat exchange,infrastructure gap; reliability gap; maintenance burden; cost curve problem,Launch and maintenance costs must fall while life support becomes highly reliable.,"Techno-economic analysis, pilot data, manufacturing learning, reliability, regulatory/permitting evidence",Partially supported / roadmap-stage,"NASA. 2025. Environmental Control and Life Support Systems (ECLSS). (https://www.nasa.gov/reference/environmental-control-and-life-support-systems-eclss/) | European Space Agency. Life support and MELiSSA regenerative loop program. (https://www.esa.int/Science_Exploration/Human_and_Robotic_Exploration/Research/Life_support) | National Research Council. 1997. Advanced Technology for Human Support in Space. (https://www.nationalacademies.org/read/5826/chapter/4) | NASA. 2023. In-Situ Resource Utilization overview. (https://www.nasa.gov/overview-in-situ-resource-utilization/) | NASA Office of Technology, Policy, and Strategy. 2024. Space-Based Solar Power. (https://www.nasa.gov/wp-content/uploads/2024/01/otps-sbsp-report-final-tagged-approved-1-8-24-tagged-v2.pdf) | Muscatello, A. C., et al. 2012. Mars In Situ Resource Utilization Technology Evaluation. NASA NTRS. (https://ntrs.nasa.gov/api/citations/20120001775/downloads/20120001775.pdf)",Tier 1 preferred; Tier 2 supplemental,Medium,"Scale-trigger language is often inferential and should be verified with TEA, deployment data, or agency roadmap sources.",Phrase scale triggers as hypotheses unless a direct source supports the causal threshold.
Technology / realistic pathway,"Asteroid mining: Prospecting, robotic capture or mining, in-space processing, material transport, and market development.",process-flow assumption + engineering inference,Asteroid mining,Lithium; Electrolytes; Graphite; Sorbents; Metals and alloys; Electrolytes; Sorbents,Electrolysis; Compression; Heat exchange,energy penalty; supply-chain constraint; cost curve problem; extreme environment durability,Prospecting is possible; profitable extraction is not yet demonstrated.,"Direct sources for process route, materials, bottlenecks, readiness, economics, and safety/regulatory issues",Partially supported / roadmap-stage,NASA. 2023. In-Situ Resource Utilization overview. (https://www.nasa.gov/overview-in-situ-resource-utilization/) | U.S. Geological Survey. 2025. Mineral Commodity Summaries 2025. (https://pubs.usgs.gov/publication/mcs2025) | International Energy Agency. 2025. Global Critical Minerals Outlook 2025. (https://www.iea.org/reports/global-critical-minerals-outlook-2025) | National Research Council. 1997. Advanced Technology for Human Support in Space. (https://www.nationalacademies.org/read/5826/chapter/4) | NASA. 2025. Environmental Control and Life Support Systems (ECLSS). (https://www.nasa.gov/reference/environmental-control-and-life-support-systems-eclss/) | European Space Agency. Life support and MELiSSA regenerative loop program. (https://www.esa.int/Science_Exploration/Human_and_Robotic_Exploration/Research/Life_support),Tier 1 preferred; Tier 2 supplemental,Medium,"Sources support active research, demonstrations, or roadmaps; scale/cost/reliability are unresolved.","Frame as roadmap-stage or early-stage. Keep Asteroid mining wording qualified around economics, timelines, and performance unless claim-level evidence is added."
Technology / simplified PFD,Asteroid mining is represented with the simplified PFD sequence: Asteroid survey → Extraction → Beneficiation → Refining → Transport/use.,process-flow assumption,Asteroid mining,Lithium; Electrolytes; Graphite; Sorbents; Metals and alloys; Electrolytes; Sorbents,Electrolysis; Compression; Heat exchange,energy penalty; supply-chain constraint; cost curve problem; extreme environment durability,Prospecting is possible; profitable extraction is not yet demonstrated.,Process-route sources showing actual major unit operations or system blocks,Partially supported / roadmap-stage,NASA. 2023. In-Situ Resource Utilization overview. (https://www.nasa.gov/overview-in-situ-resource-utilization/) | U.S. Geological Survey. 2025. Mineral Commodity Summaries 2025. (https://pubs.usgs.gov/publication/mcs2025) | International Energy Agency. 2025. Global Critical Minerals Outlook 2025. (https://www.iea.org/reports/global-critical-minerals-outlook-2025) | National Research Council. 1997. Advanced Technology for Human Support in Space. (https://www.nationalacademies.org/read/5826/chapter/4) | NASA. 2025. Environmental Control and Life Support Systems (ECLSS). (https://www.nasa.gov/reference/environmental-control-and-life-support-systems-eclss/) | European Space Agency. Life support and MELiSSA regenerative loop program. (https://www.esa.int/Science_Exploration/Human_and_Robotic_Exploration/Research/Life_support),Tier 1 preferred; Tier 2 supplemental,Medium,Mini-PFDs are simplified; exact process routes can vary by architecture/vendor/design.,Treat the mini-PFD as a teaching abstraction unless a source directly supports the sequence.
Technology / readiness gap,Asteroid mining readiness gap: Prospecting is possible; profitable extraction is not yet demonstrated.,readiness/economics claim,Asteroid mining,Lithium; Electrolytes; Graphite; Sorbents; Metals and alloys; Electrolytes; Sorbents,Electrolysis; Compression; Heat exchange,energy penalty; supply-chain constraint; cost curve problem; extreme environment durability,Prospecting is possible; profitable extraction is not yet demonstrated.,TRL/MRL/IRL plus domain-specific demonstration/commercialization sources,Partially supported / roadmap-stage,NASA. 2023. In-Situ Resource Utilization overview. (https://www.nasa.gov/overview-in-situ-resource-utilization/) | U.S. Geological Survey. 2025. Mineral Commodity Summaries 2025. (https://pubs.usgs.gov/publication/mcs2025) | International Energy Agency. 2025. Global Critical Minerals Outlook 2025. (https://www.iea.org/reports/global-critical-minerals-outlook-2025) | National Research Council. 1997. Advanced Technology for Human Support in Space. (https://www.nationalacademies.org/read/5826/chapter/4) | NASA. 2025. Environmental Control and Life Support Systems (ECLSS). (https://www.nasa.gov/reference/environmental-control-and-life-support-systems-eclss/) | European Space Agency. Life support and MELiSSA regenerative loop program. (https://www.esa.int/Science_Exploration/Human_and_Robotic_Exploration/Research/Life_support),Tier 1 preferred; Tier 2 supplemental,Medium,"Sources support active research, demonstrations, or roadmaps; scale/cost/reliability are unresolved.","Qualify readiness gaps with the specific maturity dimension: technical, manufacturing, integration, infrastructure, safety, or economics."
Technology / scale trigger,Asteroid mining scale trigger: In-space demand must justify extraction before Earth-return economics do.,readiness/economics claim + engineering inference,Asteroid mining,Lithium; Electrolytes; Graphite; Sorbents; Metals and alloys; Electrolytes; Sorbents,Electrolysis; Compression; Heat exchange,energy penalty; supply-chain constraint; cost curve problem; extreme environment durability,In-space demand must justify extraction before Earth-return economics do.,"Techno-economic analysis, pilot data, manufacturing learning, reliability, regulatory/permitting evidence",Partially supported / roadmap-stage,NASA. 2023. In-Situ Resource Utilization overview. (https://www.nasa.gov/overview-in-situ-resource-utilization/) | U.S. Geological Survey. 2025. Mineral Commodity Summaries 2025. (https://pubs.usgs.gov/publication/mcs2025) | International Energy Agency. 2025. Global Critical Minerals Outlook 2025. (https://www.iea.org/reports/global-critical-minerals-outlook-2025) | National Research Council. 1997. Advanced Technology for Human Support in Space. (https://www.nationalacademies.org/read/5826/chapter/4) | NASA. 2025. Environmental Control and Life Support Systems (ECLSS). (https://www.nasa.gov/reference/environmental-control-and-life-support-systems-eclss/) | European Space Agency. Life support and MELiSSA regenerative loop program. (https://www.esa.int/Science_Exploration/Human_and_Robotic_Exploration/Research/Life_support),Tier 1 preferred; Tier 2 supplemental,Medium,"Scale-trigger language is often inferential and should be verified with TEA, deployment data, or agency roadmap sources.",Phrase scale triggers as hypotheses unless a direct source supports the causal threshold.
Technology / realistic pathway,"Orbital manufacturing: Autonomous manufacturing platforms, feedstock launch, in-space process control, and return logistics.",process-flow assumption + engineering inference,Orbital manufacturing,Water; Catalysts; Catalysts,Electrolysis; Compression; Heat exchange,energy penalty; low yield; manufacturing repeatability; supply-chain constraint,Experiments are real; commercial demand and repeatability are uncertain.,"Direct sources for process route, materials, bottlenecks, readiness, economics, and safety/regulatory issues",Partially supported / roadmap-stage,"NASA. 2023. In-Situ Resource Utilization overview. (https://www.nasa.gov/overview-in-situ-resource-utilization/) | RAPID Manufacturing Institute / AIChE. Rapid Advancement in Process Intensification Deployment. (https://rapid.aiche.org/) | National Academies of Sciences, Engineering, and Medicine. 2024. Options for a National Plan for Smart Manufacturing. (https://www.nationalacademies.org/publications/27260) | NASA Office of Technology, Policy, and Strategy. 2024. Space-Based Solar Power. (https://www.nasa.gov/wp-content/uploads/2024/01/otps-sbsp-report-final-tagged-approved-1-8-24-tagged-v2.pdf) | NASA. 2025. Environmental Control and Life Support Systems (ECLSS). (https://www.nasa.gov/reference/environmental-control-and-life-support-systems-eclss/) | European Space Agency. Life support and MELiSSA regenerative loop program. (https://www.esa.int/Science_Exploration/Human_and_Robotic_Exploration/Research/Life_support)",Tier 1 preferred; Tier 2 supplemental,Medium,"Sources support active research, demonstrations, or roadmaps; scale/cost/reliability are unresolved.","Frame as roadmap-stage or early-stage. Keep Orbital manufacturing wording qualified around economics, timelines, and performance unless claim-level evidence is added."
Technology / simplified PFD,Orbital manufacturing is represented with the simplified PFD sequence: Feedstock launch → Microgravity processing → Inspection → Return or orbital use → Learning loop.,process-flow assumption,Orbital manufacturing,Water; Catalysts; Catalysts,Electrolysis; Compression; Heat exchange,energy penalty; low yield; manufacturing repeatability; supply-chain constraint,Experiments are real; commercial demand and repeatability are uncertain.,Process-route sources showing actual major unit operations or system blocks,Partially supported / roadmap-stage,"NASA. 2023. In-Situ Resource Utilization overview. (https://www.nasa.gov/overview-in-situ-resource-utilization/) | RAPID Manufacturing Institute / AIChE. Rapid Advancement in Process Intensification Deployment. (https://rapid.aiche.org/) | National Academies of Sciences, Engineering, and Medicine. 2024. Options for a National Plan for Smart Manufacturing. (https://www.nationalacademies.org/publications/27260) | NASA Office of Technology, Policy, and Strategy. 2024. Space-Based Solar Power. (https://www.nasa.gov/wp-content/uploads/2024/01/otps-sbsp-report-final-tagged-approved-1-8-24-tagged-v2.pdf) | NASA. 2025. Environmental Control and Life Support Systems (ECLSS). (https://www.nasa.gov/reference/environmental-control-and-life-support-systems-eclss/) | European Space Agency. Life support and MELiSSA regenerative loop program. (https://www.esa.int/Science_Exploration/Human_and_Robotic_Exploration/Research/Life_support)",Tier 1 preferred; Tier 2 supplemental,Medium,Mini-PFDs are simplified; exact process routes can vary by architecture/vendor/design.,Treat the mini-PFD as a teaching abstraction unless a source directly supports the sequence.
Technology / readiness gap,Orbital manufacturing readiness gap: Experiments are real; commercial demand and repeatability are uncertain.,readiness/economics claim,Orbital manufacturing,Water; Catalysts; Catalysts,Electrolysis; Compression; Heat exchange,energy penalty; low yield; manufacturing repeatability; supply-chain constraint,Experiments are real; commercial demand and repeatability are uncertain.,TRL/MRL/IRL plus domain-specific demonstration/commercialization sources,Partially supported / roadmap-stage,"NASA. 2023. In-Situ Resource Utilization overview. (https://www.nasa.gov/overview-in-situ-resource-utilization/) | RAPID Manufacturing Institute / AIChE. Rapid Advancement in Process Intensification Deployment. (https://rapid.aiche.org/) | National Academies of Sciences, Engineering, and Medicine. 2024. Options for a National Plan for Smart Manufacturing. (https://www.nationalacademies.org/publications/27260) | NASA Office of Technology, Policy, and Strategy. 2024. Space-Based Solar Power. (https://www.nasa.gov/wp-content/uploads/2024/01/otps-sbsp-report-final-tagged-approved-1-8-24-tagged-v2.pdf) | NASA. 2025. Environmental Control and Life Support Systems (ECLSS). (https://www.nasa.gov/reference/environmental-control-and-life-support-systems-eclss/) | European Space Agency. Life support and MELiSSA regenerative loop program. (https://www.esa.int/Science_Exploration/Human_and_Robotic_Exploration/Research/Life_support)",Tier 1 preferred; Tier 2 supplemental,Medium,"Sources support active research, demonstrations, or roadmaps; scale/cost/reliability are unresolved.","Qualify readiness gaps with the specific maturity dimension: technical, manufacturing, integration, infrastructure, safety, or economics."
Technology / scale trigger,Orbital manufacturing scale trigger: Microgravity must create a product valuable enough to pay for logistics.,readiness/economics claim + engineering inference,Orbital manufacturing,Water; Catalysts; Catalysts,Electrolysis; Compression; Heat exchange,energy penalty; low yield; manufacturing repeatability; supply-chain constraint,Microgravity must create a product valuable enough to pay for logistics.,"Techno-economic analysis, pilot data, manufacturing learning, reliability, regulatory/permitting evidence",Partially supported / roadmap-stage,"NASA. 2023. In-Situ Resource Utilization overview. (https://www.nasa.gov/overview-in-situ-resource-utilization/) | RAPID Manufacturing Institute / AIChE. Rapid Advancement in Process Intensification Deployment. (https://rapid.aiche.org/) | National Academies of Sciences, Engineering, and Medicine. 2024. Options for a National Plan for Smart Manufacturing. (https://www.nationalacademies.org/publications/27260) | NASA Office of Technology, Policy, and Strategy. 2024. Space-Based Solar Power. (https://www.nasa.gov/wp-content/uploads/2024/01/otps-sbsp-report-final-tagged-approved-1-8-24-tagged-v2.pdf) | NASA. 2025. Environmental Control and Life Support Systems (ECLSS). (https://www.nasa.gov/reference/environmental-control-and-life-support-systems-eclss/) | European Space Agency. Life support and MELiSSA regenerative loop program. (https://www.esa.int/Science_Exploration/Human_and_Robotic_Exploration/Research/Life_support)",Tier 1 preferred; Tier 2 supplemental,Medium,"Scale-trigger language is often inferential and should be verified with TEA, deployment data, or agency roadmap sources.",Phrase scale triggers as hypotheses unless a direct source supports the causal threshold.
Technology / realistic pathway,"Space elevators: Ultra-strong materials, orbital dynamics, climber power systems, and anchor infrastructure.",process-flow assumption + engineering inference,Space elevators,Lithium; Electrolytes; Graphite; Electrolytes,Electrolysis; Compression; Heat exchange,energy penalty; infrastructure gap; reliability gap; maintenance burden,Required cable performance is beyond current manufacturable materials.,"Direct sources for process route, materials, bottlenecks, readiness, economics, and safety/regulatory issues",Partially supported / needs cautious wording,"Popescu, D. M., and S. A. Edwards. 2018. Building the space elevator: lessons from biological design. Journal of the Royal Society Interface. (https://royalsocietypublishing.org/doi/10.1098/rsif.2018.0086) | NASA. 2023. In-Situ Resource Utilization overview. (https://www.nasa.gov/overview-in-situ-resource-utilization/) | U.S. Geological Survey. 2025. Mineral Commodity Summaries 2025. (https://pubs.usgs.gov/publication/mcs2025) | International Energy Agency. 2025. Global Critical Minerals Outlook 2025. (https://www.iea.org/reports/global-critical-minerals-outlook-2025) | NASA. 2025. Environmental Control and Life Support Systems (ECLSS). (https://www.nasa.gov/reference/environmental-control-and-life-support-systems-eclss/) | European Space Agency. Life support and MELiSSA regenerative loop program. (https://www.esa.int/Science_Exploration/Human_and_Robotic_Exploration/Research/Life_support)",Tier 1 preferred; Tier 2 supplemental,Low-Medium,"Sources support adjacent mechanisms, components, or analogues, not the full system.","Frame as speculative analogue evidence. Keep Space elevators wording qualified around economics, timelines, and performance unless claim-level evidence is added."
Technology / simplified PFD,Space elevators is represented with the simplified PFD sequence: Cable material production → Deployment → Climber operation → Orbital transfer → Maintenance.,process-flow assumption,Space elevators,Lithium; Electrolytes; Graphite; Electrolytes,Electrolysis; Compression; Heat exchange,energy penalty; infrastructure gap; reliability gap; maintenance burden,Required cable performance is beyond current manufacturable materials.,Process-route sources showing actual major unit operations or system blocks,Partially supported / needs cautious wording,"Popescu, D. M., and S. A. Edwards. 2018. Building the space elevator: lessons from biological design. Journal of the Royal Society Interface. (https://royalsocietypublishing.org/doi/10.1098/rsif.2018.0086) | NASA. 2023. In-Situ Resource Utilization overview. (https://www.nasa.gov/overview-in-situ-resource-utilization/) | U.S. Geological Survey. 2025. Mineral Commodity Summaries 2025. (https://pubs.usgs.gov/publication/mcs2025) | International Energy Agency. 2025. Global Critical Minerals Outlook 2025. (https://www.iea.org/reports/global-critical-minerals-outlook-2025) | NASA. 2025. Environmental Control and Life Support Systems (ECLSS). (https://www.nasa.gov/reference/environmental-control-and-life-support-systems-eclss/) | European Space Agency. Life support and MELiSSA regenerative loop program. (https://www.esa.int/Science_Exploration/Human_and_Robotic_Exploration/Research/Life_support)",Tier 1 preferred; Tier 2 supplemental,Low-Medium,Mini-PFDs are simplified; exact process routes can vary by architecture/vendor/design.,Treat the mini-PFD as a teaching abstraction unless a source directly supports the sequence.
Technology / readiness gap,Space elevators readiness gap: Required cable performance is beyond current manufacturable materials.,readiness/economics claim,Space elevators,Lithium; Electrolytes; Graphite; Electrolytes,Electrolysis; Compression; Heat exchange,energy penalty; infrastructure gap; reliability gap; maintenance burden,Required cable performance is beyond current manufacturable materials.,TRL/MRL/IRL plus domain-specific demonstration/commercialization sources,Partially supported / needs cautious wording,"Popescu, D. M., and S. A. Edwards. 2018. Building the space elevator: lessons from biological design. Journal of the Royal Society Interface. (https://royalsocietypublishing.org/doi/10.1098/rsif.2018.0086) | NASA. 2023. In-Situ Resource Utilization overview. (https://www.nasa.gov/overview-in-situ-resource-utilization/) | U.S. Geological Survey. 2025. Mineral Commodity Summaries 2025. (https://pubs.usgs.gov/publication/mcs2025) | International Energy Agency. 2025. Global Critical Minerals Outlook 2025. (https://www.iea.org/reports/global-critical-minerals-outlook-2025) | NASA. 2025. Environmental Control and Life Support Systems (ECLSS). (https://www.nasa.gov/reference/environmental-control-and-life-support-systems-eclss/) | European Space Agency. Life support and MELiSSA regenerative loop program. (https://www.esa.int/Science_Exploration/Human_and_Robotic_Exploration/Research/Life_support)",Tier 1 preferred; Tier 2 supplemental,Low-Medium,"Sources support adjacent mechanisms, components, or analogues, not the full system.","Qualify readiness gaps with the specific maturity dimension: technical, manufacturing, integration, infrastructure, safety, or economics."
Technology / scale trigger,Space elevators scale trigger: Materials must achieve enormous specific strength at practical length and reliability.,readiness/economics claim + engineering inference,Space elevators,Lithium; Electrolytes; Graphite; Electrolytes,Electrolysis; Compression; Heat exchange,energy penalty; infrastructure gap; reliability gap; maintenance burden,Materials must achieve enormous specific strength at practical length and reliability.,"Techno-economic analysis, pilot data, manufacturing learning, reliability, regulatory/permitting evidence",Partially supported / needs cautious wording,"Popescu, D. M., and S. A. Edwards. 2018. Building the space elevator: lessons from biological design. Journal of the Royal Society Interface. (https://royalsocietypublishing.org/doi/10.1098/rsif.2018.0086) | NASA. 2023. In-Situ Resource Utilization overview. (https://www.nasa.gov/overview-in-situ-resource-utilization/) | U.S. Geological Survey. 2025. Mineral Commodity Summaries 2025. (https://pubs.usgs.gov/publication/mcs2025) | International Energy Agency. 2025. Global Critical Minerals Outlook 2025. (https://www.iea.org/reports/global-critical-minerals-outlook-2025) | NASA. 2025. Environmental Control and Life Support Systems (ECLSS). (https://www.nasa.gov/reference/environmental-control-and-life-support-systems-eclss/) | European Space Agency. Life support and MELiSSA regenerative loop program. (https://www.esa.int/Science_Exploration/Human_and_Robotic_Exploration/Research/Life_support)",Tier 1 preferred; Tier 2 supplemental,Low-Medium,"Scale-trigger language is often inferential and should be verified with TEA, deployment data, or agency roadmap sources.",Phrase scale triggers as hypotheses unless a direct source supports the causal threshold.
Technology / realistic pathway,"Terraforming concepts: Currently speculative; would require planetary-scale atmospheric engineering, energy input, volatile management, biology, and thousands of years.",process-flow assumption + engineering inference,Terraforming concepts,Water; Biomass-derived feedstocks,Electrolysis; Compression; Heat exchange,energy penalty; heat management; infrastructure gap; supply-chain constraint,"This is planetary engineering speculation, not near-term infrastructure.","Direct sources for process route, materials, bottlenecks, readiness, economics, and safety/regulatory issues",Partially supported / needs cautious wording,"NASA. 2025. Environmental Control and Life Support Systems (ECLSS). (https://www.nasa.gov/reference/environmental-control-and-life-support-systems-eclss/) | National Research Council. 1997. Advanced Technology for Human Support in Space. (https://www.nationalacademies.org/read/5826/chapter/4) | NASA. 2023. In-Situ Resource Utilization overview. (https://www.nasa.gov/overview-in-situ-resource-utilization/) | National Academies of Sciences, Engineering, and Medicine. 2019. Negative Emissions Technologies and Reliable Sequestration: Direct Air Capture chapter. (https://www.nationalacademies.org/read/25259/chapter/7) | European Space Agency. Life support and MELiSSA regenerative loop program. (https://www.esa.int/Science_Exploration/Human_and_Robotic_Exploration/Research/Life_support) | NASA Office of Technology, Policy, and Strategy. 2024. Space-Based Solar Power. (https://www.nasa.gov/wp-content/uploads/2024/01/otps-sbsp-report-final-tagged-approved-1-8-24-tagged-v2.pdf)",Tier 1 preferred; Tier 2 supplemental,Low-Medium,"Sources support adjacent mechanisms, components, or analogues, not the full system.","Frame as speculative analogue evidence. Keep Terraforming concepts wording qualified around economics, timelines, and performance unless claim-level evidence is added."
Technology / simplified PFD,Terraforming concepts is represented with the simplified PFD sequence: Resource assessment → Atmospheric modification → Thermal control → Water cycling → Biosphere introduction.,process-flow assumption,Terraforming concepts,Water; Biomass-derived feedstocks,Electrolysis; Compression; Heat exchange,energy penalty; heat management; infrastructure gap; supply-chain constraint,"This is planetary engineering speculation, not near-term infrastructure.",Process-route sources showing actual major unit operations or system blocks,Partially supported / needs cautious wording,"NASA. 2025. Environmental Control and Life Support Systems (ECLSS). (https://www.nasa.gov/reference/environmental-control-and-life-support-systems-eclss/) | National Research Council. 1997. Advanced Technology for Human Support in Space. (https://www.nationalacademies.org/read/5826/chapter/4) | NASA. 2023. In-Situ Resource Utilization overview. (https://www.nasa.gov/overview-in-situ-resource-utilization/) | National Academies of Sciences, Engineering, and Medicine. 2019. Negative Emissions Technologies and Reliable Sequestration: Direct Air Capture chapter. (https://www.nationalacademies.org/read/25259/chapter/7) | European Space Agency. Life support and MELiSSA regenerative loop program. (https://www.esa.int/Science_Exploration/Human_and_Robotic_Exploration/Research/Life_support) | NASA Office of Technology, Policy, and Strategy. 2024. Space-Based Solar Power. (https://www.nasa.gov/wp-content/uploads/2024/01/otps-sbsp-report-final-tagged-approved-1-8-24-tagged-v2.pdf)",Tier 1 preferred; Tier 2 supplemental,Low-Medium,Mini-PFDs are simplified; exact process routes can vary by architecture/vendor/design.,Treat the mini-PFD as a teaching abstraction unless a source directly supports the sequence.
Technology / readiness gap,"Terraforming concepts readiness gap: This is planetary engineering speculation, not near-term infrastructure.",readiness/economics claim,Terraforming concepts,Water; Biomass-derived feedstocks,Electrolysis; Compression; Heat exchange,energy penalty; heat management; infrastructure gap; supply-chain constraint,"This is planetary engineering speculation, not near-term infrastructure.",TRL/MRL/IRL plus domain-specific demonstration/commercialization sources,Partially supported / needs cautious wording,"NASA. 2025. Environmental Control and Life Support Systems (ECLSS). (https://www.nasa.gov/reference/environmental-control-and-life-support-systems-eclss/) | National Research Council. 1997. Advanced Technology for Human Support in Space. (https://www.nationalacademies.org/read/5826/chapter/4) | NASA. 2023. In-Situ Resource Utilization overview. (https://www.nasa.gov/overview-in-situ-resource-utilization/) | National Academies of Sciences, Engineering, and Medicine. 2019. Negative Emissions Technologies and Reliable Sequestration: Direct Air Capture chapter. (https://www.nationalacademies.org/read/25259/chapter/7) | European Space Agency. Life support and MELiSSA regenerative loop program. (https://www.esa.int/Science_Exploration/Human_and_Robotic_Exploration/Research/Life_support) | NASA Office of Technology, Policy, and Strategy. 2024. Space-Based Solar Power. (https://www.nasa.gov/wp-content/uploads/2024/01/otps-sbsp-report-final-tagged-approved-1-8-24-tagged-v2.pdf)",Tier 1 preferred; Tier 2 supplemental,Low-Medium,"Sources support adjacent mechanisms, components, or analogues, not the full system.","Qualify readiness gaps with the specific maturity dimension: technical, manufacturing, integration, infrastructure, safety, or economics."
Technology / scale trigger,"Terraforming concepts scale trigger: Societies would need energy, ethics, and time horizons far beyond current projects.",readiness/economics claim + engineering inference,Terraforming concepts,Water; Biomass-derived feedstocks,Electrolysis; Compression; Heat exchange,energy penalty; heat management; infrastructure gap; supply-chain constraint,"Societies would need energy, ethics, and time horizons far beyond current projects.","Techno-economic analysis, pilot data, manufacturing learning, reliability, regulatory/permitting evidence",Partially supported / needs cautious wording,"NASA. 2025. Environmental Control and Life Support Systems (ECLSS). (https://www.nasa.gov/reference/environmental-control-and-life-support-systems-eclss/) | National Research Council. 1997. Advanced Technology for Human Support in Space. (https://www.nationalacademies.org/read/5826/chapter/4) | NASA. 2023. In-Situ Resource Utilization overview. (https://www.nasa.gov/overview-in-situ-resource-utilization/) | National Academies of Sciences, Engineering, and Medicine. 2019. Negative Emissions Technologies and Reliable Sequestration: Direct Air Capture chapter. (https://www.nationalacademies.org/read/25259/chapter/7) | European Space Agency. Life support and MELiSSA regenerative loop program. (https://www.esa.int/Science_Exploration/Human_and_Robotic_Exploration/Research/Life_support) | NASA Office of Technology, Policy, and Strategy. 2024. Space-Based Solar Power. (https://www.nasa.gov/wp-content/uploads/2024/01/otps-sbsp-report-final-tagged-approved-1-8-24-tagged-v2.pdf)",Tier 1 preferred; Tier 2 supplemental,Low-Medium,"Scale-trigger language is often inferential and should be verified with TEA, deployment data, or agency roadmap sources.",Phrase scale triggers as hypotheses unless a direct source supports the causal threshold.
Technology / realistic pathway,"Replicator-like food machines: Ingredient cartridges, 3D food printing, flavor chemistry, texture engineering, and heating/cooling modules.",process-flow assumption + engineering inference,Replicator-like food machines,Water; Cement/concrete chemistries; Cementitious materials; Mineral aggregates,Heat exchange; Coating; Drying,energy penalty; heat management; cost curve problem; data/control problem,"Food printers exist, but broad culinary replacement is not close.","Direct sources for process route, materials, bottlenecks, readiness, economics, and safety/regulatory issues",Partially supported / needs cautious wording,"Kassab, A., et al. 2023. Advancing Plastic Recycling: Challenges and Opportunities in Distributed Recycling by Additive Manufacturing. Polymers. (https://pmc.ncbi.nlm.nih.gov/articles/PMC10575100/) | Cruz Sanchez, F. A., et al. 2020. Plastic recycling in additive manufacturing: A systematic literature review and opportunities for the circular economy. Journal of Cleaner Production. (https://www.sciencedirect.com/science/article/pii/S0959652620316498) | FAO and WHO. 2023. Food Safety Aspects of Cell-Based Food. (https://www.fao.org/3/cc4855en/cc4855en.pdf) | Dohlman, E., C. Weber, and Y. Lee. 2024. Trends, Insights, and Future Prospects for Production in Controlled Environment Agriculture and Agrivoltaics. USDA ERS. (https://ers.usda.gov/sites/default/files/_laserfiche/publications/108221/EIB-264.pdf) | National Academies of Sciences, Engineering, and Medicine. 2024. Options for a National Plan for Smart Manufacturing. (https://www.nationalacademies.org/publications/27260) | National Institute of Standards and Technology. 2024. Smart Manufacturing. (https://www.nist.gov/smart-manufacturing)",Tier 1 preferred; Tier 2 supplemental,Low-Medium,"Sources support adjacent mechanisms, components, or analogues, not the full system.","Frame as speculative analogue evidence. Keep Replicator-like food machines wording qualified around economics, timelines, and performance unless claim-level evidence is added."
Technology / simplified PFD,Replicator-like food machines is represented with the simplified PFD sequence: Ingredient storage → Dosing/mixing → Structuring/printing → Cooking → Serving.,process-flow assumption,Replicator-like food machines,Water; Cement/concrete chemistries; Cementitious materials; Mineral aggregates,Heat exchange; Coating; Drying,energy penalty; heat management; cost curve problem; data/control problem,"Food printers exist, but broad culinary replacement is not close.",Process-route sources showing actual major unit operations or system blocks,Partially supported / needs cautious wording,"Kassab, A., et al. 2023. Advancing Plastic Recycling: Challenges and Opportunities in Distributed Recycling by Additive Manufacturing. Polymers. (https://pmc.ncbi.nlm.nih.gov/articles/PMC10575100/) | Cruz Sanchez, F. A., et al. 2020. Plastic recycling in additive manufacturing: A systematic literature review and opportunities for the circular economy. Journal of Cleaner Production. (https://www.sciencedirect.com/science/article/pii/S0959652620316498) | FAO and WHO. 2023. Food Safety Aspects of Cell-Based Food. (https://www.fao.org/3/cc4855en/cc4855en.pdf) | Dohlman, E., C. Weber, and Y. Lee. 2024. Trends, Insights, and Future Prospects for Production in Controlled Environment Agriculture and Agrivoltaics. USDA ERS. (https://ers.usda.gov/sites/default/files/_laserfiche/publications/108221/EIB-264.pdf) | National Academies of Sciences, Engineering, and Medicine. 2024. Options for a National Plan for Smart Manufacturing. (https://www.nationalacademies.org/publications/27260) | National Institute of Standards and Technology. 2024. Smart Manufacturing. (https://www.nist.gov/smart-manufacturing)",Tier 1 preferred; Tier 2 supplemental,Low-Medium,Mini-PFDs are simplified; exact process routes can vary by architecture/vendor/design.,Treat the mini-PFD as a teaching abstraction unless a source directly supports the sequence.
Technology / readiness gap,"Replicator-like food machines readiness gap: Food printers exist, but broad culinary replacement is not close.",readiness/economics claim,Replicator-like food machines,Water; Cement/concrete chemistries; Cementitious materials; Mineral aggregates,Heat exchange; Coating; Drying,energy penalty; heat management; cost curve problem; data/control problem,"Food printers exist, but broad culinary replacement is not close.",TRL/MRL/IRL plus domain-specific demonstration/commercialization sources,Partially supported / needs cautious wording,"Kassab, A., et al. 2023. Advancing Plastic Recycling: Challenges and Opportunities in Distributed Recycling by Additive Manufacturing. Polymers. (https://pmc.ncbi.nlm.nih.gov/articles/PMC10575100/) | Cruz Sanchez, F. A., et al. 2020. Plastic recycling in additive manufacturing: A systematic literature review and opportunities for the circular economy. Journal of Cleaner Production. (https://www.sciencedirect.com/science/article/pii/S0959652620316498) | FAO and WHO. 2023. Food Safety Aspects of Cell-Based Food. (https://www.fao.org/3/cc4855en/cc4855en.pdf) | Dohlman, E., C. Weber, and Y. Lee. 2024. Trends, Insights, and Future Prospects for Production in Controlled Environment Agriculture and Agrivoltaics. USDA ERS. (https://ers.usda.gov/sites/default/files/_laserfiche/publications/108221/EIB-264.pdf) | National Academies of Sciences, Engineering, and Medicine. 2024. Options for a National Plan for Smart Manufacturing. (https://www.nationalacademies.org/publications/27260) | National Institute of Standards and Technology. 2024. Smart Manufacturing. (https://www.nist.gov/smart-manufacturing)",Tier 1 preferred; Tier 2 supplemental,Low-Medium,"Sources support adjacent mechanisms, components, or analogues, not the full system.","Qualify readiness gaps with the specific maturity dimension: technical, manufacturing, integration, infrastructure, safety, or economics."
Technology / scale trigger,Replicator-like food machines scale trigger: Cartridge logistics and texture control must beat conventional cooking convenience.,readiness/economics claim + engineering inference,Replicator-like food machines,Water; Cement/concrete chemistries; Cementitious materials; Mineral aggregates,Heat exchange; Coating; Drying,energy penalty; heat management; cost curve problem; data/control problem,Cartridge logistics and texture control must beat conventional cooking convenience.,"Techno-economic analysis, pilot data, manufacturing learning, reliability, regulatory/permitting evidence",Partially supported / needs cautious wording,"Kassab, A., et al. 2023. Advancing Plastic Recycling: Challenges and Opportunities in Distributed Recycling by Additive Manufacturing. Polymers. (https://pmc.ncbi.nlm.nih.gov/articles/PMC10575100/) | Cruz Sanchez, F. A., et al. 2020. Plastic recycling in additive manufacturing: A systematic literature review and opportunities for the circular economy. Journal of Cleaner Production. (https://www.sciencedirect.com/science/article/pii/S0959652620316498) | FAO and WHO. 2023. Food Safety Aspects of Cell-Based Food. (https://www.fao.org/3/cc4855en/cc4855en.pdf) | Dohlman, E., C. Weber, and Y. Lee. 2024. Trends, Insights, and Future Prospects for Production in Controlled Environment Agriculture and Agrivoltaics. USDA ERS. (https://ers.usda.gov/sites/default/files/_laserfiche/publications/108221/EIB-264.pdf) | National Academies of Sciences, Engineering, and Medicine. 2024. Options for a National Plan for Smart Manufacturing. (https://www.nationalacademies.org/publications/27260) | National Institute of Standards and Technology. 2024. Smart Manufacturing. (https://www.nist.gov/smart-manufacturing)",Tier 1 preferred; Tier 2 supplemental,Low-Medium,"Scale-trigger language is often inferential and should be verified with TEA, deployment data, or agency roadmap sources.",Phrase scale triggers as hypotheses unless a direct source supports the causal threshold.
Technology / realistic pathway,"Household recycling machines: Sorting, shredding, washing, polymer identification, extrusion, and safety systems.",process-flow assumption + engineering inference,Household recycling machines,Water; Polymers; Polymers,Extrusion; Coating; Drying,energy penalty; fouling; safety risk; lifecycle/recycling issue,"Small recyclers exist, but household waste streams are too messy for reliable products.","Direct sources for process route, materials, bottlenecks, readiness, economics, and safety/regulatory issues",Supported as starter-sourced framing,"Kassab, A., et al. 2023. Advancing Plastic Recycling: Challenges and Opportunities in Distributed Recycling by Additive Manufacturing. Polymers. (https://pmc.ncbi.nlm.nih.gov/articles/PMC10575100/) | Cruz Sanchez, F. A., et al. 2020. Plastic recycling in additive manufacturing: A systematic literature review and opportunities for the circular economy. Journal of Cleaner Production. (https://www.sciencedirect.com/science/article/pii/S0959652620316498) | U.S. Environmental Protection Agency. Sustainable Materials Management. (https://www.epa.gov/smm) | National Academies of Sciences, Engineering, and Medicine. 2024. Options for a National Plan for Smart Manufacturing. (https://www.nationalacademies.org/publications/27260) | National Institute of Standards and Technology. 2024. Smart Manufacturing. (https://www.nist.gov/smart-manufacturing) | Helu, M. M., et al. 2020. Connecting, Deploying, and Using the Smart Manufacturing Systems Test Bed. NIST. (https://www.nist.gov/publications/connecting-deploying-and-using-smart-manufacturing-systems-test-bed)",Tier 1 preferred; Tier 2 supplemental,Medium,"Source set supports the process framing, but individual claims require direct verification.","Verify numbers, economics, timelines, and performance separately. Keep Household recycling machines wording qualified around economics, timelines, and performance unless claim-level evidence is added."
Technology / simplified PFD,Household recycling machines is represented with the simplified PFD sequence: Waste input → Sorting → Cleaning → Shredding → Pellet/filament output.,process-flow assumption,Household recycling machines,Water; Polymers; Polymers,Extrusion; Coating; Drying,energy penalty; fouling; safety risk; lifecycle/recycling issue,"Small recyclers exist, but household waste streams are too messy for reliable products.",Process-route sources showing actual major unit operations or system blocks,Supported as starter-sourced framing,"Kassab, A., et al. 2023. Advancing Plastic Recycling: Challenges and Opportunities in Distributed Recycling by Additive Manufacturing. Polymers. (https://pmc.ncbi.nlm.nih.gov/articles/PMC10575100/) | Cruz Sanchez, F. A., et al. 2020. Plastic recycling in additive manufacturing: A systematic literature review and opportunities for the circular economy. Journal of Cleaner Production. (https://www.sciencedirect.com/science/article/pii/S0959652620316498) | U.S. Environmental Protection Agency. Sustainable Materials Management. (https://www.epa.gov/smm) | National Academies of Sciences, Engineering, and Medicine. 2024. Options for a National Plan for Smart Manufacturing. (https://www.nationalacademies.org/publications/27260) | National Institute of Standards and Technology. 2024. Smart Manufacturing. (https://www.nist.gov/smart-manufacturing) | Helu, M. M., et al. 2020. Connecting, Deploying, and Using the Smart Manufacturing Systems Test Bed. NIST. (https://www.nist.gov/publications/connecting-deploying-and-using-smart-manufacturing-systems-test-bed)",Tier 1 preferred; Tier 2 supplemental,Medium,Mini-PFDs are simplified; exact process routes can vary by architecture/vendor/design.,Treat the mini-PFD as a teaching abstraction unless a source directly supports the sequence.
Technology / readiness gap,"Household recycling machines readiness gap: Small recyclers exist, but household waste streams are too messy for reliable products.",readiness/economics claim,Household recycling machines,Water; Polymers; Polymers,Extrusion; Coating; Drying,energy penalty; fouling; safety risk; lifecycle/recycling issue,"Small recyclers exist, but household waste streams are too messy for reliable products.",TRL/MRL/IRL plus domain-specific demonstration/commercialization sources,Supported as starter-sourced framing,"Kassab, A., et al. 2023. Advancing Plastic Recycling: Challenges and Opportunities in Distributed Recycling by Additive Manufacturing. Polymers. (https://pmc.ncbi.nlm.nih.gov/articles/PMC10575100/) | Cruz Sanchez, F. A., et al. 2020. Plastic recycling in additive manufacturing: A systematic literature review and opportunities for the circular economy. Journal of Cleaner Production. (https://www.sciencedirect.com/science/article/pii/S0959652620316498) | U.S. Environmental Protection Agency. Sustainable Materials Management. (https://www.epa.gov/smm) | National Academies of Sciences, Engineering, and Medicine. 2024. Options for a National Plan for Smart Manufacturing. (https://www.nationalacademies.org/publications/27260) | National Institute of Standards and Technology. 2024. Smart Manufacturing. (https://www.nist.gov/smart-manufacturing) | Helu, M. M., et al. 2020. Connecting, Deploying, and Using the Smart Manufacturing Systems Test Bed. NIST. (https://www.nist.gov/publications/connecting-deploying-and-using-smart-manufacturing-systems-test-bed)",Tier 1 preferred; Tier 2 supplemental,Medium,"Source set supports the process framing, but individual claims require direct verification.","Qualify readiness gaps with the specific maturity dimension: technical, manufacturing, integration, infrastructure, safety, or economics."
Technology / scale trigger,Household recycling machines scale trigger: Input sorting must become simple enough for non-experts.,readiness/economics claim + engineering inference,Household recycling machines,Water; Polymers; Polymers,Extrusion; Coating; Drying,energy penalty; fouling; safety risk; lifecycle/recycling issue,Input sorting must become simple enough for non-experts.,"Techno-economic analysis, pilot data, manufacturing learning, reliability, regulatory/permitting evidence",Needs claim-level verification,"Kassab, A., et al. 2023. Advancing Plastic Recycling: Challenges and Opportunities in Distributed Recycling by Additive Manufacturing. Polymers. (https://pmc.ncbi.nlm.nih.gov/articles/PMC10575100/) | Cruz Sanchez, F. A., et al. 2020. Plastic recycling in additive manufacturing: A systematic literature review and opportunities for the circular economy. Journal of Cleaner Production. (https://www.sciencedirect.com/science/article/pii/S0959652620316498) | U.S. Environmental Protection Agency. Sustainable Materials Management. (https://www.epa.gov/smm) | National Academies of Sciences, Engineering, and Medicine. 2024. Options for a National Plan for Smart Manufacturing. (https://www.nationalacademies.org/publications/27260) | National Institute of Standards and Technology. 2024. Smart Manufacturing. (https://www.nist.gov/smart-manufacturing) | Helu, M. M., et al. 2020. Connecting, Deploying, and Using the Smart Manufacturing Systems Test Bed. NIST. (https://www.nist.gov/publications/connecting-deploying-and-using-smart-manufacturing-systems-test-bed)",Tier 1 preferred; Tier 2 supplemental,Low-Medium,"Scale-trigger language is often inferential and should be verified with TEA, deployment data, or agency roadmap sources.",Phrase scale triggers as hypotheses unless a direct source supports the causal threshold.
Technology / realistic pathway,"Smart mirrors / health rooms: Optical sensors, biosensors, AI interpretation, and privacy-preserving data systems.",process-flow assumption + engineering inference,Smart mirrors / health rooms,Biomass-derived feedstocks; Water; Catalysts; Catalysts,Fermentation; Filtration; Sterilization,regulatory barrier; data/control problem; scale-up uncertainty,"Consumer sensors are common, but clinical-grade home interpretation is limited.","Direct sources for process route, materials, bottlenecks, readiness, economics, and safety/regulatory issues",Supported as starter-sourced framing,"Miotto, R., et al. 2018. Reflecting health: smart mirrors for personalized medicine. npj Digital Medicine. (https://www.nature.com/articles/s41746-018-0068-7) | Fatima, H., et al. 2024. Internet-of-Mirrors for connected healthcare and beauty. Internet of Things and Cyber-Physical Systems. (https://www.sciencedirect.com/science/article/pii/S2542660524003561) | U.S. Food and Drug Administration. 2025. Advanced Manufacturing Technologies Designation Program Guidance. (https://www.fda.gov/regulatory-information/search-fda-guidance-documents/advanced-manufacturing-technologies-designation-program) | U.S. Food and Drug Administration. 2021. Implanted Brain-Computer Interface Devices for Patients with Paralysis or Amputation: Non-clinical Testing and Clinical Considerations. (https://www.fda.gov/media/120362/download) | Thomas, D. 2023. The U.S. Biomanufacturing Economy: Value Added, Supply Chains, Cost, Sustainability, and Efficiency. NIST AMS 100-52. (https://www.nist.gov/publications/us-biomanufacturing-economy-value-added-supply-chains-cost-sustainability-and) | National Academies of Sciences, Engineering, and Medicine. 2023. Successes and Challenges in Biomanufacturing. (https://www.nationalacademies.org/units/DELS-BLS-23-06/publication/26846)",Tier 1 preferred; Tier 2 supplemental,Medium,"Source set supports the process framing, but individual claims require direct verification.","Verify numbers, economics, timelines, and performance separately. Keep Smart mirrors / health rooms wording qualified around economics, timelines, and performance unless claim-level evidence is added."
Technology / simplified PFD,Smart mirrors / health rooms is represented with the simplified PFD sequence: User scan/sample → Sensor readout → AI analysis → Health feedback → Clinical escalation.,process-flow assumption,Smart mirrors / health rooms,Biomass-derived feedstocks; Water; Catalysts; Catalysts,Fermentation; Filtration; Sterilization,regulatory barrier; data/control problem; scale-up uncertainty,"Consumer sensors are common, but clinical-grade home interpretation is limited.",Process-route sources showing actual major unit operations or system blocks,Supported as starter-sourced framing,"Miotto, R., et al. 2018. Reflecting health: smart mirrors for personalized medicine. npj Digital Medicine. (https://www.nature.com/articles/s41746-018-0068-7) | Fatima, H., et al. 2024. Internet-of-Mirrors for connected healthcare and beauty. Internet of Things and Cyber-Physical Systems. (https://www.sciencedirect.com/science/article/pii/S2542660524003561) | U.S. Food and Drug Administration. 2025. Advanced Manufacturing Technologies Designation Program Guidance. (https://www.fda.gov/regulatory-information/search-fda-guidance-documents/advanced-manufacturing-technologies-designation-program) | U.S. Food and Drug Administration. 2021. Implanted Brain-Computer Interface Devices for Patients with Paralysis or Amputation: Non-clinical Testing and Clinical Considerations. (https://www.fda.gov/media/120362/download) | Thomas, D. 2023. The U.S. Biomanufacturing Economy: Value Added, Supply Chains, Cost, Sustainability, and Efficiency. NIST AMS 100-52. (https://www.nist.gov/publications/us-biomanufacturing-economy-value-added-supply-chains-cost-sustainability-and) | National Academies of Sciences, Engineering, and Medicine. 2023. Successes and Challenges in Biomanufacturing. (https://www.nationalacademies.org/units/DELS-BLS-23-06/publication/26846)",Tier 1 preferred; Tier 2 supplemental,Medium,Mini-PFDs are simplified; exact process routes can vary by architecture/vendor/design.,Treat the mini-PFD as a teaching abstraction unless a source directly supports the sequence.
Technology / readiness gap,"Smart mirrors / health rooms readiness gap: Consumer sensors are common, but clinical-grade home interpretation is limited.",readiness/economics claim,Smart mirrors / health rooms,Biomass-derived feedstocks; Water; Catalysts; Catalysts,Fermentation; Filtration; Sterilization,regulatory barrier; data/control problem; scale-up uncertainty,"Consumer sensors are common, but clinical-grade home interpretation is limited.",TRL/MRL/IRL plus domain-specific demonstration/commercialization sources,Supported as starter-sourced framing,"Miotto, R., et al. 2018. Reflecting health: smart mirrors for personalized medicine. npj Digital Medicine. (https://www.nature.com/articles/s41746-018-0068-7) | Fatima, H., et al. 2024. Internet-of-Mirrors for connected healthcare and beauty. Internet of Things and Cyber-Physical Systems. (https://www.sciencedirect.com/science/article/pii/S2542660524003561) | U.S. Food and Drug Administration. 2025. Advanced Manufacturing Technologies Designation Program Guidance. (https://www.fda.gov/regulatory-information/search-fda-guidance-documents/advanced-manufacturing-technologies-designation-program) | U.S. Food and Drug Administration. 2021. Implanted Brain-Computer Interface Devices for Patients with Paralysis or Amputation: Non-clinical Testing and Clinical Considerations. (https://www.fda.gov/media/120362/download) | Thomas, D. 2023. The U.S. Biomanufacturing Economy: Value Added, Supply Chains, Cost, Sustainability, and Efficiency. NIST AMS 100-52. (https://www.nist.gov/publications/us-biomanufacturing-economy-value-added-supply-chains-cost-sustainability-and) | National Academies of Sciences, Engineering, and Medicine. 2023. Successes and Challenges in Biomanufacturing. (https://www.nationalacademies.org/units/DELS-BLS-23-06/publication/26846)",Tier 1 preferred; Tier 2 supplemental,Medium,"Source set supports the process framing, but individual claims require direct verification.","Qualify readiness gaps with the specific maturity dimension: technical, manufacturing, integration, infrastructure, safety, or economics."
Technology / scale trigger,Smart mirrors / health rooms scale trigger: Measurements must be accurate enough to help without overdiagnosis.,readiness/economics claim + engineering inference,Smart mirrors / health rooms,Biomass-derived feedstocks; Water; Catalysts; Catalysts,Fermentation; Filtration; Sterilization,regulatory barrier; data/control problem; scale-up uncertainty,Measurements must be accurate enough to help without overdiagnosis.,"Techno-economic analysis, pilot data, manufacturing learning, reliability, regulatory/permitting evidence",Needs claim-level verification,"Miotto, R., et al. 2018. Reflecting health: smart mirrors for personalized medicine. npj Digital Medicine. (https://www.nature.com/articles/s41746-018-0068-7) | Fatima, H., et al. 2024. Internet-of-Mirrors for connected healthcare and beauty. Internet of Things and Cyber-Physical Systems. (https://www.sciencedirect.com/science/article/pii/S2542660524003561) | U.S. Food and Drug Administration. 2025. Advanced Manufacturing Technologies Designation Program Guidance. (https://www.fda.gov/regulatory-information/search-fda-guidance-documents/advanced-manufacturing-technologies-designation-program) | U.S. Food and Drug Administration. 2021. Implanted Brain-Computer Interface Devices for Patients with Paralysis or Amputation: Non-clinical Testing and Clinical Considerations. (https://www.fda.gov/media/120362/download) | Thomas, D. 2023. The U.S. Biomanufacturing Economy: Value Added, Supply Chains, Cost, Sustainability, and Efficiency. NIST AMS 100-52. (https://www.nist.gov/publications/us-biomanufacturing-economy-value-added-supply-chains-cost-sustainability-and) | National Academies of Sciences, Engineering, and Medicine. 2023. Successes and Challenges in Biomanufacturing. (https://www.nationalacademies.org/units/DELS-BLS-23-06/publication/26846)",Tier 1 preferred; Tier 2 supplemental,Low-Medium,"Scale-trigger language is often inferential and should be verified with TEA, deployment data, or agency roadmap sources.",Phrase scale triggers as hypotheses unless a direct source supports the causal threshold.
Technology / realistic pathway,"Personal air filtration bubbles: Wearable filtration, airflow control, low-noise fans, sensors, and battery systems.",process-flow assumption + engineering inference,Personal air filtration bubbles,Lithium; Electrolytes; Graphite; Membranes; Electrodes; Electrolytes; Smart textiles; Flexible electronics; Membranes,Filtration; Fermentation; Sterilization,energy penalty; data/control problem; scale-up uncertainty,"Wearable filtration is possible, but invisible protective bubbles are airflow-hard.","Direct sources for process route, materials, bottlenecks, readiness, economics, and safety/regulatory issues",Supported as starter-sourced framing,"Bergmann, K. C., et al. 2024. Individual wearable air purifier protects against pollen, house dust mite, and cat allergens. Allergy, Asthma & Clinical Immunology. (https://pmc.ncbi.nlm.nih.gov/articles/PMC10975740/) | Consumer Reports. 2025. Air Purifier Buying Guide. (https://www.consumerreports.org/appliances/air-purifiers/buying-guide/) | U.S. Environmental Protection Agency. 2024. Interim Guidance on the Destruction and Disposal of PFAS and Materials Containing PFAS. (https://www.epa.gov/system/files/documents/2024-04/2024-interim-guidance-on-pfas-destruction-and-disposal.pdf) | National Research Council. 2012. Water Reuse: Potential for Expanding the Nation's Water Supply Through Reuse of Municipal Wastewater. (https://www.nationalacademies.org/read/13303) | Thomas, D. 2023. The U.S. Biomanufacturing Economy: Value Added, Supply Chains, Cost, Sustainability, and Efficiency. NIST AMS 100-52. (https://www.nist.gov/publications/us-biomanufacturing-economy-value-added-supply-chains-cost-sustainability-and) | National Academies of Sciences, Engineering, and Medicine. 2023. Successes and Challenges in Biomanufacturing. (https://www.nationalacademies.org/units/DELS-BLS-23-06/publication/26846)",Tier 1 preferred; Tier 2 supplemental,Medium,"Source set supports the process framing, but individual claims require direct verification.","Verify numbers, economics, timelines, and performance separately. Keep Personal air filtration bubbles wording qualified around economics, timelines, and performance unless claim-level evidence is added."
Technology / simplified PFD,Personal air filtration bubbles is represented with the simplified PFD sequence: Ambient air → Filtration → Directed flow → Breathing zone → Sensor feedback.,process-flow assumption,Personal air filtration bubbles,Lithium; Electrolytes; Graphite; Membranes; Electrodes; Electrolytes; Smart textiles; Flexible electronics; Membranes,Filtration; Fermentation; Sterilization,energy penalty; data/control problem; scale-up uncertainty,"Wearable filtration is possible, but invisible protective bubbles are airflow-hard.",Process-route sources showing actual major unit operations or system blocks,Supported as starter-sourced framing,"Bergmann, K. C., et al. 2024. Individual wearable air purifier protects against pollen, house dust mite, and cat allergens. Allergy, Asthma & Clinical Immunology. (https://pmc.ncbi.nlm.nih.gov/articles/PMC10975740/) | Consumer Reports. 2025. Air Purifier Buying Guide. (https://www.consumerreports.org/appliances/air-purifiers/buying-guide/) | U.S. Environmental Protection Agency. 2024. Interim Guidance on the Destruction and Disposal of PFAS and Materials Containing PFAS. (https://www.epa.gov/system/files/documents/2024-04/2024-interim-guidance-on-pfas-destruction-and-disposal.pdf) | National Research Council. 2012. Water Reuse: Potential for Expanding the Nation's Water Supply Through Reuse of Municipal Wastewater. (https://www.nationalacademies.org/read/13303) | Thomas, D. 2023. The U.S. Biomanufacturing Economy: Value Added, Supply Chains, Cost, Sustainability, and Efficiency. NIST AMS 100-52. (https://www.nist.gov/publications/us-biomanufacturing-economy-value-added-supply-chains-cost-sustainability-and) | National Academies of Sciences, Engineering, and Medicine. 2023. Successes and Challenges in Biomanufacturing. (https://www.nationalacademies.org/units/DELS-BLS-23-06/publication/26846)",Tier 1 preferred; Tier 2 supplemental,Medium,Mini-PFDs are simplified; exact process routes can vary by architecture/vendor/design.,Treat the mini-PFD as a teaching abstraction unless a source directly supports the sequence.
Technology / readiness gap,"Personal air filtration bubbles readiness gap: Wearable filtration is possible, but invisible protective bubbles are airflow-hard.",readiness/economics claim,Personal air filtration bubbles,Lithium; Electrolytes; Graphite; Membranes; Electrodes; Electrolytes; Smart textiles; Flexible electronics; Membranes,Filtration; Fermentation; Sterilization,energy penalty; data/control problem; scale-up uncertainty,"Wearable filtration is possible, but invisible protective bubbles are airflow-hard.",TRL/MRL/IRL plus domain-specific demonstration/commercialization sources,Supported as starter-sourced framing,"Bergmann, K. C., et al. 2024. Individual wearable air purifier protects against pollen, house dust mite, and cat allergens. Allergy, Asthma & Clinical Immunology. (https://pmc.ncbi.nlm.nih.gov/articles/PMC10975740/) | Consumer Reports. 2025. Air Purifier Buying Guide. (https://www.consumerreports.org/appliances/air-purifiers/buying-guide/) | U.S. Environmental Protection Agency. 2024. Interim Guidance on the Destruction and Disposal of PFAS and Materials Containing PFAS. (https://www.epa.gov/system/files/documents/2024-04/2024-interim-guidance-on-pfas-destruction-and-disposal.pdf) | National Research Council. 2012. Water Reuse: Potential for Expanding the Nation's Water Supply Through Reuse of Municipal Wastewater. (https://www.nationalacademies.org/read/13303) | Thomas, D. 2023. The U.S. Biomanufacturing Economy: Value Added, Supply Chains, Cost, Sustainability, and Efficiency. NIST AMS 100-52. (https://www.nist.gov/publications/us-biomanufacturing-economy-value-added-supply-chains-cost-sustainability-and) | National Academies of Sciences, Engineering, and Medicine. 2023. Successes and Challenges in Biomanufacturing. (https://www.nationalacademies.org/units/DELS-BLS-23-06/publication/26846)",Tier 1 preferred; Tier 2 supplemental,Medium,"Source set supports the process framing, but individual claims require direct verification.","Qualify readiness gaps with the specific maturity dimension: technical, manufacturing, integration, infrastructure, safety, or economics."
Technology / scale trigger,"Personal air filtration bubbles scale trigger: Airflow must protect users without noise, bulk, or high power.",readiness/economics claim + engineering inference,Personal air filtration bubbles,Lithium; Electrolytes; Graphite; Membranes; Electrodes; Electrolytes; Smart textiles; Flexible electronics; Membranes,Filtration; Fermentation; Sterilization,energy penalty; data/control problem; scale-up uncertainty,"Airflow must protect users without noise, bulk, or high power.","Techno-economic analysis, pilot data, manufacturing learning, reliability, regulatory/permitting evidence",Needs claim-level verification,"Bergmann, K. C., et al. 2024. Individual wearable air purifier protects against pollen, house dust mite, and cat allergens. Allergy, Asthma & Clinical Immunology. (https://pmc.ncbi.nlm.nih.gov/articles/PMC10975740/) | Consumer Reports. 2025. Air Purifier Buying Guide. (https://www.consumerreports.org/appliances/air-purifiers/buying-guide/) | U.S. Environmental Protection Agency. 2024. Interim Guidance on the Destruction and Disposal of PFAS and Materials Containing PFAS. (https://www.epa.gov/system/files/documents/2024-04/2024-interim-guidance-on-pfas-destruction-and-disposal.pdf) | National Research Council. 2012. Water Reuse: Potential for Expanding the Nation's Water Supply Through Reuse of Municipal Wastewater. (https://www.nationalacademies.org/read/13303) | Thomas, D. 2023. The U.S. Biomanufacturing Economy: Value Added, Supply Chains, Cost, Sustainability, and Efficiency. NIST AMS 100-52. (https://www.nist.gov/publications/us-biomanufacturing-economy-value-added-supply-chains-cost-sustainability-and) | National Academies of Sciences, Engineering, and Medicine. 2023. Successes and Challenges in Biomanufacturing. (https://www.nationalacademies.org/units/DELS-BLS-23-06/publication/26846)",Tier 1 preferred; Tier 2 supplemental,Low-Medium,"Scale-trigger language is often inferential and should be verified with TEA, deployment data, or agency roadmap sources.",Phrase scale triggers as hypotheses unless a direct source supports the causal threshold.
Technology / realistic pathway,"Home robots: Manipulation, perception, navigation, low-cost actuators, and safe human-robot interaction.",process-flow assumption + engineering inference,Home robots,Water; Catalysts; Catalysts,,reliability gap; maintenance burden; cost curve problem; data/control problem,Vacuuming is solved; general household manipulation is not.,"Direct sources for process route, materials, bottlenecks, readiness, economics, and safety/regulatory issues",Supported as starter-sourced framing,"A Review on Human–Robot Trust in Home Service Robots. 2025. ACM Computing Surveys. (https://dl.acm.org/doi/10.1145/3737893) | Responsible domestic robotics: exploring ethical implications of robots in the home. 2019. Journal of Information, Communication and Ethics in Society. (https://www.emerald.com/jices/article/17/2/246/214831/Responsible-domestic-robotics-exploring-ethical) | National Academies of Sciences, Engineering, and Medicine. 2024. Options for a National Plan for Smart Manufacturing. (https://www.nationalacademies.org/publications/27260) | National Institute of Standards and Technology. 2024. Digital Twins for Advanced Manufacturing. (https://www.nist.gov/programs-projects/digital-twins-advanced-manufacturing) | National Institute of Standards and Technology. 2024. Smart Manufacturing. (https://www.nist.gov/smart-manufacturing) | Helu, M. M., et al. 2020. Connecting, Deploying, and Using the Smart Manufacturing Systems Test Bed. NIST. (https://www.nist.gov/publications/connecting-deploying-and-using-smart-manufacturing-systems-test-bed)",Tier 1 preferred; Tier 2 supplemental,Medium,"Source set supports the process framing, but individual claims require direct verification.","Verify numbers, economics, timelines, and performance separately. Keep Home robots wording qualified around economics, timelines, and performance unless claim-level evidence is added."
Technology / simplified PFD,Home robots is represented with the simplified PFD sequence: Task recognition → Motion planning → Manipulation → Feedback → Task completion.,process-flow assumption,Home robots,Water; Catalysts; Catalysts,,reliability gap; maintenance burden; cost curve problem; data/control problem,Vacuuming is solved; general household manipulation is not.,Process-route sources showing actual major unit operations or system blocks,Supported as starter-sourced framing,"A Review on Human–Robot Trust in Home Service Robots. 2025. ACM Computing Surveys. (https://dl.acm.org/doi/10.1145/3737893) | Responsible domestic robotics: exploring ethical implications of robots in the home. 2019. Journal of Information, Communication and Ethics in Society. (https://www.emerald.com/jices/article/17/2/246/214831/Responsible-domestic-robotics-exploring-ethical) | National Academies of Sciences, Engineering, and Medicine. 2024. Options for a National Plan for Smart Manufacturing. (https://www.nationalacademies.org/publications/27260) | National Institute of Standards and Technology. 2024. Digital Twins for Advanced Manufacturing. (https://www.nist.gov/programs-projects/digital-twins-advanced-manufacturing) | National Institute of Standards and Technology. 2024. Smart Manufacturing. (https://www.nist.gov/smart-manufacturing) | Helu, M. M., et al. 2020. Connecting, Deploying, and Using the Smart Manufacturing Systems Test Bed. NIST. (https://www.nist.gov/publications/connecting-deploying-and-using-smart-manufacturing-systems-test-bed)",Tier 1 preferred; Tier 2 supplemental,Medium,Mini-PFDs are simplified; exact process routes can vary by architecture/vendor/design.,Treat the mini-PFD as a teaching abstraction unless a source directly supports the sequence.
Technology / readiness gap,Home robots readiness gap: Vacuuming is solved; general household manipulation is not.,readiness/economics claim,Home robots,Water; Catalysts; Catalysts,,reliability gap; maintenance burden; cost curve problem; data/control problem,Vacuuming is solved; general household manipulation is not.,TRL/MRL/IRL plus domain-specific demonstration/commercialization sources,Supported as starter-sourced framing,"A Review on Human–Robot Trust in Home Service Robots. 2025. ACM Computing Surveys. (https://dl.acm.org/doi/10.1145/3737893) | Responsible domestic robotics: exploring ethical implications of robots in the home. 2019. Journal of Information, Communication and Ethics in Society. (https://www.emerald.com/jices/article/17/2/246/214831/Responsible-domestic-robotics-exploring-ethical) | National Academies of Sciences, Engineering, and Medicine. 2024. Options for a National Plan for Smart Manufacturing. (https://www.nationalacademies.org/publications/27260) | National Institute of Standards and Technology. 2024. Digital Twins for Advanced Manufacturing. (https://www.nist.gov/programs-projects/digital-twins-advanced-manufacturing) | National Institute of Standards and Technology. 2024. Smart Manufacturing. (https://www.nist.gov/smart-manufacturing) | Helu, M. M., et al. 2020. Connecting, Deploying, and Using the Smart Manufacturing Systems Test Bed. NIST. (https://www.nist.gov/publications/connecting-deploying-and-using-smart-manufacturing-systems-test-bed)",Tier 1 preferred; Tier 2 supplemental,Medium,"Source set supports the process framing, but individual claims require direct verification.","Qualify readiness gaps with the specific maturity dimension: technical, manufacturing, integration, infrastructure, safety, or economics."
Technology / scale trigger,Home robots scale trigger: Robots must handle messy homes with low failure rates and safe behavior.,readiness/economics claim + engineering inference,Home robots,Water; Catalysts; Catalysts,,reliability gap; maintenance burden; cost curve problem; data/control problem,Robots must handle messy homes with low failure rates and safe behavior.,"Techno-economic analysis, pilot data, manufacturing learning, reliability, regulatory/permitting evidence",Needs claim-level verification,"A Review on Human–Robot Trust in Home Service Robots. 2025. ACM Computing Surveys. (https://dl.acm.org/doi/10.1145/3737893) | Responsible domestic robotics: exploring ethical implications of robots in the home. 2019. Journal of Information, Communication and Ethics in Society. (https://www.emerald.com/jices/article/17/2/246/214831/Responsible-domestic-robotics-exploring-ethical) | National Academies of Sciences, Engineering, and Medicine. 2024. Options for a National Plan for Smart Manufacturing. (https://www.nationalacademies.org/publications/27260) | National Institute of Standards and Technology. 2024. Digital Twins for Advanced Manufacturing. (https://www.nist.gov/programs-projects/digital-twins-advanced-manufacturing) | National Institute of Standards and Technology. 2024. Smart Manufacturing. (https://www.nist.gov/smart-manufacturing) | Helu, M. M., et al. 2020. Connecting, Deploying, and Using the Smart Manufacturing Systems Test Bed. NIST. (https://www.nist.gov/publications/connecting-deploying-and-using-smart-manufacturing-systems-test-bed)",Tier 1 preferred; Tier 2 supplemental,Low-Medium,"Scale-trigger language is often inferential and should be verified with TEA, deployment data, or agency roadmap sources.",Phrase scale triggers as hypotheses unless a direct source supports the causal threshold.
Technology / realistic pathway,"Universal fabrication appliances: Multi-material 3D printing, tool-changing robotics, digital part libraries, and recycling feedstock.",process-flow assumption + engineering inference,Universal fabrication appliances,Water; Catalysts; Catalysts,Coating; Drying,safety risk; supply-chain constraint; lifecycle/recycling issue; scale-up uncertainty,"3D printers are useful, but universal object fabrication needs more materials and finishing.","Direct sources for process route, materials, bottlenecks, readiness, economics, and safety/regulatory issues",Partially supported / needs cautious wording,"Baudisch, P., and Mueller, S. Personal Fabrication Research in HCI and Graphics. MIT CSAIL / HCI Engineering Group. (https://hcie.csail.mit.edu/fabpub/) | Kassab, A., et al. 2023. Advancing Plastic Recycling: Challenges and Opportunities in Distributed Recycling by Additive Manufacturing. Polymers. (https://pmc.ncbi.nlm.nih.gov/articles/PMC10575100/) | Cruz Sanchez, F. A., et al. 2020. Plastic recycling in additive manufacturing: A systematic literature review and opportunities for the circular economy. Journal of Cleaner Production. (https://www.sciencedirect.com/science/article/pii/S0959652620316498) | National Academies of Sciences, Engineering, and Medicine. 2024. Options for a National Plan for Smart Manufacturing. (https://www.nationalacademies.org/publications/27260) | National Institute of Standards and Technology. 2024. Smart Manufacturing. (https://www.nist.gov/smart-manufacturing) | Helu, M. M., et al. 2020. Connecting, Deploying, and Using the Smart Manufacturing Systems Test Bed. NIST. (https://www.nist.gov/publications/connecting-deploying-and-using-smart-manufacturing-systems-test-bed)",Tier 1 preferred; Tier 2 supplemental,Low-Medium,"Sources support adjacent mechanisms, components, or analogues, not the full system.","Frame as speculative analogue evidence. Keep Universal fabrication appliances wording qualified around economics, timelines, and performance unless claim-level evidence is added."
Technology / simplified PFD,Universal fabrication appliances is represented with the simplified PFD sequence: Digital design → Material selection → Fabrication → Finishing → Recycling.,process-flow assumption,Universal fabrication appliances,Water; Catalysts; Catalysts,Coating; Drying,safety risk; supply-chain constraint; lifecycle/recycling issue; scale-up uncertainty,"3D printers are useful, but universal object fabrication needs more materials and finishing.",Process-route sources showing actual major unit operations or system blocks,Partially supported / needs cautious wording,"Baudisch, P., and Mueller, S. Personal Fabrication Research in HCI and Graphics. MIT CSAIL / HCI Engineering Group. (https://hcie.csail.mit.edu/fabpub/) | Kassab, A., et al. 2023. Advancing Plastic Recycling: Challenges and Opportunities in Distributed Recycling by Additive Manufacturing. Polymers. (https://pmc.ncbi.nlm.nih.gov/articles/PMC10575100/) | Cruz Sanchez, F. A., et al. 2020. Plastic recycling in additive manufacturing: A systematic literature review and opportunities for the circular economy. Journal of Cleaner Production. (https://www.sciencedirect.com/science/article/pii/S0959652620316498) | National Academies of Sciences, Engineering, and Medicine. 2024. Options for a National Plan for Smart Manufacturing. (https://www.nationalacademies.org/publications/27260) | National Institute of Standards and Technology. 2024. Smart Manufacturing. (https://www.nist.gov/smart-manufacturing) | Helu, M. M., et al. 2020. Connecting, Deploying, and Using the Smart Manufacturing Systems Test Bed. NIST. (https://www.nist.gov/publications/connecting-deploying-and-using-smart-manufacturing-systems-test-bed)",Tier 1 preferred; Tier 2 supplemental,Low-Medium,Mini-PFDs are simplified; exact process routes can vary by architecture/vendor/design.,Treat the mini-PFD as a teaching abstraction unless a source directly supports the sequence.
Technology / readiness gap,"Universal fabrication appliances readiness gap: 3D printers are useful, but universal object fabrication needs more materials and finishing.",readiness/economics claim,Universal fabrication appliances,Water; Catalysts; Catalysts,Coating; Drying,safety risk; supply-chain constraint; lifecycle/recycling issue; scale-up uncertainty,"3D printers are useful, but universal object fabrication needs more materials and finishing.",TRL/MRL/IRL plus domain-specific demonstration/commercialization sources,Partially supported / needs cautious wording,"Baudisch, P., and Mueller, S. Personal Fabrication Research in HCI and Graphics. MIT CSAIL / HCI Engineering Group. (https://hcie.csail.mit.edu/fabpub/) | Kassab, A., et al. 2023. Advancing Plastic Recycling: Challenges and Opportunities in Distributed Recycling by Additive Manufacturing. Polymers. (https://pmc.ncbi.nlm.nih.gov/articles/PMC10575100/) | Cruz Sanchez, F. A., et al. 2020. Plastic recycling in additive manufacturing: A systematic literature review and opportunities for the circular economy. Journal of Cleaner Production. (https://www.sciencedirect.com/science/article/pii/S0959652620316498) | National Academies of Sciences, Engineering, and Medicine. 2024. Options for a National Plan for Smart Manufacturing. (https://www.nationalacademies.org/publications/27260) | National Institute of Standards and Technology. 2024. Smart Manufacturing. (https://www.nist.gov/smart-manufacturing) | Helu, M. M., et al. 2020. Connecting, Deploying, and Using the Smart Manufacturing Systems Test Bed. NIST. (https://www.nist.gov/publications/connecting-deploying-and-using-smart-manufacturing-systems-test-bed)",Tier 1 preferred; Tier 2 supplemental,Low-Medium,"Sources support adjacent mechanisms, components, or analogues, not the full system.","Qualify readiness gaps with the specific maturity dimension: technical, manufacturing, integration, infrastructure, safety, or economics."
Technology / scale trigger,"Universal fabrication appliances scale trigger: Appliances must make safe, precise parts from standardized materials.",readiness/economics claim + engineering inference,Universal fabrication appliances,Water; Catalysts; Catalysts,Coating; Drying,safety risk; supply-chain constraint; lifecycle/recycling issue; scale-up uncertainty,"Appliances must make safe, precise parts from standardized materials.","Techno-economic analysis, pilot data, manufacturing learning, reliability, regulatory/permitting evidence",Partially supported / needs cautious wording,"Baudisch, P., and Mueller, S. Personal Fabrication Research in HCI and Graphics. MIT CSAIL / HCI Engineering Group. (https://hcie.csail.mit.edu/fabpub/) | Kassab, A., et al. 2023. Advancing Plastic Recycling: Challenges and Opportunities in Distributed Recycling by Additive Manufacturing. Polymers. (https://pmc.ncbi.nlm.nih.gov/articles/PMC10575100/) | Cruz Sanchez, F. A., et al. 2020. Plastic recycling in additive manufacturing: A systematic literature review and opportunities for the circular economy. Journal of Cleaner Production. (https://www.sciencedirect.com/science/article/pii/S0959652620316498) | National Academies of Sciences, Engineering, and Medicine. 2024. Options for a National Plan for Smart Manufacturing. (https://www.nationalacademies.org/publications/27260) | National Institute of Standards and Technology. 2024. Smart Manufacturing. (https://www.nist.gov/smart-manufacturing) | Helu, M. M., et al. 2020. Connecting, Deploying, and Using the Smart Manufacturing Systems Test Bed. NIST. (https://www.nist.gov/publications/connecting-deploying-and-using-smart-manufacturing-systems-test-bed)",Tier 1 preferred; Tier 2 supplemental,Low-Medium,"Scale-trigger language is often inferential and should be verified with TEA, deployment data, or agency roadmap sources.",Phrase scale triggers as hypotheses unless a direct source supports the causal threshold.
Technology / realistic pathway,"Personal climate-control clothing: Phase-change materials, thermoelectrics, microfluidics, flexible batteries, and smart textiles.",process-flow assumption + engineering inference,Personal climate-control clothing,Lithium; Electrolytes; Graphite; Polymers; Electrodes; Electrolytes; Smart textiles; Flexible electronics; Polymers,Heat exchange; Coating; Curing; Filtration,energy penalty; heat management; data/control problem; scale-up uncertainty,Heated apparel exists; active cooling in soft clothing is harder.,"Direct sources for process route, materials, bottlenecks, readiness, economics, and safety/regulatory issues",Supported as starter-sourced framing,"Ren, S., et al. 2022. Personal Cooling Garments: A Review. Polymers. (https://pmc.ncbi.nlm.nih.gov/articles/PMC9785808/) | Raza, W., et al. 2025. Enhancing thermal comfort: a comprehensive review of wearable cooling systems. Next Energy. (https://www.sciencedirect.com/science/article/pii/S2949822825002801) | Huang, G., et al. 2024. Radiative cooling and indoor light management enabled by a transparent, haze-free metafilm. Nature Communications. (https://www.nature.com/articles/s41467-024-48150-2) | Recent advances in conductive materials for printed electronics. 2024. Polymer Advanced Technologies. (https://onlinelibrary.wiley.com/doi/10.1002/pat.6581) | International Energy Agency. 2025. Global Critical Minerals Outlook 2025. (https://www.iea.org/reports/global-critical-minerals-outlook-2025) | U.S. Geological Survey. 2025. Mineral Commodity Summaries 2025. (https://pubs.usgs.gov/publication/mcs2025)",Tier 1 preferred; Tier 2 supplemental,Medium,"Source set supports the process framing, but individual claims require direct verification.","Verify numbers, economics, timelines, and performance separately. Keep Personal climate-control clothing wording qualified around economics, timelines, and performance unless claim-level evidence is added."
Technology / simplified PFD,Personal climate-control clothing is represented with the simplified PFD sequence: Body/temp sensing → Thermal module response → Heat transfer → Comfort control → Recharge/reset.,process-flow assumption,Personal climate-control clothing,Lithium; Electrolytes; Graphite; Polymers; Electrodes; Electrolytes; Smart textiles; Flexible electronics; Polymers,Heat exchange; Coating; Curing; Filtration,energy penalty; heat management; data/control problem; scale-up uncertainty,Heated apparel exists; active cooling in soft clothing is harder.,Process-route sources showing actual major unit operations or system blocks,Supported as starter-sourced framing,"Ren, S., et al. 2022. Personal Cooling Garments: A Review. Polymers. (https://pmc.ncbi.nlm.nih.gov/articles/PMC9785808/) | Raza, W., et al. 2025. Enhancing thermal comfort: a comprehensive review of wearable cooling systems. Next Energy. (https://www.sciencedirect.com/science/article/pii/S2949822825002801) | Huang, G., et al. 2024. Radiative cooling and indoor light management enabled by a transparent, haze-free metafilm. Nature Communications. (https://www.nature.com/articles/s41467-024-48150-2) | Recent advances in conductive materials for printed electronics. 2024. Polymer Advanced Technologies. (https://onlinelibrary.wiley.com/doi/10.1002/pat.6581) | International Energy Agency. 2025. Global Critical Minerals Outlook 2025. (https://www.iea.org/reports/global-critical-minerals-outlook-2025) | U.S. Geological Survey. 2025. Mineral Commodity Summaries 2025. (https://pubs.usgs.gov/publication/mcs2025)",Tier 1 preferred; Tier 2 supplemental,Medium,Mini-PFDs are simplified; exact process routes can vary by architecture/vendor/design.,Treat the mini-PFD as a teaching abstraction unless a source directly supports the sequence.
Technology / readiness gap,Personal climate-control clothing readiness gap: Heated apparel exists; active cooling in soft clothing is harder.,readiness/economics claim,Personal climate-control clothing,Lithium; Electrolytes; Graphite; Polymers; Electrodes; Electrolytes; Smart textiles; Flexible electronics; Polymers,Heat exchange; Coating; Curing; Filtration,energy penalty; heat management; data/control problem; scale-up uncertainty,Heated apparel exists; active cooling in soft clothing is harder.,TRL/MRL/IRL plus domain-specific demonstration/commercialization sources,Supported as starter-sourced framing,"Ren, S., et al. 2022. Personal Cooling Garments: A Review. Polymers. (https://pmc.ncbi.nlm.nih.gov/articles/PMC9785808/) | Raza, W., et al. 2025. Enhancing thermal comfort: a comprehensive review of wearable cooling systems. Next Energy. (https://www.sciencedirect.com/science/article/pii/S2949822825002801) | Huang, G., et al. 2024. Radiative cooling and indoor light management enabled by a transparent, haze-free metafilm. Nature Communications. (https://www.nature.com/articles/s41467-024-48150-2) | Recent advances in conductive materials for printed electronics. 2024. Polymer Advanced Technologies. (https://onlinelibrary.wiley.com/doi/10.1002/pat.6581) | International Energy Agency. 2025. Global Critical Minerals Outlook 2025. (https://www.iea.org/reports/global-critical-minerals-outlook-2025) | U.S. Geological Survey. 2025. Mineral Commodity Summaries 2025. (https://pubs.usgs.gov/publication/mcs2025)",Tier 1 preferred; Tier 2 supplemental,Medium,"Source set supports the process framing, but individual claims require direct verification.","Qualify readiness gaps with the specific maturity dimension: technical, manufacturing, integration, infrastructure, safety, or economics."
Technology / scale trigger,"Personal climate-control clothing scale trigger: Thermal systems must be light, washable, quiet, and energy-efficient.",readiness/economics claim + engineering inference,Personal climate-control clothing,Lithium; Electrolytes; Graphite; Polymers; Electrodes; Electrolytes; Smart textiles; Flexible electronics; Polymers,Heat exchange; Coating; Curing; Filtration,energy penalty; heat management; data/control problem; scale-up uncertainty,"Thermal systems must be light, washable, quiet, and energy-efficient.","Techno-economic analysis, pilot data, manufacturing learning, reliability, regulatory/permitting evidence",Needs claim-level verification,"Ren, S., et al. 2022. Personal Cooling Garments: A Review. Polymers. (https://pmc.ncbi.nlm.nih.gov/articles/PMC9785808/) | Raza, W., et al. 2025. Enhancing thermal comfort: a comprehensive review of wearable cooling systems. Next Energy. (https://www.sciencedirect.com/science/article/pii/S2949822825002801) | Huang, G., et al. 2024. Radiative cooling and indoor light management enabled by a transparent, haze-free metafilm. Nature Communications. (https://www.nature.com/articles/s41467-024-48150-2) | Recent advances in conductive materials for printed electronics. 2024. Polymer Advanced Technologies. (https://onlinelibrary.wiley.com/doi/10.1002/pat.6581) | International Energy Agency. 2025. Global Critical Minerals Outlook 2025. (https://www.iea.org/reports/global-critical-minerals-outlook-2025) | U.S. Geological Survey. 2025. Mineral Commodity Summaries 2025. (https://pubs.usgs.gov/publication/mcs2025)",Tier 1 preferred; Tier 2 supplemental,Low-Medium,"Scale-trigger language is often inferential and should be verified with TEA, deployment data, or agency roadmap sources.",Phrase scale triggers as hypotheses unless a direct source supports the causal threshold.
Technology / realistic pathway,"Adaptive furniture / shape-changing rooms: Modular robotics, soft actuators, embedded rails, sensors, and control systems.",process-flow assumption + engineering inference,Adaptive furniture / shape-changing rooms,Water; Catalysts; Catalysts,,safety risk; reliability gap; maintenance burden; cost curve problem,Transforming furniture exists; autonomous whole-room reconfiguration is niche.,"Direct sources for process route, materials, bottlenecks, readiness, economics, and safety/regulatory issues",Supported as starter-sourced framing,"Goessler, T., et al. 2023. Smart Adaptive Homes and Their Potential to Improve Space Efficiency and Personalisation. Buildings. (https://www.mdpi.com/2075-5309/13/5/1132) | MIT Media Lab / Tangible Media Group. TRANSFORM: Dynamic and Adaptive Furniture. (https://virj.io/-transform-adaptive-furniture) | Hwang, D., et al. 2022. Shape morphing mechanical metamaterials through reversible plasticity. Science Robotics. (https://www.science.org/doi/10.1126/scirobotics.abg2171) | Goldstein, S. C., et al. Claytronics: A Scalable Basis for Future Robots. Carnegie Mellon University. (https://kilthub.cmu.edu/articles/journal_contribution/Claytronics_A_Scalable_Basis_For_Future_Robots/6604088) | National Academies of Sciences, Engineering, and Medicine. 2024. Options for a National Plan for Smart Manufacturing. (https://www.nationalacademies.org/publications/27260) | National Institute of Standards and Technology. 2024. Smart Manufacturing. (https://www.nist.gov/smart-manufacturing)",Tier 1 preferred; Tier 2 supplemental,Medium,"Source set supports the process framing, but individual claims require direct verification.","Verify numbers, economics, timelines, and performance separately. Keep Adaptive furniture / shape-changing rooms wording qualified around economics, timelines, and performance unless claim-level evidence is added."
Technology / simplified PFD,Adaptive furniture / shape-changing rooms is represented with the simplified PFD sequence: User input → Spatial planning → Actuator control → Furniture movement → Safety check.,process-flow assumption,Adaptive furniture / shape-changing rooms,Water; Catalysts; Catalysts,,safety risk; reliability gap; maintenance burden; cost curve problem,Transforming furniture exists; autonomous whole-room reconfiguration is niche.,Process-route sources showing actual major unit operations or system blocks,Supported as starter-sourced framing,"Goessler, T., et al. 2023. Smart Adaptive Homes and Their Potential to Improve Space Efficiency and Personalisation. Buildings. (https://www.mdpi.com/2075-5309/13/5/1132) | MIT Media Lab / Tangible Media Group. TRANSFORM: Dynamic and Adaptive Furniture. (https://virj.io/-transform-adaptive-furniture) | Hwang, D., et al. 2022. Shape morphing mechanical metamaterials through reversible plasticity. Science Robotics. (https://www.science.org/doi/10.1126/scirobotics.abg2171) | Goldstein, S. C., et al. Claytronics: A Scalable Basis for Future Robots. Carnegie Mellon University. (https://kilthub.cmu.edu/articles/journal_contribution/Claytronics_A_Scalable_Basis_For_Future_Robots/6604088) | National Academies of Sciences, Engineering, and Medicine. 2024. Options for a National Plan for Smart Manufacturing. (https://www.nationalacademies.org/publications/27260) | National Institute of Standards and Technology. 2024. Smart Manufacturing. (https://www.nist.gov/smart-manufacturing)",Tier 1 preferred; Tier 2 supplemental,Medium,Mini-PFDs are simplified; exact process routes can vary by architecture/vendor/design.,Treat the mini-PFD as a teaching abstraction unless a source directly supports the sequence.
Technology / readiness gap,Adaptive furniture / shape-changing rooms readiness gap: Transforming furniture exists; autonomous whole-room reconfiguration is niche.,readiness/economics claim,Adaptive furniture / shape-changing rooms,Water; Catalysts; Catalysts,,safety risk; reliability gap; maintenance burden; cost curve problem,Transforming furniture exists; autonomous whole-room reconfiguration is niche.,TRL/MRL/IRL plus domain-specific demonstration/commercialization sources,Supported as starter-sourced framing,"Goessler, T., et al. 2023. Smart Adaptive Homes and Their Potential to Improve Space Efficiency and Personalisation. Buildings. (https://www.mdpi.com/2075-5309/13/5/1132) | MIT Media Lab / Tangible Media Group. TRANSFORM: Dynamic and Adaptive Furniture. (https://virj.io/-transform-adaptive-furniture) | Hwang, D., et al. 2022. Shape morphing mechanical metamaterials through reversible plasticity. Science Robotics. (https://www.science.org/doi/10.1126/scirobotics.abg2171) | Goldstein, S. C., et al. Claytronics: A Scalable Basis for Future Robots. Carnegie Mellon University. (https://kilthub.cmu.edu/articles/journal_contribution/Claytronics_A_Scalable_Basis_For_Future_Robots/6604088) | National Academies of Sciences, Engineering, and Medicine. 2024. Options for a National Plan for Smart Manufacturing. (https://www.nationalacademies.org/publications/27260) | National Institute of Standards and Technology. 2024. Smart Manufacturing. (https://www.nist.gov/smart-manufacturing)",Tier 1 preferred; Tier 2 supplemental,Medium,"Source set supports the process framing, but individual claims require direct verification.","Qualify readiness gaps with the specific maturity dimension: technical, manufacturing, integration, infrastructure, safety, or economics."
Technology / scale trigger,"Adaptive furniture / shape-changing rooms scale trigger: Moving modules must be quiet, safe, durable, and worth the floor-space tradeoff.",readiness/economics claim + engineering inference,Adaptive furniture / shape-changing rooms,Water; Catalysts; Catalysts,,safety risk; reliability gap; maintenance burden; cost curve problem,"Moving modules must be quiet, safe, durable, and worth the floor-space tradeoff.","Techno-economic analysis, pilot data, manufacturing learning, reliability, regulatory/permitting evidence",Needs claim-level verification,"Goessler, T., et al. 2023. Smart Adaptive Homes and Their Potential to Improve Space Efficiency and Personalisation. Buildings. (https://www.mdpi.com/2075-5309/13/5/1132) | MIT Media Lab / Tangible Media Group. TRANSFORM: Dynamic and Adaptive Furniture. (https://virj.io/-transform-adaptive-furniture) | Hwang, D., et al. 2022. Shape morphing mechanical metamaterials through reversible plasticity. Science Robotics. (https://www.science.org/doi/10.1126/scirobotics.abg2171) | Goldstein, S. C., et al. Claytronics: A Scalable Basis for Future Robots. Carnegie Mellon University. (https://kilthub.cmu.edu/articles/journal_contribution/Claytronics_A_Scalable_Basis_For_Future_Robots/6604088) | National Academies of Sciences, Engineering, and Medicine. 2024. Options for a National Plan for Smart Manufacturing. (https://www.nationalacademies.org/publications/27260) | National Institute of Standards and Technology. 2024. Smart Manufacturing. (https://www.nist.gov/smart-manufacturing)",Tier 1 preferred; Tier 2 supplemental,Low-Medium,"Scale-trigger language is often inferential and should be verified with TEA, deployment data, or agency roadmap sources.",Phrase scale triggers as hypotheses unless a direct source supports the causal threshold.
Technology / realistic pathway,"Personal drone assistants: Lightweight batteries, perception, autonomy, noise reduction, safety cages, and regulations.",process-flow assumption + engineering inference,Personal drone assistants,Lithium; Electrolytes; Graphite; Copper; Aluminum; Electrodes; Electrolytes,,safety risk; regulatory barrier; reliability gap; maintenance burden,"Drones are capable, but indoor/public personal use faces safety and nuisance barriers.","Direct sources for process route, materials, bottlenecks, readiness, economics, and safety/regulatory issues",Supported as starter-sourced framing,"Drones in last-mile delivery: A systematic review on efficiency, accessibility, and sustainability. 2023. Transportation Research Part D. (https://www.sciencedirect.com/science/article/abs/pii/S1361920923002286) | Federal Aviation Administration. Package Delivery by Drone, Part 135. (https://www.faa.gov/uas/advanced_operations/package_delivery_drone) | Dias, P. G. F., et al. 2021. Swarm Robotics: A Perspective on the Latest Reviewed Concepts and Applications. Sensors. (https://pure.hw.ac.uk/ws/portalfiles/portal/44447821/sensors_21_02062.pdf) | Consumer Reports. 2025. Air Purifier Buying Guide. (https://www.consumerreports.org/appliances/air-purifiers/buying-guide/) | National Academies of Sciences, Engineering, and Medicine. 2024. Options for a National Plan for Smart Manufacturing. (https://www.nationalacademies.org/publications/27260) | National Institute of Standards and Technology. 2024. Smart Manufacturing. (https://www.nist.gov/smart-manufacturing)",Tier 1 preferred; Tier 2 supplemental,Medium,"Source set supports the process framing, but individual claims require direct verification.","Verify numbers, economics, timelines, and performance separately. Keep Personal drone assistants wording qualified around economics, timelines, and performance unless claim-level evidence is added."
Technology / simplified PFD,Personal drone assistants is represented with the simplified PFD sequence: User command → Flight planning → Task execution → Charging dock → Maintenance.,process-flow assumption,Personal drone assistants,Lithium; Electrolytes; Graphite; Copper; Aluminum; Electrodes; Electrolytes,,safety risk; regulatory barrier; reliability gap; maintenance burden,"Drones are capable, but indoor/public personal use faces safety and nuisance barriers.",Process-route sources showing actual major unit operations or system blocks,Supported as starter-sourced framing,"Drones in last-mile delivery: A systematic review on efficiency, accessibility, and sustainability. 2023. Transportation Research Part D. (https://www.sciencedirect.com/science/article/abs/pii/S1361920923002286) | Federal Aviation Administration. Package Delivery by Drone, Part 135. (https://www.faa.gov/uas/advanced_operations/package_delivery_drone) | Dias, P. G. F., et al. 2021. Swarm Robotics: A Perspective on the Latest Reviewed Concepts and Applications. Sensors. (https://pure.hw.ac.uk/ws/portalfiles/portal/44447821/sensors_21_02062.pdf) | Consumer Reports. 2025. Air Purifier Buying Guide. (https://www.consumerreports.org/appliances/air-purifiers/buying-guide/) | National Academies of Sciences, Engineering, and Medicine. 2024. Options for a National Plan for Smart Manufacturing. (https://www.nationalacademies.org/publications/27260) | National Institute of Standards and Technology. 2024. Smart Manufacturing. (https://www.nist.gov/smart-manufacturing)",Tier 1 preferred; Tier 2 supplemental,Medium,Mini-PFDs are simplified; exact process routes can vary by architecture/vendor/design.,Treat the mini-PFD as a teaching abstraction unless a source directly supports the sequence.
Technology / readiness gap,"Personal drone assistants readiness gap: Drones are capable, but indoor/public personal use faces safety and nuisance barriers.",readiness/economics claim,Personal drone assistants,Lithium; Electrolytes; Graphite; Copper; Aluminum; Electrodes; Electrolytes,,safety risk; regulatory barrier; reliability gap; maintenance burden,"Drones are capable, but indoor/public personal use faces safety and nuisance barriers.",TRL/MRL/IRL plus domain-specific demonstration/commercialization sources,Supported as starter-sourced framing,"Drones in last-mile delivery: A systematic review on efficiency, accessibility, and sustainability. 2023. Transportation Research Part D. (https://www.sciencedirect.com/science/article/abs/pii/S1361920923002286) | Federal Aviation Administration. Package Delivery by Drone, Part 135. (https://www.faa.gov/uas/advanced_operations/package_delivery_drone) | Dias, P. G. F., et al. 2021. Swarm Robotics: A Perspective on the Latest Reviewed Concepts and Applications. Sensors. (https://pure.hw.ac.uk/ws/portalfiles/portal/44447821/sensors_21_02062.pdf) | Consumer Reports. 2025. Air Purifier Buying Guide. (https://www.consumerreports.org/appliances/air-purifiers/buying-guide/) | National Academies of Sciences, Engineering, and Medicine. 2024. Options for a National Plan for Smart Manufacturing. (https://www.nationalacademies.org/publications/27260) | National Institute of Standards and Technology. 2024. Smart Manufacturing. (https://www.nist.gov/smart-manufacturing)",Tier 1 preferred; Tier 2 supplemental,Medium,"Source set supports the process framing, but individual claims require direct verification.","Qualify readiness gaps with the specific maturity dimension: technical, manufacturing, integration, infrastructure, safety, or economics."
Technology / scale trigger,"Personal drone assistants scale trigger: Drones must become quiet, collision-safe, and legally acceptable around people.",readiness/economics claim + engineering inference,Personal drone assistants,Lithium; Electrolytes; Graphite; Copper; Aluminum; Electrodes; Electrolytes,,safety risk; regulatory barrier; reliability gap; maintenance burden,"Drones must become quiet, collision-safe, and legally acceptable around people.","Techno-economic analysis, pilot data, manufacturing learning, reliability, regulatory/permitting evidence",Needs claim-level verification,"Drones in last-mile delivery: A systematic review on efficiency, accessibility, and sustainability. 2023. Transportation Research Part D. (https://www.sciencedirect.com/science/article/abs/pii/S1361920923002286) | Federal Aviation Administration. Package Delivery by Drone, Part 135. (https://www.faa.gov/uas/advanced_operations/package_delivery_drone) | Dias, P. G. F., et al. 2021. Swarm Robotics: A Perspective on the Latest Reviewed Concepts and Applications. Sensors. (https://pure.hw.ac.uk/ws/portalfiles/portal/44447821/sensors_21_02062.pdf) | Consumer Reports. 2025. Air Purifier Buying Guide. (https://www.consumerreports.org/appliances/air-purifiers/buying-guide/) | National Academies of Sciences, Engineering, and Medicine. 2024. Options for a National Plan for Smart Manufacturing. (https://www.nationalacademies.org/publications/27260) | National Institute of Standards and Technology. 2024. Smart Manufacturing. (https://www.nist.gov/smart-manufacturing)",Tier 1 preferred; Tier 2 supplemental,Low-Medium,"Scale-trigger language is often inferential and should be verified with TEA, deployment data, or agency roadmap sources.",Phrase scale triggers as hypotheses unless a direct source supports the causal threshold.
